# 500 50 3
-0.070845
0.735040
0.285702
0.016423
0.751950
0.816906
0.072706
0.592882
0.640277
0.157652
1.034109
0.882712
0.240667
0.814124
-0.104398
0.311929
0.912935
0.090108
0.431224
1.223638
-0.286910
0.558584
1.207317
-0.180403
0.682092
1.144180
-0.604114
0.777606
0.692847
-0.566608
0.855568
0.796482
-1.396135
0.951489
0.732650
-1.871810
1.015841
0.328127
-2.507290
1.040901
-0.141352
-2.553230
1.015675
-0.393413
-3.047142
0.993486
-0.470108
-2.814661
0.977127
-0.426436
-2.134339
0.942464
-0.589693
-2.110011
0.904188
-0.482233
-1.953653
0.877398
-0.477415
-1.940764
0.835372
-0.511871
-1.344365
0.780418
-0.708997
-0.990487
0.676968
-1.329638
-0.140102
0.558482
-0.774671
0.248407
0.487883
-0.417198
-0.238959
0.429903
-0.707876
0.049262
0.382763
-0.377729
1.155730
0.327623
-0.383113
1.237386
0.275244
-0.328395
0.521311
0.234012
-0.311514
0.586293
0.179218
-0.441400
0.308106
0.137164
-0.360321
0.185457
0.091381
-0.459757
-0.015955
0.019816
-0.903409
0.129810
-0.077078
-0.971884
1.030597
-0.197399
-1.196948
1.709490
-0.317158
-0.980239
1.958492
-0.441810
-1.114955
2.569067
-0.547975
-0.652015
2.042355
-0.638367
-0.788120
1.442221
-0.712496
-0.587008
0.965315
-0.770573
-0.416307
0.802103
-0.805400
-0.388111
-0.117354
-0.855584
-0.762758
-0.541345
-0.904975
-0.449396
-0.080086
-0.938581
-0.223534
-0.507611
-0.957751
-0.027335
0.223573
-0.976462
-0.188010
1.002411
-1.001717
-0.311550
0.578869
-1.020876
-0.056718
0.255237
-0.266739
1.334685
-1.133517
-0.130808
1.155747
-1.350492
-0.000188
1.329170
-1.386533
0.152971
1.389461
-1.526132
0.310232
1.334655
-1.633234
0.436101
0.926895
-2.192334
0.540866
0.984403
-1.158000
0.648170
0.856170
-0.882088
0.745408
0.923421
-1.346727
0.849839
0.884111
-1.788431
0.941018
0.791902
-1.504619
0.991279
-0.106290
-2.362393
0.973318
-0.196703
-1.604168
0.947541
-0.432706
-1.470478
0.920635
-0.255027
-0.661511
0.894976
-0.348333
-0.490768
0.880829
-0.026536
-1.441119
0.882392
-0.240848
-1.004634
0.850754
-0.272819
-1.216163
0.843603
-0.145572
-0.708486
0.827783
-0.412719
-0.556931
0.788304
-0.534836
-0.291503
0.720860
-0.679858
-0.045351
0.658721
-0.590491
0.147673
0.592061
-0.662611
0.486130
0.496323
-1.100597
0.955078
0.406542
-0.755982
1.155443
0.322610
-0.884790
1.330734
0.221537
-0.760702
1.417383
0.127097
-0.921844
1.114104
0.018871
-0.987492
0.361309
-0.079627
-0.913112
0.233704
-0.185905
-1.101594
0.487502
-0.293302
-0.926174
0.487226
-0.376336
-0.814223
1.136598
-0.436043
-0.377956
0.629772
-0.488592
-0.454336
0.995860
-0.526811
-0.326783
1.018738
-0.581188
-0.569369
0.433762
-0.626971
-0.298474
0.139743
-0.659784
-0.366682
1.479647
-0.701768
-0.650486
0.882179
-0.734361
-0.365262
1.224884
-0.768693
-0.302869
1.421187
-0.805276
-0.143012
1.676312
-0.820306
0.011715
1.540686
-0.825049
-0.232342
1.364826
-0.866292
-0.284196
1.683311
-0.891685
0.004983
2.139977
-0.903193
-0.173042
2.200284
0.016539
0.298736
-0.856722
0.078600
0.833965
-0.175424
0.158146
0.697636
-0.775530
0.252196
0.807085
-0.928715
0.331250
0.628985
-0.525153
0.405088
0.854421
-0.132182
0.490281
0.920214
-0.802191
0.583702
0.872688
-0.456210
0.674433
0.884149
-0.348375
0.749201
0.651253
-0.518310
0.804718
0.251179
-1.052388
0.824183
0.043328
-0.894227
0.838754
0.036584
-1.543698
0.864445
0.250090
-1.447564
0.873554
-0.138496
-1.323662
0.867339
0.011109
-1.240081
0.891294
0.362909
-0.037455
0.907839
0.060493
0.159637
0.907999
0.204956
-0.328965
0.899579
-0.339207
-0.523230
0.871942
-0.465760
-0.081016
0.812106
-0.740314
-0.241783
0.729770
-0.904079
0.172475
0.647490
-0.865776
-0.214352
0.554555
-0.874598
-0.610381
0.458347
-0.966581
-0.336275
0.358436
-1.135133
-0.689037
0.276381
-0.667715
-0.210762
0.234461
-0.481401
-0.749179
0.188039
-0.706001
-0.323777
0.122676
-0.818082
-0.478092
0.033112
-0.886789
-0.803387
-0.057488
-0.896918
-0.061725
-0.147763
-0.872619
0.151663
-0.227700
-0.663990
0.406066
-0.304384
-1.036339
1.286264
-0.427954
-1.200544
0.885616
-0.553855
-1.302565
1.651184
-0.678327
-1.132319
1.890168
-0.792893
-0.900603
1.496746
-0.867152
-0.442670
1.430645
-0.921543
-0.234780
1.887063
-0.953255
-0.018867
1.122953
-0.964259
-0.114326
1.061009
-0.993523
-0.240458
1.160611
-0.987900
0.294531
1.073989
-0.964333
0.260853
0.587791
-0.962106
-0.062380
1.329199
-0.989530
-0.189651
1.136896
-0.992666
0.201478
1.330019
-0.120563
0.890516
-0.641694
-0.027479
0.942013
-0.708676
0.085319
1.173682
0.085340
0.219537
1.315277
0.270302
0.343493
1.179443
0.620327
0.447353
0.943127
0.060285
0.537641
0.786066
-0.719840
0.604944
0.575256
-1.798499
0.655211
0.405319
-2.260898
0.712380
0.553520
-2.106634
0.778906
0.617929
-1.537505
0.839147
0.354377
-1.985231
0.874247
0.116379
-2.491828
0.884771
-0.035900
-1.763435
0.876085
-0.197927
-1.944248
0.883182
-0.038953
-0.758421
0.867465
-0.496208
-0.603630
0.835872
-0.473952
-1.002381
0.799133
-0.225888
-0.422694
0.793289
-0.001132
-0.735098
0.798154
-0.152643
-0.411651
0.781657
-0.282324
-0.346508
0.738648
-0.585485
-0.750145
0.667229
-0.731788
-1.404663
0.583151
-0.681016
-0.998119
0.523089
-0.592677
-0.872972
0.477941
-0.549812
-1.180537
0.414605
-0.807259
-1.054418
0.321461
-1.064612
-0.675223
0.233156
-0.926379
-0.500347
0.154562
-0.946970
-0.771994
0.055819
-0.958088
-0.407538
-0.056635
-1.015529
0.292941
-0.164717
-0.826276
0.678057
-0.254905
-0.838042
0.865991
-0.319632
-0.442994
0.321095
-0.357095
-0.225332
0.167443
-0.404833
-0.610659
-0.609469
-0.465343
-0.842535
0.710914
-0.537160
-0.358342
0.330608
-0.599268
-0.795745
0.322174
-0.680404
-0.778254
0.093591
-0.741473
-0.375906
-0.035423
-0.785129
-0.404172
-0.918251
-0.827535
-0.536632
-0.466185
-0.900233
-0.486997
0.064036
-0.965646
-0.670592
-0.299658
-1.027551
-0.658837
-1.198828
-1.068690
-0.482519
-2.110975
-1.112775
-0.370573
-1.985049
-0.258307
1.049171
-0.880645
-0.143733
1.080515
-1.072469
-0.048849
0.884189
-0.529193
0.065968
1.366128
-0.458629
0.211809
1.542688
-0.342568
0.373191
1.611874
-1.549442
0.532830
1.474166
-1.818823
0.681169
1.280793
-2.388349
0.802198
0.795774
-1.915183
0.877423
0.361680
-1.082215
0.914706
0.260746
-1.299436
0.918781
-0.136246
-1.085656
0.915125
-0.181087
-0.202860
0.915282
-0.041857
0.485381
0.891754
-0.298973
0.412408
0.867468
-0.236700
0.707960
0.856631
0.131722
0.978116
0.861665
0.047879
0.174534
0.860356
-0.210567
0.553450
0.820202
-0.535863
0.303999
0.758403
-0.386675
-0.067089
0.724171
-0.695948
0.528762
0.665377
-0.380125
-0.085974
0.629120
-0.414434
0.133286
0.574831
-0.622379
0.604258
0.507412
-0.717410
0.559214
0.450281
-0.217289
0.598106
0.411845
-0.545500
0.887979
0.358431
-0.463037
0.627195
0.294859
-0.653722
0.814518
0.228298
-0.577112
0.748088
0.155911
-0.812217
0.880081
0.053548
-1.201254
0.486286
-0.055361
-0.917264
0.509119
-0.161196
-1.099434
0.331578
-0.268456
-1.024642
0.528857
-0.368829
-0.996049
0.213036
-0.463051
-0.836771
0.339950
-0.554626
-0.826536
0.409090
-0.631752
-0.581228
1.266416
-0.686388
-0.318678
1.218745
-0.722906
-0.319351
1.322059
-0.764182
-0.322350
1.506222
-0.803838
-0.378271
1.268076
-0.850756
-0.435381
1.203788
-0.918099
-0.753493
2.179421
-1.019795
-0.977407
2.316828
-1.134758
-1.171057
2.078279
-1.249486
-0.835689
2.757041
-1.338418
-0.656400
3.355442
-0.112275
1.402463
-0.241445
0.037982
1.444398
-0.485074
0.181180
1.486200
-0.356760
0.300012
1.069888
-0.383839
0.417488
1.044080
-1.002174
0.505134
0.777195
-0.866722
0.579940
0.863459
-0.983227
0.661257
0.707362
-1.789358
0.749486
0.890138
-1.906569
0.836275
0.659969
-1.239599
0.887979
0.270545
-0.970705
0.909384
0.137168
-0.938573
0.926668
0.207203
-0.969301
0.937939
0.075681
-1.058081
0.936923
-0.272071
-1.196041
0.922766
-0.106822
-1.618666
0.917992
-0.095145
-0.895673
0.918846
-0.359232
-0.939008
0.886706
-0.358264
-0.961245
0.842217
-0.605026
-0.389957
0.766964
-0.863751
-0.539107
0.704884
-0.318478
0.132068
0.672350
-0.262520
-0.156906
0.657654
-0.309700
-0.302776
0.616161
-0.574884
-0.271591
0.547858
-0.666645
-0.154699
0.464156
-1.093733
-0.169137
0.344888
-1.339096
0.376447
0.241037
-0.699957
0.437557
0.157278
-0.746196
0.653065
0.053994
-1.051507
0.726569
-0.068849
-1.103265
1.573083
-0.170066
-0.890432
1.719478
-0.295727
-1.286762
1.067523
-0.425993
-1.111279
0.742639
-0.534298
-1.005369
0.634924
-0.629463
-1.026682
0.512695
-0.752197
-1.096305
0.075314
-0.849718
-0.852007
-0.047902
-0.930966
-0.713634
0.505146
-0.967031
-0.031652
0.957594
-0.981574
-0.039556
0.267282
-1.012547
-0.498442
0.459107
-1.058655
-0.378138
0.390387
-1.115519
-0.614982
1.071698
-1.190625
-0.693239
1.731348
-1.235522
0.172475
1.418461
-1.201247
0.460182
0.828719
-1.153390
0.521072
0.340844
-1.094362
0.693208
-0.337668
0.040751
1.734568
-1.075239
0.199547
1.448234
-1.052670
0.329050
0.804743
-1.097377
0.406987
0.867035
-0.818815
0.493972
0.837139
-0.166004
0.573646
0.846176
-0.175927
0.651625
0.702443
-0.119168
0.720434
0.595448
-0.191306
0.779227
0.526166
-0.418156
0.842127
0.357410
-0.285423
0.877498
0.263989
-1.155997
0.898814
0.082451
-0.530201
0.906546
0.008150
-0.508131
0.919893
0.144829
-0.934285
0.946353
0.244174
-0.793955
0.978020
0.354698
-0.620074
1.003313
0.378734
-0.587052
1.024491
0.249077
-0.537115
1.036966
-0.127356
-0.495121
1.007722
-0.449661
-0.866771
0.956262
-0.589612
-1.127659
0.892486
-0.655544
-1.852505
0.814975
-0.963106
-1.550071
0.716158
-1.030244
-0.474367
0.625285
-0.811839
-0.811839
0.543458
-0.833216
-0.238231
0.468683
-0.545186
0.447596
0.382099
-0.894615
0.602422
0.309919
-0.668649
0.336415
0.218773
-1.074702
-0.239373
0.097514
-0.805695
0.434096
-0.002909
-1.167011
-0.235578
-0.116032
-0.949741
-0.188037
-0.221715
-1.111383
-0.161355
-0.337499
-1.067023
-0.631074
-0.451157
-1.125828
-0.732915
-0.563441
-1.054211
-1.030750
-0.647947
-0.702703
-1.180854
-0.711211
-0.494009
-0.430630
-0.747257
-0.387079
-1.080913
-0.795909
-0.591717
-0.910007
-0.835926
-0.450260
-0.445987
-0.872325
-0.387059
-0.268330
-0.919900
-0.662790
0.152550
-0.984406
-0.706569
-0.111113
-1.045705
-0.633691
-0.826443
-1.095800
-0.635075
-1.065628
-1.173582
-0.966970
-1.702392
-1.268333
-1.105793
-1.672348
-1.380262
-1.177593
-1.954001
-0.016070
0.835626
0.359288
0.074782
0.933274
0.269890
0.178419
0.893934
0.321721
0.258640
0.639757
0.383540
0.337800
0.940738
-0.086440
0.447015
1.184996
-0.547027
0.548112
0.689733
-0.627315
0.642723
0.944868
-1.178886
0.746477
0.999073
-1.300745
0.844372
0.741234
-1.458612
0.907758
0.438655
-0.981926
0.955277
0.532388
-0.723891
1.016594
0.523124
-0.398664
1.041134
0.078082
-0.498322
1.042445
-0.214221
-0.735153
1.017340
-0.254088
-0.669120
0.982579
-0.444865
-1.150045
0.941233
-0.515987
-0.824293
0.892717
-0.602704
-1.469057
0.844173
-0.403167
-1.161379
0.820581
-0.408424
-1.394697
0.758519
-1.013707
-1.319558
0.673992
-0.903177
-0.893861
0.576205
-1.014548
-0.465008
0.489510
-0.635665
0.320150
0.417395
-0.800811
0.092460
0.346423
-0.484753
0.684691
0.296485
-0.293085
0.495065
0.240146
-0.713610
0.415466
0.172840
-0.557016
0.653935
0.115189
-0.402704
-0.026897
0.072255
-0.633741
-0.801903
-0.003640
-0.963537
-0.998939
-0.106750
-1.185421
-0.529520
-0.237213
-1.488084
-0.220063
-0.374610
-1.197516
-0.073265
-0.503162
-1.116303
0.133614
-0.590376
-0.748538
0.006046
-0.650823
-0.555045
0.418594
-0.697063
-0.401526
0.886849
-0.738650
-0.444745
1.068575
-0.785844
-0.479660
0.805277
-0.819765
-0.125795
0.799281
-0.857682
-0.601685
0.753902
-0.924665
-0.805725
0.632202
-1.013241
-0.842989
0.965235
-1.062613
-0.208075
1.347674
-1.093978
-0.149687
1.820488
-1.128172
-0.315067
1.750145
-1.168839
-0.050372
2.055083
-0.175199
0.989839
-0.922407
-0.072744
1.118720
-0.890447
0.051721
1.194225
-1.211110
0.172442
1.036589
-1.339529
0.284277
0.912733
-1.741254
0.388414
0.984558
-0.896758
0.491115
0.991466
-1.341176
0.591888
0.922700
-0.885922
0.697332
0.910901
-0.005854
0.797529
0.850238
-0.205921
0.840396
0.113452
-0.607141
0.868129
0.405930
-1.339787
0.914424
0.317169
-1.198631
0.941639
0.046453
-0.907126
0.922040
-0.410609
-0.444607
0.893500
-0.087368
-0.564840
0.890255
-0.068128
-0.086312
0.886088
0.039067
0.120853
0.895624
0.025945
-0.552785
0.901163
-0.157127
-1.085873
0.892827
-0.007349
-1.808631
0.889976
-0.302921
-0.496661
0.852361
-0.606227
-0.548066
0.778199
-0.859600
-1.388463
0.702033
-0.692488
-0.513703
0.627237
-0.851088
-0.520605
0.523702
-1.197226
-0.039947
0.408707
-1.202396
0.101484
0.309040
-0.857436
0.469523
0.208670
-1.024155
-0.368101
0.076097
-1.461539
-0.367380
-0.082814
-1.603337
-0.165061
-0.235260
-1.523111
-0.882320
-0.361220
-1.019885
-0.715600
-0.460594
-1.121745
-1.145258
-0.563473
-0.873557
-0.558952
-0.650919
-1.069240
-0.793680
-0.747944
-1.055750
-0.862427
-0.837083
-0.654966
-1.202896
-0.885500
-0.321901
-1.250507
-0.911903
-0.304059
-1.116656
-0.936575
-0.250359
-1.887778
-0.942367
0.028658
-1.355201
-0.918130
0.080814
-1.157323
-0.879867
0.361311
-0.881797
-0.871161
-0.063900
-0.975500
-0.903582
-0.346353
-0.658578
-0.940035
-0.556492
-0.989799
-0.985308
-0.425717
-0.847933
-1.041461
-0.871073
-0.254490
0.078836
0.979432
-0.054720
0.142718
0.515138
-0.731713
0.219891
0.875083
-0.658435
0.318869
0.938897
-1.023526
0.401459
0.784448
-0.848104
0.495668
0.993249
-0.790828
0.613909
1.111334
-0.440623
0.732388
1.097316
-0.199112
0.845431
1.073055
-0.919510
0.929643
0.584475
-1.263261
0.989444
0.448022
-0.854565
1.044846
0.639746
-1.045669
1.108111
0.314803
-0.514017
1.135333
0.031570
-0.747741
1.116162
-0.370351
-0.716726
1.088426
-0.303365
-1.211591
1.064301
-0.244286
-1.812487
1.043139
-0.386331
-1.948863
1.013039
-0.436417
-1.203123
0.959636
-0.875281
-0.731647
0.854754
-1.045710
-1.157999
0.763302
-0.874375
-0.629309
0.675237
-0.775091
-0.547099
0.590424
-0.933637
0.120933
0.516197
-0.373462
0.223995
0.480484
-0.432639
-0.088420
0.438083
-0.458771
0.115476
0.399450
-0.462412
-0.325879
0.329614
-0.714995
-0.329832
0.242983
-0.734822
-0.114355
0.152249
-0.721672
0.573448
0.065118
-0.888874
-0.415076
-0.010509
-0.476377
0.025173
-0.081468
-0.723463
-0.229289
-0.142539
-0.545892
-0.654669
-0.207280
-0.816414
-0.403977
-0.302894
-0.924084
0.032532
-0.390701
-0.968570
0.000156
-0.480603
-0.871364
-0.084868
-0.565431
-0.892995
0.099416
-0.649701
-0.869134
0.673675
-0.726736
-0.627037
0.631573
-0.798152
-0.781506
0.570380
-0.910369
-1.096216
0.870837
-1.019726
-0.934864
1.458506
-1.110264
-0.598978
1.792267
-1.148290
0.051174
2.618531
-1.126311
0.758143
2.579127
-1.048377
0.973353
2.382354
-0.934010
1.451536
2.698820
-0.000262
1.320146
-1.153247
0.129625
1.261095
-0.874989
0.260780
1.164211
-0.153727
0.368589
0.870263
-0.339446
0.439191
0.643314
-0.061630
0.509789
0.814673
0.249022
0.613287
1.030087
-0.819426
0.737387
1.257521
-0.948157
0.850099
0.993166
-0.189366
0.926859
0.414252
-0.016219
0.971060
0.324573
-0.808564
0.987172
0.145663
-1.055582
0.994981
-0.245683
-1.226579
0.976702
-0.384266
-1.553160
0.961546
-0.070192
-1.146101
0.966620
0.140500
-1.173951
0.965095
-0.176646
-1.908166
0.948935
-0.339425
-1.641092
0.912231
-0.346901
-1.019368
0.882104
-0.272819
-1.213581
0.860406
-0.457916
-1.335075
0.820746
-0.505965
-0.663371
0.757122
-0.879241
-0.397928
0.657607
-1.076100
-0.726959
0.563161
-0.986000
-0.319541
0.479641
-0.917808
-1.248865
0.374754
-1.320200
-0.594921
0.243048
-1.124561
-0.678421
0.151556
-0.663829
-1.001605
0.084053
-0.890742
-0.591475
-0.000343
-0.858833
-0.862840
-0.098688
-0.958763
-0.123808
-0.189627
-0.830364
0.273948
-0.285038
-0.769637
0.916583
-0.361193
-0.816030
0.747900
-0.453471
-0.754260
0.529848
-0.535206
-0.718731
0.210598
-0.613354
-0.779835
0.329474
-0.685966
-0.734798
0.251693
-0.763819
-0.720982
1.035742
-0.838468
-0.658653
0.592366
-0.908707
-0.743853
0.699329
-0.976577
-0.477545
0.251225
-1.016098
-0.399607
0.256132
-1.050192
-0.320735
0.549098
-1.082898
-0.077458
0.412758
-1.091552
-0.089387
0.599517
-1.102529
-0.200506
0.165318
-1.139512
-0.182200
-0.371881
-1.148410
-0.160291
-0.371573
0.098444
1.430271
-0.026761
0.223067
1.036548
-0.566984
0.303966
0.590577
-1.230337
0.366335
0.495661
-0.474163
0.418445
0.577845
0.365210
0.493684
0.840946
0.232576
0.591058
0.971769
-0.687974
0.686360
0.842580
-0.288798
0.776457
0.763891
-0.337248
0.856396
0.534053
-0.082538
0.912680
0.546442
-0.546103
0.954415
0.469918
-1.164673
1.019029
0.644102
-1.440107
1.088414
0.486100
-1.116684
1.143549
0.490185
-0.983358
1.147203
-0.305315
-0.628890
1.123423
-0.299121
-0.602899
1.095588
-0.392714
-0.888044
1.038419
-0.493151
-0.725090
0.983428
-0.679051
-0.006656
0.911626
-0.582384
-0.467775
0.825020
-1.079632
-0.960544
0.719474
-1.029789
-0.801437
0.627468
-0.928191
-0.604617
0.532217
-0.883967
-0.001290
0.474665
-0.396133
0.614073
0.419215
-0.634918
0.264393
0.357585
-0.571864
0.298347
0.291927
-0.783876
0.469609
0.215148
-0.980879
-0.506116
0.136482
-0.658181
-0.733865
0.059179
-1.156397
-0.609400
-0.069312
-1.426451
-0.146247
-0.214459
-1.264229
0.393368
-0.350007
-1.184434
0.942480
-0.456663
-0.876174
1.446332
-0.559914
-1.071289
0.804699
-0.656085
-0.615828
0.440673
-0.721266
-0.437471
0.439760
-0.772751
-0.485178
0.205340
-0.815063
-0.468090
0.121180
-0.856371
-0.162939
-0.294966
-0.876873
-0.417796
0.577042
-0.925639
-0.502468
-0.179209
-0.965966
-0.292410
-0.300767
-1.005399
-0.402670
-0.966349
-1.073205
-0.649487
-0.405119
-1.121680
-0.346307
-0.289495
-1.137327
-0.079314
0.007214
-1.140365
0.257827
0.642257
-0.148883
2.239865
-1.426588
0.057643
1.872608
-1.480780
0.235753
1.592468
-1.500212
0.401062
1.272357
-2.037285
0.511859
0.917098
-1.759682
0.602692
0.739095
-1.356452
0.672139
0.668843
-1.743839
0.760633
0.610621
-1.813093
0.833095
0.519596
-1.708147
0.881408
0.189131
-1.403478
0.905758
-0.057919
-1.488269
0.885211
-0.316043
-1.691086
0.877698
0.030511
-1.352555
0.881877
0.008934
-1.184186
0.889020
-0.081548
-1.135018
0.894715
0.039429
-0.735378
0.904196
0.060556
-0.667622
0.896130
-0.028648
-0.990820
0.900138
-0.055523
-0.635604
0.889155
-0.141319
-0.151940
0.873470
-0.202764
-0.642759
0.847255
-0.242503
0.348159
0.804130
-0.548130
-0.016266
0.760070
-0.472376
-0.201828
0.691956
-1.037245
-0.772836
0.598056
-0.947051
-0.206225
0.518789
-0.940136
-0.678641
0.413651
-1.161345
-1.041299
0.296026
-1.311320
-1.342174
0.198328
-0.926433
-1.100365
0.113287
-0.997301
-0.972403
0.012301
-0.915340
0.398583
-0.091012
-1.029510
-0.142306
-0.186422
-0.740411
-0.889273
-0.273965
-0.817823
-0.134178
-0.377514
-1.108423
-0.071748
-0.495368
-0.995321
0.520758
-0.623414
-1.196346
1.269969
-0.741764
-1.117939
1.808471
-0.842517
-0.839453
0.792729
-0.925564
-0.399962
1.164970
-0.952555
-0.145719
1.653902
-0.959183
0.154524
1.901326
-0.957771
0.024910
1.420786
-0.950781
0.413029
1.589135
-0.919626
0.430362
1.511888
-0.892239
0.121768
0.917838
-0.890414
0.128611
1.074851
-0.867575
0.362378
0.389324
-0.816665
0.657419
0.540239
-0.308988
1.772604
-0.803925
-0.122033
1.869747
-1.444894
0.061654
1.611261
-0.899424
0.239776
1.584322
-1.272470
0.366069
0.776614
-1.836786
0.481071
1.137731
-2.140291
0.591512
0.956652
-2.283557
0.691761
0.443128
-1.113412
0.737558
0.377975
-0.581103
0.770343
0.286604
-0.138606
0.811205
0.309290
-0.691817
0.856707
0.507626
-0.997154
0.918540
0.419378
-0.736429
0.965336
0.263594
-0.969689
0.980417
0.078636
-0.778826
0.988487
-0.138029
-1.306974
0.959681
-0.369493
-1.053656
0.908745
-0.463723
-0.616494
0.856142
-0.459189
-0.464379
0.797382
-0.423899
-0.095019
0.757107
-0.550963
-0.985135
0.712525
-0.555788
-0.566149
0.660434
-0.443231
-0.124868
0.601541
-0.645635
-0.165189
0.513005
-1.084389
0.253681
0.412060
-0.778548
-0.002822
0.322966
-0.731363
-0.661526
0.245507
-0.955449
-0.478393
0.156818
-0.959673
-0.411993
0.075139
-0.741696
-0.438236
0.015685
-0.487458
-0.459825
-0.047799
-0.732387
-0.319557
-0.090048
-0.316128
-0.418918
-0.121542
-0.242883
-0.530725
-0.156833
-0.505525
-0.281592
-0.205339
-0.505984
-0.379836
-0.276085
-0.874534
-0.124148
-0.374025
-1.078615
-0.865438
-0.478370
-1.156588
0.261472
-0.588183
-1.009742
0.973922
-0.687754
-0.790363
1.287443
-0.770093
-0.568515
1.150633
-0.829438
-0.545432
0.133951
-0.881529
-0.481200
-0.078813
-0.926590
-0.365030
-0.268789
-0.956530
-0.161474
-0.209166
-0.969666
-0.281565
-0.847318
-1.005345
-0.269251
-0.803768
-1.029239
-0.164148
-0.966973
-1.027479
-0.074428
-1.732118
0.073347
0.364557
-0.320010
0.123165
0.560140
0.229026
0.190041
0.732909
0.172119
0.271704
0.922822
0.899781
0.365868
0.987149
-0.099639
0.447294
0.654036
-0.442106
0.542325
1.267725
-1.866206
0.675949
1.390540
-1.527287
0.800214
0.930618
-1.873377
0.898859
0.665009
-1.818057
0.965129
0.297858
-1.665063
1.010479
0.419565
-1.525746
1.051764
0.154934
-1.393497
1.064546
0.004537
-0.657482
1.039754
-0.452685
-1.497036
1.015400
-0.160338
-1.035619
1.010992
-0.361134
-0.332859
0.984295
-0.217925
-0.085714
0.949722
-0.560349
-0.400116
0.903651
-0.370398
-0.465810
0.864803
-0.560395
-0.817415
0.816370
-0.509910
-0.987530
0.768993
-0.360220
-0.452608
0.706588
-0.817491
-0.154953
0.606659
-1.056997
-0.326643
0.493497
-1.217292
-0.315477
0.378709
-1.073823
-0.695877
0.268985
-1.159681
-1.337777
0.156923
-1.125615
-1.386019
0.059546
-1.087645
-2.319210
-0.033406
-0.946651
-2.097529
-0.111392
-0.631878
-2.007468
-0.148004
-0.623637
-2.120224
-0.194307
-0.799510
-2.243290
-0.296464
-1.067303
-1.575017
-0.382653
-1.133157
-1.062112
-0.485612
-0.974906
-1.378672
-0.565537
-1.040545
-1.982073
-0.642772
-0.670683
-1.887020
-0.715958
-0.910865
-1.615088
-0.801930
-0.638305
-1.820499
-0.839345
-0.348629
-2.522478
-0.852181
-0.423189
-3.102847
-0.886217
-0.316238
-2.167537
-0.939774
-0.778077
-2.281684
-1.019895
-0.998129
-2.150033
-1.097087
-0.893431
-2.901128
-1.175201
-0.861583
-3.107173
-1.246181
-0.746613
-3.319061
-1.326381
-1.210203
-3.865801
0.074081
1.339672
-0.509988
0.217839
1.230586
-1.324116
0.347451
1.158532
-1.298770
0.452388
0.715183
-1.064923
0.542385
0.812886
-0.360668
0.616033
0.894708
-0.340877
0.710558
0.740639
-0.892776
0.784284
0.632434
-0.489741
0.878322
1.011660
0.308213
0.975165
0.996467
0.387331
1.043442
0.434062
0.007229
1.079643
0.184094
-0.008614
1.078432
-0.220545
0.324818
1.058597
-0.193908
0.356866
1.035016
-0.135223
0.387242
1.014287
-0.079431
0.641719
1.009826
0.004987
0.733852
0.993015
-0.244391
0.043686
0.961728
-0.337413
-0.073940
0.929043
-0.416258
-0.347105
0.872997
-0.551908
-0.932635
0.796698
-1.053515
-1.449918
0.695591
-0.959315
-0.575529
0.619724
-0.900329
-0.619400
0.541345
-0.889619
-0.394118
0.476348
-0.527203
-0.231548
0.409443
-0.624647
0.580046
0.354204
-0.419363
0.924899
0.308620
-0.400694
0.733348
0.245431
-0.576988
0.872199
0.182487
-0.629908
0.130189
0.107161
-0.865651
0.012332
0.002120
-1.068326
0.456462
-0.094881
-0.944830
0.406467
-0.183299
-0.956236
0.234017
-0.286043
-0.938048
0.293882
-0.390733
-0.897044
0.491320
-0.478455
-0.888570
0.340962
-0.560377
-0.776696
0.673797
-0.640788
-0.862439
1.060628
-0.718708
-0.549019
0.640694
-0.759491
-0.375141
0.882884
-0.825070
-0.960361
-0.105584
-0.900960
-0.628610
-0.225504
-0.975821
-0.634916
-1.005253
-1.051850
-0.990311
-0.290810
-1.131068
-0.591629
-0.580228
-1.195702
-0.642811
-0.250447
-1.249395
-0.327723
0.227545
-1.241086
0.008960
0.443043
-0.130747
1.625090
-1.156072
0.030997
1.395091
-0.893142
0.162558
1.071478
-1.190488
0.289785
1.352280
-1.121034
0.418031
1.262575
-1.211475
0.547853
1.092392
-1.478187
0.643261
0.843528
-1.452603
0.737106
0.649674
-1.086248
0.785185
0.424579
-0.940647
0.826908
0.270218
-0.673938
0.843647
0.168842
-0.561635
0.896828
0.565501
-0.786553
0.949987
0.574398
-2.107596
1.000801
0.132290
-1.852395
1.010701
-0.090078
-1.877798
0.998353
-0.236814
-1.419022
0.971352
-0.477801
-1.715828
0.941260
-0.410570
-2.292676
0.895171
-0.572486
-1.756288
0.859767
-0.408112
-1.517925
0.821482
-0.363506
-0.620940
0.783009
-0.484004
-0.893126
0.748055
-0.601293
-0.693512
0.685967
-0.564670
-0.380344
0.633107
-0.541454
0.078605
0.563699
-0.897856
-0.218319
0.489371
-0.623701
-0.484444
0.407901
-0.997588
-0.704379
0.269733
-1.708574
-0.462851
0.101193
-1.586281
0.505056
-0.050884
-1.186754
-0.079284
-0.155451
-1.026276
-1.035952
-0.250653
-0.704332
-0.297701
-0.319156
-0.706251
0.480086
-0.388380
-0.491688
0.513550
-0.448637
-0.613946
0.643007
-0.532446
-0.905476
0.094259
-0.628507
-0.947666
0.270877
-0.693494
-0.509870
-0.072765
-0.738327
-0.341761
0.181124
-0.762191
-0.241763
0.591850
-0.788003
-0.488625
0.382878
-0.859030
-0.568167
0.641168
-0.914061
-0.304971
0.509169
-0.958324
-0.460412
0.290052
-1.026859
-0.724455
0.554264
-1.091628
-0.598473
0.846884
-1.139577
-0.172998
0.377168
-1.150793
0.055391
0.209116
-1.144415
0.076741
0.518340
0.000960
0.753587
-0.728265
0.092351
0.852542
-1.093551
0.203803
1.372034
-0.760803
0.325192
1.029084
-1.344671
0.435581
1.146175
-1.198458
0.527946
0.900052
-0.709431
0.625186
0.583621
-0.906072
0.679446
0.365371
-0.938457
0.706753
0.231268
-0.854958
0.736319
0.323477
-0.783075
0.775294
0.349774
-0.595233
0.822788
0.369566
-0.890138
0.867475
0.418187
-0.247504
0.898565
0.271113
-0.452823
0.918762
0.229167
-0.847466
0.951758
0.356865
-0.683428
0.985782
0.210442
-1.021052
1.014318
0.344694
-0.940663
1.025827
-0.096336
-1.695935
1.005376
-0.249116
-1.234825
0.976022
-0.478336
-0.633438
0.932423
-0.596926
-0.693395
0.861106
-0.725403
-0.261622
0.803700
-0.483086
-0.037786
0.741272
-0.540145
0.116085
0.663926
-0.920160
0.707965
0.565640
-1.192822
0.106712
0.425126
-1.712001
0.050731
0.267741
-1.522242
0.275337
0.117665
-1.366876
0.106218
0.012366
-0.698695
-0.137498
-0.071896
-0.905016
-0.362236
-0.154432
-0.760102
-0.112516
-0.241693
-0.820017
-0.164784
-0.326520
-0.907428
0.216895
-0.416815
-0.819844
0.672291
-0.510893
-0.910343
0.230359
-0.570306
-0.361306
0.512270
-0.608234
-0.374712
0.045538
-0.654300
-0.398377
-0.478395
-0.687773
-0.313938
-0.492293
-0.739371
-0.473867
0.374886
-0.794597
-0.606864
0.308062
-0.860469
-0.547293
0.076417
-0.907515
-0.354312
0.298593
-0.943309
-0.294362
-0.190337
-0.995825
-0.483407
-0.239153
-1.075043
-0.902795
0.024665
-1.186393
-1.336030
-0.598037
-1.319288
-1.544276
-0.296159
-0.243170
1.660607
-1.291398
-0.062530
1.523728
-1.286545
0.081906
1.353364
-1.084320
0.233801
1.567466
-0.829562
0.399328
1.635454
-1.140742
0.560256
1.358747
-0.317174
0.697126
1.081635
0.122227
0.802329
0.818828
0.157884
0.867813
0.487995
-0.758841
0.908386
0.311284
-0.973265
0.938392
0.343989
-1.486867
0.974643
0.221008
-2.041477
0.999731
0.209906
-2.537414
1.019770
-0.189264
-2.606185
1.002534
-0.263713
-2.047336
0.959060
-0.541059
-1.727809
0.921589
-0.378323
-1.269519
0.882752
-0.358776
-0.866059
0.839816
-0.488234
-1.134085
0.813137
-0.142749
-0.869123
0.791310
-0.146364
0.089271
0.778541
-0.122932
0.724128
0.739074
-0.310288
0.370134
0.685014
-0.684441
-0.217660
0.634472
-0.582074
-0.514274
0.568747
-0.875063
-0.469664
0.475336
-1.145009
-0.410506
0.373228
-1.009453
-0.646669
0.273301
-1.190542
0.321850
0.154222
-1.186960
0.686372
0.057090
-0.913053
0.772224
-0.027225
-0.686285
0.957658
-0.108592
-0.705271
0.487233
-0.204874
-1.122366
-0.043864
-0.289917
-0.690545
0.043291
-0.361668
-0.731344
0.603643
-0.445659
-0.588795
0.460588
-0.512610
-0.493157
-0.516873
-0.568377
-0.709845
-0.649566
-0.651314
-0.882936
-0.171007
-0.735080
-0.846346
-0.680041
-0.799281
-0.690020
-0.256943
-0.875632
-0.785524
-0.291505
-0.963439
-0.938701
0.235578
-1.047327
-0.771420
0.667969
-1.140346
-1.056078
0.802003
-1.236244
-0.732979
0.596898
-1.319721
-0.850553
0.562973
-1.384937
-0.511430
1.237632
-1.408757
0.028644
1.487194
-0.143169
0.999506
0.673164
-0.028385
1.432758
0.188626
0.112105
1.178211
0.387082
0.232681
1.166132
0.196460
0.346029
0.970165
0.059058
0.451701
0.911241
-0.671985
0.558453
0.887907
-0.436887
0.641057
0.703655
-0.060596
0.711559
0.797992
0.007203
0.784425
0.452717
0.311793
0.811680
0.023941
0.148101
0.816132
0.166615
0.102767
0.834658
0.252617
0.062797
0.851238
-0.120128
0.134753
0.862545
0.082614
-0.474229
0.895117
0.268521
-0.862812
0.912778
0.138927
-0.092069
0.926422
0.092595
-0.362838
0.922625
-0.375619
-0.100798
0.896083
-0.200902
-0.628458
0.864335
-0.549199
-0.732737
0.806268
-0.679898
-0.938618
0.730795
-0.832129
-1.459727
0.649346
-0.703181
-1.384070
0.549163
-1.312429
-1.764837
0.440431
-1.151594
-1.061406
0.310944
-1.231892
-0.543499
0.219699
-0.786083
-0.409529
0.147997
-0.656438
-0.795856
0.096164
-0.376512
-0.848406
0.060967
-0.592221
-1.810071
-0.007100
-0.694790
-1.870249
-0.081906
-0.949745
-1.614800
-0.170516
-0.898417
-1.207915
-0.256075
-0.801988
-0.286032
-0.333028
-0.667933
0.728313
-0.426910
-0.873819
0.075674
-0.514260
-0.819871
-0.006991
-0.583123
-0.536332
0.219287
-0.642066
-0.722492
0.055830
-0.707743
-0.596286
0.735213
-0.796794
-0.985221
0.390315
-0.876074
-0.543381
0.406282
-0.918882
-0.398053
-0.098121
-0.957481
-0.239784
-0.420001
-0.993373
-0.248323
-0.095833
-0.997081
0.108870
-0.111875
-1.003458
-0.335803
-0.416924
-1.013451
-0.036287
-0.050297
-1.013679
0.023362
0.088533
-0.122911
1.495825
-0.401919
0.023726
1.192369
-0.707262
0.153842
1.232591
-1.149653
0.265525
1.092305
-1.393888
0.393207
1.149346
-0.901990
0.510484
0.808613
-1.069746
0.597761
0.936164
-0.590808
0.683134
0.727772
-1.342330
0.765783
0.649162
-1.195390
0.829396
0.536507
-1.577282
0.889671
0.620134
-1.723008
0.940319
0.349314
-2.119776
0.981681
0.119879
-1.935507
1.003736
0.091757
-1.558002
1.011700
-0.258334
-1.330109
0.996836
-0.190649
-0.896365
0.962944
-0.548588
0.065562
0.917685
-0.419650
-0.499751
0.876602
-0.460475
-1.046745
0.835590
-0.378989
-1.151918
0.788908
-0.494438
-1.218606
0.742712
-0.621582
-0.652134
0.677965
-0.535371
-0.475365
0.618268
-0.628174
-0.396745
0.554696
-0.687742
-0.128925
0.484813
-0.670689
0.695489
0.411201
-0.705989
0.919227
0.349345
-0.591040
1.116250
0.261983
-0.959446
0.750034
0.154610
-0.930663
0.887698
0.060466
-0.795695
1.322288
-0.017476
-0.575496
0.697503
-0.088942
-0.591846
0.395249
-0.153185
-0.761251
0.461532
-0.248035
-1.087445
1.060365
-0.368452
-0.971694
1.549098
-0.462804
-0.488566
1.206135
-0.518677
-0.617142
1.349287
-0.581180
-0.583208
1.254837
-0.654435
-0.644982
1.169695
-0.697926
-0.266364
1.293075
-0.747017
-0.484637
1.347814
-0.797004
-0.571384
1.482598
-0.855405
-0.485021
1.391078
-0.903578
-0.432979
1.740568
-0.945539
-0.347759
2.472843
-0.966190
-0.018809
2.780216
-0.964159
0.397487
2.586298
-0.921878
0.638533
2.421474
-0.861326
0.739325
2.551449
-0.101497
0.608537
-0.587684
-0.026359
0.857816
-0.489285
0.059587
0.780868
-0.701193
0.161637
1.238039
-1.512612
0.294086
1.088755
-1.022048
0.406356
0.868534
-0.881631
0.499913
0.859017
-1.112626
0.596871
0.949455
-1.095603
0.699770
0.907912
-0.586820
0.783719
0.681310
-0.371784
0.855427
0.413351
-0.654382
0.884264
0.044414
-0.955313
0.905230
0.191675
-0.831958
0.937604
0.220949
-1.104057
0.970005
0.145624
-1.158917
0.998440
0.321352
-1.185936
1.021394
0.024530
-0.471721
1.011699
-0.147586
-0.717755
0.979089
-0.526404
-1.273651
0.922713
-0.691855
-0.168602
0.847749
-0.832258
-0.294087
0.783892
-0.586969
0.120946
0.711350
-0.807132
0.784846
0.629968
-0.792965
0.723898
0.529550
-1.163326
-0.399158
0.435033
-0.990777
0.487880
0.345039
-0.665424
0.652118
0.279430
-0.448214
0.785523
0.239630
-0.400198
0.319650
0.175310
-0.760910
1.010418
0.099994
-0.716576
0.504143
0.016367
-0.876997
0.796003
-0.069245
-0.746848
0.661258
-0.139483
-0.624392
0.246923
-0.198622
-0.479511
-0.282891
-0.249108
-0.518369
-1.205890
-0.316307
-0.975329
-1.229954
-0.421456
-1.154274
-1.135423
-0.527606
-1.347366
-1.585443
-0.637161
-0.915622
-1.075362
-0.726789
-0.791552
-0.984213
-0.793560
-0.551623
-0.824165
-0.826399
-0.229637
-0.561270
-0.873713
-0.684638
-1.216620
-0.927069
-0.602362
-0.887701
-0.973896
-0.696002
-1.099232
-1.029448
-0.714308
-0.395793
-1.100431
-0.610601
-0.057769
-1.178729
-0.888486
0.119538
-1.273109
-0.864836
0.195341
-0.047029
1.208562
-0.286367
0.079050
1.110025
-0.098602
0.181828
1.144171
-0.497816
0.309808
1.274473
-1.428621
0.427385
0.871324
-1.141062
0.514941
0.624614
-1.450002
0.590771
0.627503
-1.491990
0.670879
0.754928
-1.216460
0.762626
1.027122
-0.995001
0.865772
0.828210
-0.990346
0.941547
0.520436
-1.111576
0.982104
0.491254
-0.893693
1.033860
0.388294
-0.667313
1.062145
0.145210
-0.455589
1.075220
0.230747
0.312469
1.089598
0.213375
0.330315
1.093672
-0.091860
0.586993
1.070258
-0.279360
0.513219
1.036862
-0.404857
0.322887
0.980552
-0.599121
0.384028
0.914414
-0.548128
0.359308
0.830222
-0.963505
0.575080
0.734759
-0.778891
0.809691
0.652032
-0.738487
0.458261
0.576900
-0.479673
-0.093714
0.522723
-0.449933
-0.980846
0.463459
-0.627684
-1.134817
0.385459
-0.878996
-0.474878
0.309358
-0.681730
-1.241589
0.219358
-1.224039
-1.222494
0.114750
-0.907612
-1.245067
0.021304
-1.237667
-1.277599
-0.101916
-1.219974
-1.873275
-0.218226
-1.152978
-1.412380
-0.321440
-1.030463
-0.467561
-0.429006
-1.164586
-0.150723
-0.539279
-1.056284
-0.038970
-0.638358
-0.871527
0.619421
-0.717557
-0.703612
-0.088453
-0.810618
-0.956815
-0.405258
-0.875906
-0.428838
0.173598
-0.919725
-0.389209
0.663319
-0.972111
-0.524003
-0.039649
-1.019723
-0.377920
0.610142
-1.039755
-0.088659
0.771836
-1.045787
-0.091428
0.922106
-1.052628
-0.218080
0.186787
-1.068178
0.006652
-0.125259
-1.061731
0.140948
-0.034435
-1.054907
0.125683
0.425601
0.091343
1.351953
-0.707291
0.208635
0.842933
-0.456543
0.301110
0.971676
0.065015
0.406808
0.991611
-1.205436
0.498265
0.699597
-0.904340
0.583364
0.781413
-0.658367
0.675459
0.689792
-0.835003
0.720441
0.100780
-1.066732
0.766724
0.663940
-0.759364
0.837889
0.512776
-0.745005
0.887134
0.411525
-0.879944
0.922446
0.214202
-0.698015
0.940451
-0.052634
-0.096062
0.932641
-0.078173
-0.468834
0.947275
0.314178
-0.767256
0.961877
-0.181799
-1.252811
0.950221
-0.006244
-1.334029
0.953722
-0.000605
-1.043234
0.955298
-0.063885
-0.930834
0.937972
-0.303468
-0.787480
0.934824
0.003871
-1.068278
0.935743
-0.226369
-0.932388
0.906684
-0.520581
-0.617311
0.838375
-0.667818
-0.416546
0.746538
-1.144680
-0.075216
0.635176
-0.980779
0.302962
0.524154
-1.308427
0.191379
0.382760
-1.366498
0.236425
0.249630
-1.217246
0.428683
0.147017
-1.044797
0.834584
0.045826
-0.761297
1.054820
-0.038838
-0.863544
0.131259
-0.117241
-0.790570
0.160919
-0.207531
-0.658710
0.139496
-0.277686
-0.512108
-0.481178
-0.344565
-0.791386
0.129750
-0.432973
-0.999863
0.150056
-0.519340
-0.653356
1.247409
-0.601615
-0.619508
0.941501
-0.669576
-0.672035
0.798027
-0.746450
-0.476658
0.661852
-0.804714
-0.706141
0.349997
-0.857233
-0.434549
0.355023
-0.901518
-0.306332
0.147775
-0.914290
-0.083800
0.663472
-0.938855
-0.179870
0.695934
-0.937792
0.111133
0.537032
-0.926961
0.200143
0.562083
-0.897795
0.290753
0.698836
-0.870708
0.410046
1.018959
0.032428
0.761668
0.335554
0.116908
0.879301
0.267527
0.210132
0.874985
0.793931
0.285569
0.912046
-0.713958
0.394007
1.148723
-1.176859
0.522864
1.243899
-0.874211
0.648402
1.343645
-1.365501
0.792795
1.290257
-1.835740
0.893765
0.668420
-1.424803
0.945971
0.216455
-1.310609
0.967822
0.101167
-0.976646
0.973679
0.053986
-0.997706
0.971403
-0.037537
-0.769920
0.996307
0.186119
-0.788505
1.019216
0.065159
-0.356628
1.015518
-0.115421
-0.716110
0.993792
-0.271239
-1.073646
0.966261
-0.352602
-0.474462
0.939414
-0.455187
-0.344234
0.888000
-0.335738
-0.479388
0.851179
-0.340285
-0.541267
0.809719
-0.654684
-0.797436
0.748030
-0.602711
-0.878223
0.667900
-0.791753
-0.962224
0.593532
-0.834725
-0.691685
0.517001
-0.860754
-1.307439
0.445387
-0.591736
-1.249203
0.386472
-0.707392
-0.901639
0.302036
-0.918697
-0.797654
0.220433
-0.674041
-0.731726
0.133119
-1.148784
-0.597733
0.015936
-1.219920
0.208325
-0.101655
-1.149107
0.397637
-0.209563
-1.014862
0.464058
-0.310141
-0.908602
0.947044
-0.407518
-1.033246
0.683707
-0.513762
-0.855094
-0.100279
-0.603212
-0.832441
0.257460
-0.697640
-0.941966
0.218316
-0.774218
-0.849475
0.379694
-0.849108
-0.561473
0.456871
-0.911150
-0.578481
1.303906
-0.954425
-0.301721
1.651186
-0.986330
-0.125088
1.099689
-0.981600
0.295947
0.759233
-0.959448
0.002702
1.295213
-0.979695
-0.056923
1.113095
-0.971064
0.138083
0.854078
-0.950628
0.333172
0.849959
-0.931845
0.271787
0.934584
0.075549
0.883947
-0.586633
0.149890
0.711771
-0.118444
0.215154
0.792141
0.841547
0.314256
1.021002
1.117364
0.398094
0.974333
1.043343
0.495837
1.097379
0.217363
0.580043
0.778101
-0.488285
0.656470
0.884099
-0.867712
0.760374
0.943562
-0.452164
0.830471
0.545342
-0.697831
0.887552
0.266557
-0.652670
0.907038
0.055333
-0.605074
0.906411
0.127899
-0.464252
0.931814
0.262595
-1.020553
0.946311
0.018970
-0.457266
0.962439
0.027445
-0.708734
0.954480
-0.243803
-0.346259
0.934697
-0.170325
-0.461567
0.897799
-0.385496
-0.796044
0.871582
-0.429470
-0.926085
0.832000
-0.520961
-1.327319
0.791411
-0.555776
-1.368057
0.739431
-0.605432
-1.790244
0.652916
-1.182857
-2.678385
0.541078
-1.262124
-2.383245
0.432681
-1.124207
-1.767728
0.324752
-1.264268
-1.302243
0.231915
-0.826025
-1.102434
0.161877
-0.624433
-1.061737
0.095551
-0.956414
-0.885374
-0.010034
-1.020476
-0.984042
-0.090739
-0.782361
-0.514275
-0.152257
-0.770839
-1.001015
-0.230611
-0.933017
-0.990742
-0.307507
-0.711002
-1.209721
-0.401587
-1.120704
-0.819427
-0.495594
-0.897282
-0.699016
-0.592818
-0.704902
-0.614062
-0.669153
-0.751044
0.259472
-0.725542
-0.539967
0.200583
-0.779373
-0.623690
0.445436
-0.851470
-0.878323
0.215167
-0.935600
-0.650553
0.428735
-0.969626
-0.225038
-0.133501
-0.984508
-0.134604
-0.642636
-1.020653
-0.495590
-0.311273
-1.058403
-0.355817
-0.303797
-1.109988
-0.520999
0.084639
-1.190244
-0.669822
-0.228630
-1.280844
-1.004556
0.543796
-0.228745
1.710013
-0.819439
-0.038981
1.975568
-0.874147
0.168485
1.881156
-1.549516
0.342285
1.385670
-1.710076
0.464847
0.833108
-1.209466
0.540596
0.496388
-0.492149
0.596834
0.647539
-0.718241
0.676318
1.028956
-0.225821
0.777625
0.888061
-0.719046
0.867955
0.912673
-0.296809
0.942970
0.560375
-0.659757
0.978965
0.236219
-1.144372
1.000666
-0.202256
-1.100604
0.966381
-0.273709
-1.077274
0.948979
-0.261739
-0.889200
0.938366
-0.159186
-0.620223
0.917782
-0.288493
-1.008007
0.915817
-0.052758
-0.418251
0.897231
-0.355040
-0.932803
0.854121
-0.343386
-0.733849
0.831034
-0.246850
-0.987712
0.792965
-0.401111
-0.776349
0.752288
-0.528787
-1.231038
0.694159
-0.792994
-1.343566
0.609786
-0.872953
-1.520717
0.515549
-1.001418
-1.908737
0.402384
-1.255884
-0.930806
0.286861
-1.118198
-1.002681
0.191313
-1.155443
-0.999207
0.091387
-0.777255
-1.137711
0.022673
-0.860766
-1.564036
-0.044311
-0.802932
-1.389617
-0.119804
-0.961393
-0.994558
-0.204966
-0.869414
-0.224174
-0.296175
-0.930810
-0.050969
-0.385533
-0.966746
0.015401
-0.467333
-0.777072
-0.262998
-0.548418
-0.909256
-0.213622
-0.629211
-0.971697
-0.173086
-0.722148
-0.913749
0.057656
-0.806570
-0.554206
-0.054012
-0.859442
-0.673837
-0.351082
-0.904138
-0.386004
0.076411
-0.947368
-0.457451
0.008096
-0.984383
-0.184270
0.703803
-0.981172
0.307662
0.845651
-0.965020
0.128349
1.422986
-0.955826
0.123663
2.275484
-0.930520
0.370869
2.446478
-0.863399
1.068706
2.866290
0.181545
0.486438
0.607891
0.233404
0.396415
0.401717
0.275016
0.555509
0.706995
0.322370
0.465019
0.940105
0.371092
0.661519
0.961894
0.447289
0.695162
0.437141
0.524913
0.827568
0.442765
0.605476
0.704269
0.504074
0.677429
0.678613
0.743300
0.746932
0.969168
0.726498
0.836332
0.687789
0.742574
0.875284
0.051356
0.043247
0.872791
-0.121789
0.704294
0.854620
-0.106831
0.065929
0.846942
-0.186288
-0.010790
0.820894
-0.260313
0.519261
0.791875
-0.366854
0.933143
0.773555
-0.091980
0.983537
0.760861
-0.132565
-0.398291
0.738789
-0.189681
-0.573436
0.720624
-0.113894
-1.048599
0.718894
-0.134134
-0.968190
0.677287
-0.714680
-0.226255
0.623951
-0.273910
-0.741903
0.607607
-0.215660
-0.861018
0.562611
-0.755622
-0.836979
0.481264
-0.967902
-0.926264
0.405164
-0.727267
-0.499328
0.336543
-0.850096
-0.235686
0.243471
-0.985746
-0.242186
0.120959
-1.214340
0.665664
0.007049
-0.911581
0.598003
-0.084724
-0.927801
0.338657
-0.181373
-0.855465
0.586869
-0.262361
-0.618373
-0.059071
-0.345005
-1.033655
-0.438654
-0.435774
-0.924570
-0.074908
-0.522735
-0.911106
0.336611
-0.609265
-0.774058
0.475163
-0.682130
-0.514581
0.918503
-0.739618
-0.484150
1.004910
-0.806811
-0.520287
-0.120068
-0.850208
-0.354501
-0.226212
-0.874024
-0.378298
-0.069046
-0.915788
-0.437576
-0.039033
-0.960833
-0.581740
-0.002530
-0.996496
-0.190971
-0.365379
-1.007975
-0.064885
-0.126308
-1.033952
-0.285350
0.128727
-1.066633
-0.275894
-1.005048
-0.123745
1.312211
-1.886395
0.014177
1.155384
-1.221736
0.132759
1.120368
-0.933198
0.238760
0.939970
-1.299827
0.361519
1.204568
-1.061857
0.480592
1.102609
-1.197056
0.560311
0.806631
-1.422460
0.656832
0.786388
-1.557321
0.723525
0.590049
-1.468809
0.791480
0.398948
-1.634542
0.857417
0.559464
-1.947031
0.911096
0.512789
-1.710452
0.964937
0.581517
-1.918246
0.999238
-0.033498
-1.828680
1.008218
0.093835
-1.919452
1.030404
0.293496
-1.828322
1.051493
-0.184680
-1.585651
1.020878
-0.605868
-1.733742
0.947327
-0.898981
-1.733482
0.859147
-0.996822
-0.922244
0.804730
-0.500195
-0.719024
0.759541
-0.455919
-0.542899
0.709890
-0.460132
-0.618221
0.677239
-0.279261
-0.479691
0.644983
-0.461436
-0.624471
0.588128
-0.818782
-0.235006
0.508259
-0.736762
-0.062415
0.432051
-0.707855
0.429190
0.361345
-0.619522
0.356584
0.288797
-0.705738
-0.542735
0.195967
-1.024742
-0.630809
0.085202
-1.357460
-0.177429
-0.033590
-1.237609
-0.447301
-0.132200
-0.917348
-1.263113
-0.235713
-1.151005
-1.439310
-0.338578
-1.096546
-0.784285
-0.431995
-0.923963
-0.426037
-0.522441
-0.868185
-0.499730
-0.604332
-0.822899
-0.254542
-0.698289
-1.131758
0.599868
-0.807588
-0.870270
1.017642
-0.883164
-0.434640
0.806196
-0.939380
-0.476313
1.334216
-0.985846
-0.282759
0.980025
-1.026923
-0.322460
0.864257
-1.046654
0.063912
0.222887
-1.028528
0.139034
-0.185109
-1.021211
-0.127122
-0.684425
-1.048740
-0.144614
-0.760716
-1.051350
-0.162858
-0.366547
-0.259751
2.044950
-1.083998
-0.076383
1.687357
-1.256433
0.100423
1.697233
-1.561375
0.252733
1.320124
-1.341762
0.376704
1.073335
-0.936865
0.475513
0.887832
-1.144668
0.552739
0.585418
-1.746987
0.627841
0.695484
-1.145208
0.694080
0.455064
-0.706495
0.763033
0.761682
-0.678012
0.841742
0.471117
-0.414751
0.873499
0.459533
-0.564229
0.893271
0.026468
-0.689646
0.895545
-0.121963
-1.374234
0.868834
-0.364848
-1.254161
0.844329
-0.108401
-1.799244
0.859535
0.164067
-1.642540
0.880832
0.039027
-1.099329
0.892485
0.100039
-0.891445
0.888810
-0.382150
-0.750443
0.850871
-0.474874
-1.175758
0.798075
-0.550398
-1.368644
0.758151
-0.666125
-1.145123
0.705271
-0.570770
-1.252447
0.632437
-0.897309
-0.509060
0.539485
-0.994471
0.127259
0.422962
-1.252983
0.183185
0.327973
-0.905314
0.090366
0.223093
-1.183093
0.348141
0.102593
-1.168924
1.228898
0.009471
-0.499140
1.138005
-0.053921
-0.701700
1.873132
-0.139745
-0.680220
1.639435
-0.217020
-0.759613
1.107256
-0.281837
-0.544773
0.518753
-0.338063
-0.484378
-0.012758
-0.387579
-0.592545
-0.604491
-0.475685
-0.974703
-0.921389
-0.556729
-0.785342
-0.832489
-0.645756
-0.981031
-1.075129
-0.754635
-1.038220
-1.331794
-0.839799
-0.794790
-1.011982
-0.901756
-0.360554
-1.034579
-0.923153
-0.234556
-0.671382
-0.935178
-0.127757
-0.815045
-0.938325
0.085733
-1.260913
-0.910604
0.206251
-1.097751
-0.919334
-0.406991
-1.060246
-0.959178
-0.378955
-0.796478
-0.987255
-0.270247
-0.632964
-0.129129
1.169144
0.756217
-0.024396
1.113022
0.727262
0.078163
1.042293
0.366580
0.195658
1.217004
0.157368
0.334032
1.411568
-0.335564
0.473395
1.109057
-0.093263
0.555388
0.762819
-0.615744
0.656784
0.907694
-0.558608
0.743286
0.671796
-0.877230
0.801800
0.275338
0.134945
0.828380
0.193205
-0.130703
0.850752
0.240546
-0.008804
0.858324
0.196230
0.248215
0.888130
0.482985
0.005134
0.927654
0.359738
-0.089881
0.951673
0.395692
-0.034042
0.995375
0.447306
-0.366250
1.026278
0.171240
-0.410623
1.027606
-0.154689
-0.304592
1.011345
-0.227109
-0.572247
0.971894
-0.562204
-0.914414
0.896393
-0.790779
-1.001144
0.817808
-0.828062
-0.947270
0.739832
-0.688210
-1.810640
0.665634
-0.825113
-1.426859
0.586220
-0.714035
-2.015466
0.517373
-0.752167
-2.314538
0.432390
-1.005779
-1.481147
0.323486
-1.317330
-1.460659
0.183346
-1.395143
-1.002651
0.038075
-1.422774
-0.510511
-0.099955
-1.289263
-1.038153
-0.198430
-0.689581
-1.081426
-0.278504
-1.145981
-1.526167
-0.382816
-1.043874
-0.008897
-0.492028
-1.222145
0.964979
-0.579594
-0.530783
1.134393
-0.628663
-0.354314
1.585452
-0.684104
-0.365041
2.176468
-0.732363
-0.252359
1.783214
-0.756557
-0.176718
1.332388
-0.792190
-0.240211
1.174843
-0.838464
-0.522695
0.594116
-0.912925
-0.668229
0.278152
-0.985980
-0.789569
1.188162
-1.061641
-0.586548
1.652675
-1.131884
-0.677129
1.889333
-1.200780
-0.361221
1.608013
-1.247725
-0.420917
1.596248
-1.287745
-0.257335
1.437171
-0.268651
1.570160
0.647802
-0.118053
1.642977
0.794324
0.057142
1.738685
0.600086
0.202491
1.429095
0.588011
0.346036
1.426835
1.208119
0.501204
1.494174
1.491500
0.621636
0.862999
1.420745
0.676511
0.471354
1.182708
0.723094
0.616196
0.946525
0.765640
0.564364
0.833037
0.800864
0.332267
0.405031
0.846077
0.358976
-0.208594
0.875926
-0.005084
-0.496997
0.888149
0.043096
-0.550406
0.890715
-0.101672
0.056702
0.900133
0.178475
-0.077583
0.923489
0.397530
0.308340
0.961692
0.403827
-0.011861
0.972579
-0.179959
0.068774
0.935584
-0.648222
-0.551709
0.861965
-0.755136
-0.126187
0.804962
-0.563348
0.643791
0.726326
-0.610935
1.091898
0.652610
-0.722357
0.957432
0.572000
-0.874786
0.581614
0.480155
-0.926424
0.452727
0.381895
-0.936489
0.609399
0.281980
-1.111499
0.632756
0.171309
-1.056346
1.005613
0.074242
-0.592834
1.905174
0.012298
-0.351513
1.626867
-0.041707
-0.562155
0.983623
-0.113836
-0.746101
0.119898
-0.199831
-0.864492
-0.034893
-0.273737
-0.811335
0.063195
-0.355164
-0.782410
-0.039079
-0.429076
-0.687528
0.665219
-0.512574
-0.900956
0.714754
-0.613424
-1.264603
0.756811
-0.749686
-1.160777
1.019518
-0.862956
-0.728908
1.056727
-0.930496
-0.481603
0.684917
-0.972104
-0.258415
1.054710
-0.976061
0.069064
0.878292
-0.992628
-0.138926
0.936230
-1.006771
-0.098715
1.327889
-1.010436
0.230782
1.382140
-1.007548
-0.230047
0.846100
-1.032765
-0.228129
1.075318
-1.047382
0.145300
0.864857
-0.284792
1.840144
-1.798379
-0.097992
1.509079
-1.747171
0.039897
1.047614
-0.760055
0.144602
0.967050
-1.409740
0.254480
1.001488
-1.521138
0.355637
0.869948
-1.737021
0.454691
0.933158
-1.284035
0.563344
1.098450
-1.430256
0.672637
0.791508
-1.861493
0.764932
0.748279
-1.257525
0.838327
0.556356
-1.248082
0.899353
0.486653
-1.489847
0.957263
0.532748
-1.229067
1.007593
0.269781
-1.228162
1.034597
0.044608
-1.777374
1.032502
-0.382535
-1.117439
1.014915
-0.318092
-0.473462
0.987125
-0.176568
-1.414836
0.951683
-0.509858
-1.817404
0.915585
-0.525434
-2.011468
0.868769
-0.506000
-1.874660
0.801522
-0.849771
-1.454879
0.717602
-0.838214
-0.888835
0.656131
-0.485315
-1.299432
0.599267
-0.711149
-1.150860
0.532435
-0.652379
-0.895267
0.460518
-0.643890
-0.935574
0.377109
-1.014781
-1.100764
0.273880
-1.221527
-0.715081
0.151624
-1.548030
-0.914415
0.011722
-1.313484
0.035230
-0.119855
-1.208593
-0.271993
-0.228590
-1.157101
-0.343304
-0.332137
-1.028802
-0.407480
-0.425194
-0.849041
-0.405831
-0.517398
-0.959386
0.280839
-0.592069
-0.453133
0.444133
-0.651096
-0.551655
0.257125
-0.704459
-0.446406
0.723109
-0.793018
-0.753929
0.747387
-0.864651
-0.804550
0.380552
-0.941356
-0.744170
0.245627
-0.998520
-0.449120
0.116893
-1.032481
-0.337276
-0.318992
-1.080499
-0.441898
-0.024974
-1.119628
-0.231390
-0.333323
-1.146802
-0.192105
-0.208845
-1.149481
0.098156
-0.432729
-1.118871
0.249505
-0.821287
-1.077324
0.482511
-1.489931
-0.366591
1.780699
-2.177327
-0.157622
2.062997
-1.951972
0.056773
1.928359
-1.864027
0.258015
1.832026
-1.829552
0.440504
1.533202
-2.054004
0.577189
0.960621
-1.601572
0.691345
1.002826
-1.014825
0.767992
0.622940
-0.948201
0.833946
0.731846
-1.555192
0.899352
0.340501
-0.984963
0.933030
0.177501
-1.131883
0.945998
0.073284
-0.499768
0.964419
0.083505
-0.720144
0.994230
0.131313
-0.787994
0.987999
-0.265586
-0.758769
0.946205
-0.345533
-0.577749
0.911000
-0.370383
-0.549209
0.883869
-0.165503
-1.419501
0.868627
-0.569944
-1.069991
0.805078
-0.664644
-1.134181
0.750542
-0.669290
-1.792936
0.677058
-0.956392
-1.393021
0.625663
-0.506155
-0.844872
0.555879
-0.967922
-1.118692
0.473568
-0.749132
-1.365779
0.413665
-0.575813
-1.464979
0.347173
-0.697832
-1.298452
0.270083
-0.703260
-0.802546
0.205457
-0.675499
-0.288858
0.145349
-0.719897
-0.402083
0.060746
-0.822494
-0.530132
-0.025045
-0.751097
-0.075592
-0.083601
-0.539341
-0.457102
-0.143843
-0.783249
-0.128862
-0.208364
-0.570570
-1.111756
-0.275927
-0.872571
-0.510099
-0.373824
-0.896794
0.005657
-0.483844
-1.045677
0.413483
-0.592635
-0.787346
-0.264248
-0.660972
-0.574288
-0.385588
-0.734984
-0.853151
-0.127683
-0.817342
-0.679019
-0.401126
-0.907355
-0.954363
-0.778651
-1.001092
-0.738546
-0.211208
-1.058920
-0.472666
-1.261596
-1.111845
-0.603953
-1.688826
-1.169378
-0.637930
-2.119856
-1.216162
-0.486304
-2.396865
-1.274156
-0.846757
-2.659407
-1.362772
-1.261334
-3.360602
-0.057787
1.134389
-0.369668
0.063662
1.225483
-0.473952
0.181967
1.053482
-1.279896
0.281724
0.893558
-1.303972
0.373010
0.931769
-0.927587
0.471688
0.854520
-1.622425
0.558319
0.520114
-1.477686
0.624803
0.658427
-1.262885
0.713303
0.534021
-1.362706
0.762980
0.396648
-1.286877
0.831135
0.805843
-1.351581
0.921417
0.576157
-1.492251
1.001035
0.512915
-1.954866
1.064836
0.542962
-1.543454
1.120819
0.280795
-1.519525
1.141236
0.082636
-2.180429
1.145705
-0.185188
-1.926322
1.108092
-0.660439
-1.082320
1.031312
-0.976769
-1.214658
0.952259
-0.821030
-0.801253
0.884159
-0.646379
-1.147763
0.852730
-0.354060
-1.152370
0.802426
-0.761845
-1.028970
0.728321
-0.927020
-0.477323
0.621442
-0.982698
-0.352819
0.543925
-0.576531
-0.711120
0.488401
-0.497133
-0.903064
0.428133
-0.884595
-0.948394
0.309810
-1.470946
-1.098303
0.168584
-1.476638
-0.430871
0.050080
-1.016069
-0.888528
-0.051717
-1.295651
-0.724171
-0.159656
-1.076707
-0.548980
-0.259671
-1.103535
-1.248453
-0.354231
-0.997644
-0.807934
-0.436839
-1.007900
-0.020485
-0.552182
-1.455519
-0.347521
-0.674967
-0.974361
0.379567
-0.748975
-0.633516
-0.274134
-0.820699
-0.694244
-0.730910
-0.879772
-0.510563
-0.216231
-0.891016
-0.009050
0.417484
-0.882335
0.070920
-0.456029
-0.890779
-0.080953
-0.255892
-0.889778
-0.167701
-0.224500
-0.924442
-0.418504
-0.723827
-0.961166
-0.426866
0.030885
-1.014526
-0.525835
-0.568763
-1.067671
-0.553195
-0.168766
-1.130188
-0.548853
0.733782
-0.088634
1.055150
-1.772628
0.042524
1.176622
-1.690765
0.168857
1.152640
-0.447985
0.277293
1.026596
-0.700334
0.373058
0.873000
-0.718060
0.447823
0.881841
-0.946812
0.532273
0.810801
-0.625213
0.606823
0.718190
-0.743324
0.696049
0.870963
-0.689564
0.788440
0.775003
-1.025109
0.853186
0.372637
-0.330536
0.892310
0.359857
-0.015121
0.907051
-0.033813
-0.071081
0.911493
0.288486
0.126975
0.930792
0.125744
-0.095468
0.956036
0.152895
-0.666674
0.961508
-0.009855
-0.441621
0.959661
-0.023514
-0.854777
0.960133
-0.159206
-0.526036
0.945825
-0.001468
-0.408285
0.925821
-0.485512
-1.198830
0.887711
-0.524211
-1.656390
0.823830
-0.729932
-1.700213
0.769694
-0.638204
-1.687424
0.695085
-0.961753
-1.585921
0.603995
-1.111954
-1.484074
0.514687
-0.945427
-1.485072
0.403154
-1.294168
-0.685219
0.279315
-1.109097
0.299860
0.177381
-0.874315
-0.224011
0.074051
-1.108118
0.200155
-0.022750
-0.842179
-0.552942
-0.087902
-0.517253
-0.646117
-0.117930
-0.453975
-0.440344
-0.191314
-1.019563
-0.893824
-0.280550
-0.869397
-0.464036
-0.360776
-0.657796
-1.243567
-0.426577
-0.803832
-0.939492
-0.502982
-0.994222
0.196774
-0.592781
-0.860654
0.343119
-0.670940
-0.757390
0.285981
-0.744628
-0.594303
0.808706
-0.823879
-0.955233
0.503909
-0.890968
-0.601215
0.346018
-0.939185
-0.373446
-0.078663
-0.971208
-0.256087
0.144044
-0.975034
-0.051118
0.071024
-0.986876
-0.266894
-0.018447
-1.012415
-0.380485
0.218248
-1.048374
-0.233474
-0.515866
-0.034031
1.234566
-0.702786
0.070164
1.002229
0.043301
0.143093
0.665026
0.326543
0.212517
0.777070
0.272659
0.295097
1.018051
0.243932
0.392634
0.798451
0.200833
0.497550
1.332594
-0.212208
0.631622
1.100946
-1.107981
0.740338
0.762146
-0.832033
0.802943
0.260931
-0.770022
0.819750
-0.073525
-0.347585
0.821518
0.019444
-0.015661
0.835672
0.251643
0.330713
0.876690
0.546931
-0.500561
0.924629
0.152054
-0.536498
0.936240
-0.158473
-0.797765
0.927931
-0.047078
-1.189630
0.928845
-0.102044
-0.704337
0.923626
-0.151866
-1.387214
0.915176
-0.127613
-1.369633
0.889908
-0.624548
-1.210094
0.836460
-0.601327
-1.355378
0.773838
-0.837021
-1.251105
0.687005
-0.952718
-1.563336
0.592399
-1.063795
-0.640871
0.486983
-0.866330
-0.297504
0.398776
-0.748682
0.108092
0.339354
-0.526223
1.050782
0.248410
-1.091657
0.519924
0.123042
-1.240029
0.065812
0.002737
-1.142873
0.692926
-0.114096
-1.103896
1.181785
-0.217601
-0.873385
0.746722
-0.328254
-1.097931
0.101910
-0.428535
-0.832894
0.894417
-0.509782
-0.627662
0.770161
-0.565213
-0.341992
-0.048343
-0.615189
-0.395544
-0.767300
-0.648350
-0.468862
-0.643217
-0.710174
-0.759367
-0.135564
-0.790192
-0.762431
-0.054799
-0.848245
-0.452587
-0.328650
-0.893992
-0.621747
-0.106580
-0.970389
-0.844740
0.291687
-1.050173
-0.600688
0.602162
-1.123142
-0.698455
0.358384
-1.196083
-0.841221
-0.241825
-1.284620
-0.775960
-0.302458
-1.353873
-0.723156
-0.509945
-1.414037
-0.746316
-0.792540
0.031389
0.632188
-0.983706
0.103653
0.601555
-1.291499
0.170284
0.549518
-1.108658
0.259885
0.745577
-0.585569
0.322505
0.794529
-0.728866
0.402055
0.811897
-0.390273
0.494658
0.934305
-0.241063
0.603883
1.068124
-0.404640
0.701797
1.042438
-0.845132
0.827170
1.038867
-0.948378
0.913130
0.725849
-1.279313
0.988583
0.617910
-0.548558
1.035458
0.252564
-0.910756
1.037063
-0.094908
-0.687131
1.057088
0.058259
0.051023
1.059755
0.121750
-0.546097
1.055859
-0.276038
-0.375245
1.036277
-0.293809
-0.190514
1.014572
-0.222088
-0.450989
0.981091
-0.384677
-0.419371
0.949260
-0.349180
0.161496
0.914625
-0.322479
-0.065510
0.866811
-0.636515
-0.700649
0.782137
-0.818557
0.040052
0.708399
-0.656599
0.311138
0.631690
-0.809174
0.137403
0.527333
-1.227515
0.162374
0.395875
-1.176677
0.037644
0.292006
-1.057939
0.375785
0.199769
-0.698584
1.038263
0.126624
-0.435153
0.984084
0.061452
-0.622721
1.370317
-0.024269
-0.813097
2.182291
-0.131067
-0.993885
1.803811
-0.223384
-0.448911
1.313164
-0.288078
-0.470550
0.807239
-0.361400
-0.849218
1.088651
-0.437009
-0.452593
0.529434
-0.487834
-0.542780
0.987916
-0.572670
-0.883072
0.217106
-0.671481
-1.083682
0.783493
-0.766858
-0.802893
0.789251
-0.844238
-0.860598
0.960044
-0.943214
-0.864626
1.643233
-1.006653
-0.254750
2.258443
-1.034043
0.055022
2.284214
-1.025753
0.275723
1.796233
-0.997609
0.312314
1.473447
-0.991130
0.234022
1.233407
-0.973027
0.405772
1.629141
0.124940
0.568104
-0.473174
0.176056
0.651292
-0.633804
0.265782
0.953080
-1.101303
0.385497
1.109546
-0.779730
0.483551
0.718786
-1.115581
0.566539
0.836595
-0.633367
0.658050
0.747422
-0.968789
0.721353
0.421159
-0.848293
0.774949
0.448558
-0.795238
0.821895
0.316334
-1.052439
0.854589
0.158139
-1.188461
0.863065
-0.133399
-0.519274
0.862950
0.004625
-0.089043
0.881943
0.380254
-0.232079
0.916183
0.189951
-0.832285
0.927371
-0.103704
-1.165185
0.927479
-0.003300
-0.486752
0.937215
0.149413
-0.343381
0.946244
0.035990
-0.383464
0.935500
-0.318604
-0.878284
0.917275
-0.325508
-1.135559
0.885239
-0.451335
-1.399957
0.829214
-0.802502
-0.758696
0.749194
-0.742498
-0.766792
0.669302
-0.684138
-1.158369
0.594078
-0.795903
-0.780393
0.498042
-1.156688
-0.342031
0.394502
-1.040875
-0.085423
0.281949
-1.184519
-0.359948
0.159799
-1.005428
-0.591148
0.065282
-0.963291
-0.581153
-0.038408
-1.259806
-0.712143
-0.167488
-1.329563
-1.287291
-0.285171
-1.052431
-1.327205
-0.383787
-0.917343
-0.930646
-0.480048
-1.146181
-0.710697
-0.589093
-0.950948
-0.936123
-0.662094
-0.607053
-0.830890
-0.704184
-0.218927
-0.888134
-0.720104
-0.018415
-0.749171
-0.728583
-0.185787
-0.877085
-0.744659
-0.255663
-1.340459
-0.754897
-0.026531
-1.597134
-0.756257
-0.187152
-1.867235
-0.783342
-0.498443
-1.651220
-0.824221
-0.401712
-1.498697
-0.856250
-0.394534
-2.025205
-0.880680
-0.275358
-2.189558
-0.905783
-0.590434
-1.944755
-0.956630
-0.683466
-1.948938
-0.037350
1.317900
-1.291671
0.079826
1.061563
-0.294346
0.184711
0.997784
-0.291392
0.292862
0.977071
0.164886
0.381396
0.737247
0.260021
0.466328
0.855536
0.643164
0.540851
0.595885
0.353418
0.606004
0.785507
0.914642
0.690163
0.948481
0.809403
0.773703
0.942098
0.216200
0.863723
0.863187
-0.017762
0.935570
0.406604
0.164678
0.966569
0.125804
0.387179
0.992659
0.314728
0.065987
0.995398
-0.213399
0.138234
0.970069
-0.324821
0.181523
0.953678
-0.143889
0.630947
0.910567
-0.623893
0.060668
0.870435
-0.150141
1.054699
0.840603
-0.202027
0.510735
0.804428
-0.347952
0.577279
0.781421
-0.122924
0.190912
0.750915
-0.439807
-0.456844
0.703760
-0.603833
-0.057172
0.638134
-0.566551
-0.448266
0.583501
-0.488588
-0.831032
0.522100
-0.695503
-1.445256
0.461798
-0.605580
-0.917151
0.392776
-0.944915
-1.040577
0.298833
-1.066711
-0.538760
0.180023
-1.247466
-0.870124
0.053270
-1.553690
-0.429377
-0.094475
-1.200321
-1.113038
-0.209285
-1.195178
-0.966604
-0.292927
-0.910389
-0.468953
-0.376973
-0.853665
-0.496735
-0.434612
-0.521678
-0.429846
-0.506886
-0.730336
-1.057283
-0.579530
-0.769070
-0.402970
-0.650980
-0.776957
-0.475749
-0.727935
-0.688397
0.305060
-0.803562
-0.751780
0.568764
-0.884726
-0.750495
-0.148202
-0.963342
-0.901711
-0.108796
-1.035860
-0.718419
-1.079562
-1.092185
-0.773122
-0.720046
-1.165941
-0.745158
-0.394175
-1.249077
-1.004825
-0.457846
-1.354227
-1.076551
-0.413224
-1.476269
-1.161644
0.316039
-0.150108
1.314808
-2.332681
-0.018790
0.943031
-1.820459
0.102388
1.073371
-1.587721
0.234331
1.193869
-1.842515
0.368001
1.290868
-1.590082
0.497314
1.230912
-1.718284
0.635021
1.278207
-1.601281
0.756942
1.052881
-0.831895
0.846250
0.662310
-0.612777
0.929282
0.845027
-0.119120
0.996850
0.682446
0.201801
1.032810
0.025882
-0.088987
1.045932
0.132872
-0.000658
1.046918
-0.089735
-0.174323
1.041651
-0.068748
-0.161461
1.017377
-0.357110
-0.250958
0.994232
-0.341901
-0.311853
0.973590
-0.167416
0.123030
0.937206
-0.488216
-0.051995
0.872736
-0.577343
0.177852
0.838317
-0.483934
-0.336130
0.788552
-0.751943
-0.388437
0.719567
-0.716156
-0.337613
0.657134
-0.556793
-0.808091
0.595135
-0.562840
-0.664043
0.554113
-0.303978
-0.782286
0.513386
-0.388639
-2.068283
0.486982
-0.531340
-1.384276
0.418966
-0.895471
-1.533266
0.311055
-1.398996
-0.662649
0.165328
-1.452139
0.019304
0.032079
-1.257511
0.449679
-0.103495
-1.442684
1.195390
-0.257437
-1.410145
1.072679
-0.392937
-1.209982
0.659679
-0.504081
-0.970696
0.244481
-0.601785
-0.955665
-0.122702
-0.687642
-0.500595
-0.030602
-0.738548
-0.303794
0.103904
-0.791595
-0.589620
0.193495
-0.845092
-0.367392
-0.420799
-0.876864
-0.493153
0.141974
-0.929666
-0.512938
1.036508
-0.973396
-0.287383
1.171406
-0.994092
-0.171687
1.691774
-1.016679
-0.244318
0.178083
-1.037317
-0.124569
0.187100
-1.051948
-0.215079
0.639186
-1.057222
0.053733
0.841866
-1.034160
0.591895
0.850134
-0.317291
1.466450
-0.545690
-0.148744
1.704943
-0.766850
-0.000812
1.211835
-1.275164
0.125232
1.119561
-0.446963
0.228769
1.144386
-0.487317
0.346867
1.123085
-0.699779
0.478861
1.452623
-0.348343
0.632201
1.629388
-0.005736
0.780849
1.158020
-0.337736
0.864192
0.420838
-1.149737
0.911757
0.218012
-0.595771
0.937076
0.253291
-1.207047
0.965065
0.119177
-0.814163
0.984826
0.105134
-0.912684
0.992076
-0.143941
-0.428010
0.957403
-0.583748
-0.443590
0.881762
-0.753460
0.123311
0.827284
-0.456898
-0.045106
0.776563
-0.458198
-0.353056
0.739393
-0.290772
-0.490916
0.737441
-0.164415
-1.478926
0.715160
-0.610413
-1.548423
0.661881
-0.894745
-1.754728
0.598289
-0.736717
-1.589484
0.512425
-0.883948
-1.520828
0.450559
-0.508960
-1.664521
0.401092
-0.633820
-1.292339
0.352248
-0.439335
-1.027038
0.317450
-0.396280
-0.498548
0.249185
-1.076407
-0.475384
0.147849
-0.864130
-0.871963
0.079354
-0.672125
-1.374622
-0.002819
-0.938617
-0.222784
-0.116720
-1.160372
0.057048
-0.222505
-1.100704
-0.635876
-0.352094
-1.293779
-0.809488
-0.481553
-1.187606
-0.633460
-0.586337
-0.979076
-0.481692
-0.676256
-0.900279
-0.592070
-0.770619
-1.123535
-0.717827
-0.865738
-0.791133
-0.184625
-0.941004
-0.559561
0.294731
-0.975655
-0.046153
-0.057959
-0.989429
-0.256133
-0.362411
-1.017614
-0.398896
0.250208
-1.068859
-0.681015
0.397647
-1.131304
-0.435675
-0.182092
-1.170710
-0.259216
-0.489089
-1.201084
-0.410857
-0.079200
-1.251025
-0.562153
-1.025787
0.031639
0.882635
-0.879771
0.122357
0.877645
-0.839085
0.195478
0.541767
-1.220385
0.259054
0.377480
-1.260598
0.314028
0.673076
-0.981940
0.358281
0.301598
-0.725748
0.439792
1.016059
-1.285700
0.555561
1.123955
-1.635429
0.661615
0.760686
-2.179333
0.767369
0.963588
-2.166504
0.837034
0.368973
-1.521154
0.875965
0.331368
-2.078002
0.923197
0.352849
-1.197709
0.965419
0.262341
-1.736355
0.968025
-0.223073
-1.568393
0.947656
-0.135513
-1.157588
0.957536
0.190230
-0.320075
0.975465
0.057525
-0.992228
0.969282
-0.185968
-1.252805
0.948612
-0.274440
-1.713111
0.915985
-0.370814
-1.587839
0.875934
-0.673024
-1.304183
0.805724
-0.863186
-1.225377
0.734638
-0.708111
-1.632346
0.663737
-0.916647
-1.163041
0.562185
-1.103462
-1.402101
0.457353
-1.112141
-0.272459
0.351865
-0.794851
0.065126
0.272462
-0.932079
-0.204500
0.164195
-1.034821
0.031125
0.050784
-1.217944
0.325746
-0.068207
-1.217421
-0.255852
-0.186161
-1.128433
-0.514337
-0.286674
-0.949028
-0.035360
-0.361107
-0.675935
0.892501
-0.430287
-0.691350
0.449194
-0.503173
-0.475700
0.034819
-0.542724
-0.014362
0.589221
-0.561906
-0.346984
0.449868
-0.608092
-0.454525
0.821038
-0.665581
-0.645351
0.761608
-0.735409
-0.644522
1.049727
-0.821018
-0.600354
1.787150
-0.873011
-0.358210
1.082529
-0.912238
-0.305762
1.611867
-0.956516
-0.327844
1.370350
-0.977262
0.060872
1.527672
-0.979160
0.014121
1.359965
-0.989963
0.145267
1.262611
-1.001230
-0.111035
1.229726
-0.037292
1.809708
-0.822157
0.128324
1.567247
-1.042695
0.259896
1.014036
-1.338618
0.360007
0.791496
-0.741783
0.440556
0.846832
-1.146223
0.526771
0.598664
-0.543088
0.602299
0.781382
-0.023605
0.685940
0.773064
-0.196171
0.770996
0.774803
0.376888
0.837439
0.609927
0.006774
0.877060
0.364091
0.059367
0.941207
0.785007
-0.142388
1.002119
0.416285
0.048650
1.037510
0.001495
0.181897
1.057843
0.296312
-0.021000
1.088761
0.329684
0.128798
1.112353
0.003090
-0.672077
1.109327
-0.007386
-1.100590
1.093690
-0.308272
-1.303038
1.037753
-0.817221
-1.429145
0.956873
-0.993593
-2.172992
0.864932
-1.239305
-2.427598
0.759186
-1.228668
-2.081219
0.646372
-1.122678
-1.666865
0.535408
-1.065660
-1.414844
0.441091
-0.883867
-0.498598
0.369495
-0.613058
-0.583962
0.301747
-0.925187
-0.830736
0.215962
-0.861972
-0.404621
0.136582
-0.925301
-0.284364
0.054933
-0.839281
-0.034481
-0.025062
-0.844753
-0.047789
-0.124796
-0.968319
0.215980
-0.220501
-0.927875
0.204869
-0.318227
-0.702508
0.373084
-0.390594
-0.618454
0.764885
-0.450926
-0.671477
0.869060
-0.531065
-0.827435
0.935069
-0.617646
-0.873976
0.294473
-0.707736
-0.839937
-0.389281
-0.797555
-0.912120
0.202582
-0.880046
-0.955683
0.296559
-0.969832
-0.707559
0.424299
-1.026764
-0.103584
0.336162
-1.050371
-0.288895
1.007035
-1.074025
-0.021179
1.169313
-1.059809
0.258997
0.481269
-1.042188
0.199955
0.143777
-1.042860
-0.211462
0.732748
-1.057283
0.118455
1.299972
0.042120
0.946972
-1.311128
0.132493
0.803480
0.161603
0.228950
1.026459
0.151170
0.345395
1.009501
0.782416
0.425501
0.747231
1.447206
0.475292
0.625759
1.176334
0.532972
0.895472
1.062643
0.618440
0.703801
1.226318
0.671006
0.460596
1.090236
0.721337
0.609429
1.041454
0.779322
0.838301
0.828884
0.844789
0.533446
0.085135
0.879195
0.221164
0.261172
0.881663
-0.024944
-0.131178
0.851865
-0.368729
-0.350525
0.840766
-0.047903
-1.268752
0.834411
-0.044796
-1.061608
0.844384
0.123419
-1.256783
0.857312
-0.057930
-0.959976
0.835823
-0.620079
-1.318325
0.764056
-0.611443
-1.404392
0.685533
-0.818763
-0.465118
0.620220
-0.681882
-0.180289
0.571193
-0.588267
-0.602707
0.521045
-0.751027
-0.608552
0.442390
-1.056902
-0.249628
0.343055
-1.004069
-0.114668
0.228888
-1.013072
0.407339
0.120428
-1.043959
0.340986
0.025417
-0.797934
0.383960
-0.038068
-0.460719
1.039669
-0.084430
-0.429954
1.441652
-0.124198
-0.221403
1.032730
-0.154867
-0.290472
0.671155
-0.192971
-0.543984
0.417435
-0.264456
-0.591221
0.256893
-0.328547
-0.639692
1.335810
-0.417016
-1.021688
0.145319
-0.511814
-0.915627
-0.009668
-0.592060
-0.585479
-0.194845
-0.649666
-0.688079
-0.140466
-0.696376
-0.351524
-0.259526
-0.749191
-0.591131
0.358392
-0.774177
-0.139800
0.630467
-0.780150
-0.068318
0.371725
-0.804001
-0.054608
-0.133695
-0.800479
-0.092807
-0.277113
-0.829589
-0.678190
-0.337822
-0.895130
-0.696455
0.123451
-0.974323
-0.616685
0.003390
-0.211193
1.231856
-1.441987
-0.085339
1.058248
-1.654808
0.036226
1.305324
-2.346016
0.192917
1.359225
-2.506114
0.339712
1.227289
-2.504213
0.472400
1.002950
-2.602598
0.570262
0.647428
-2.095384
0.661903
0.740873
-1.750213
0.746726
0.714908
-1.703506
0.815406
0.454273
-2.347891
0.862162
0.129638
-1.723402
0.876171
0.120180
-1.700611
0.892012
-0.030871
-1.828606
0.909954
-0.059035
-1.346859
0.915868
0.165334
-0.670945
0.921247
-0.173694
-0.537945
0.894139
-0.211750
-0.736863
0.863804
-0.474141
-0.982261
0.815184
-0.468814
-0.711084
0.770496
-0.545067
-0.813816
0.719798
-0.252468
-0.169539
0.704794
-0.085547
-0.411099
0.704800
-0.189516
-0.916080
0.691507
-0.350049
-0.775312
0.633599
-0.688212
-1.388883
0.550108
-0.910478
-1.511337
0.461213
-1.064643
-1.446666
0.359041
-1.053601
-0.888948
0.261399
-0.914165
-1.554724
0.187890
-0.845512
-0.848871
0.095997
-1.010061
-0.486725
-0.012052
-0.990976
-0.442042
-0.114780
-1.138754
-0.872941
-0.194299
-0.772543
-0.985995
-0.248796
-0.627379
-1.213474
-0.322559
-0.797135
-0.751491
-0.397587
-0.875549
-0.769886
-0.470144
-0.725021
-0.617761
-0.532405
-0.568525
-1.007581
-0.610140
-1.070476
-0.778490
-0.704007
-0.761882
-1.271909
-0.773678
-0.842831
-0.842678
-0.833210
-0.498372
-0.762935
-0.848527
0.011464
-1.420012
-0.837021
0.046098
-1.378251
-0.853186
-0.328140
-1.909298
-0.891222
-0.492903
-1.368656
-0.944174
-0.726723
-0.729314
-1.007883
-0.722810
-0.996759
-1.086062
-0.955042
-0.450337
0.025883
0.654343
-0.976991
0.092222
0.722562
-0.347572
0.173367
0.808074
-0.974834
0.257037
0.864522
-0.974904
0.329600
0.541196
-0.635331
0.404128
0.771589
-0.454199
0.478049
0.682763
-0.784228
0.531593
0.422392
-1.042751
0.580556
0.478069
-0.239133
0.642399
0.855540
-0.488940
0.729977
0.754129
-0.326970
0.803060
0.494529
-0.408275
0.844949
0.326625
-0.510812
0.888474
0.591502
0.048323
0.936289
0.074382
-0.845999
0.942815
-0.037673
-0.751805
0.936371
-0.175965
-0.976996
0.924922
-0.131262
-0.871899
0.913780
-0.180745
-1.314687
0.883922
-0.556691
-1.382725
0.844178
-0.459264
-1.462151
0.778873
-0.697212
-0.356206
0.720723
-0.569627
-0.264104
0.657678
-0.665535
-0.002164
0.564472
-1.086649
0.148930
0.453702
-0.981780
0.095314
0.367517
-0.727153
0.576146
0.293836
-0.693390
0.611185
0.215929
-0.783255
-0.187311
0.104632
-1.142684
-0.456779
-0.009904
-1.020163
0.315018
-0.113444
-1.107329
0.207920
-0.220137
-0.809010
0.679261
-0.317324
-0.867187
-0.035098
-0.406126
-0.909575
0.652079
-0.479014
-0.586874
0.620680
-0.536278
-0.430858
0.490288
-0.596520
-0.473115
0.174215
-0.662340
-0.927045
0.257263
-0.745166
-0.619154
-0.229810
-0.803564
-0.436081
-0.458432
-0.823933
0.031898
-0.756842
-0.806097
-0.090344
-1.411383
-0.811332
-0.218594
-1.289871
-0.844943
-0.655216
-1.334190
-0.918115
-0.732221
-0.481863
-0.972293
-0.466838
-0.222709
-1.003636
-0.397994
-0.958673
-1.052240
-0.642757
-0.140603
-1.124864
-0.744144
-0.532042
0.234071
0.491539
1.236080
0.269364
0.305814
0.606879
0.302624
0.323415
0.674967
0.336920
0.400504
0.502250
0.379056
0.352697
0.696759
0.403020
0.420643
0.731882
0.451534
0.329811
0.578282
0.499005
0.778407
0.118198
0.578548
0.772357
0.092336
0.647964
0.579877
-0.219359
0.716136
0.788982
-0.593780
0.804182
0.743563
-0.478066
0.865438
0.322804
-0.956017
0.880471
0.191555
-1.177197
0.907762
0.270549
-1.311365
0.941480
-0.003042
-1.597341
0.939566
-0.297477
-1.374288
0.922493
-0.220981
-1.446715
0.900703
-0.271234
-1.604203
0.888817
-0.422086
-1.875923
0.838639
-0.502707
-2.513910
0.799905
-0.577876
-2.818137
0.750577
-0.720300
-2.657517
0.694133
-0.504013
-1.562357
0.669730
-0.444626
-1.544788
0.629942
-0.576671
-1.052124
0.581303
-0.756458
-1.275457
0.508137
-0.915405
-1.004335
0.427979
-0.878629
-0.931395
0.334212
-1.052897
0.220775
0.243469
-0.699353
-0.291205
0.161714
-0.881461
-0.322597
0.051008
-1.322958
-0.072077
-0.072487
-1.245296
0.017797
-0.202016
-1.519830
0.492587
-0.372976
-1.580603
0.729581
-0.511753
-1.267930
0.748146
-0.638548
-1.321644
0.941853
-0.754350
-0.959738
0.664026
-0.843366
-0.851153
0.795717
-0.921285
-0.632759
0.807757
-0.981665
-0.437133
1.511270
-1.021909
-0.021733
0.882569
-1.026561
0.292102
1.108887
-1.006081
0.270867
1.300399
-0.992323
0.138383
1.637251
-0.978487
0.191479
1.826084
-0.966725
0.272524
1.526847
-0.930524
0.530602
1.240159
-0.889039
0.505957
1.021643
-0.365721
2.259037
-2.667756
-0.145674
1.836046
-2.499422
0.059476
1.797966
-2.766427
0.249744
1.407279
-2.313527
0.372225
0.866144
-2.301093
0.476187
1.025014
-2.941202
0.602253
1.094024
-2.854296
0.722161
0.918990
-3.727479
0.835144
0.666113
-3.515569
0.908148
0.465983
-2.672182
0.959922
0.401192
-2.333435
1.007828
0.304932
-2.243463
1.025401
0.076527
-2.109640
1.015292
-0.272493
-1.788464
1.012409
-0.076128
-1.936781
1.007650
-0.151529
-1.495184
1.004724
-0.199161
-1.219597
0.989632
-0.190995
-0.836846
0.969438
-0.111907
-1.028693
0.968892
-0.230435
-0.925814
0.949216
-0.407864
-0.383368
0.889391
-0.654099
-0.489510
0.791699
-1.161300
-0.869914
0.675367
-1.181453
-1.482889
0.553949
-1.371898
-1.117643
0.415259
-1.469925
-1.177810
0.291542
-1.236127
-0.993961
0.176186
-1.015932
-0.634448
0.101934
-0.479168
0.069405
0.036990
-0.691351
-0.369878
-0.021154
-0.652327
-0.108533
-0.095224
-0.718231
0.088737
-0.179577
-0.648742
0.177859
-0.240359
-0.633830
0.289818
-0.323168
-0.743755
0.052926
-0.384769
-0.591066
0.082492
-0.478356
-1.105965
-0.204463
-0.581871
-0.710691
0.087669
-0.663496
-0.894430
0.331291
-0.751184
-0.881398
0.579304
-0.825678
-0.458157
1.116938
-0.855869
-0.158050
0.950159
-0.898389
-0.564090
0.838298
-0.944207
-0.287289
1.066272
-0.991960
-0.410382
1.049215
-1.036514
-0.262320
0.989418
-1.068505
-0.328261
0.097569
-1.100079
-0.591274
-0.449855
-1.147775
-0.509509
-1.315989
-1.206349
-0.684897
-1.373357
0.089385
0.387762
-0.151133
0.169304
1.273777
-0.111298
0.270705
0.740412
-0.191567
0.346052
0.729282
-0.501553
0.428709
0.718923
-0.544232
0.535692
1.083874
-1.348784
0.635578
0.880555
-1.110332
0.698159
0.335016
-0.282393
0.729950
0.229301
-1.154255
0.756202
0.117654
-1.317998
0.779576
0.062619
-0.690433
0.799705
0.379776
-0.544635
0.837414
0.459169
-0.086206
0.848503
0.082658
-0.143741
0.846416
-0.052812
0.235630
0.848006
-0.018079
-0.275825
0.854464
0.084580
-0.584709
0.877627
0.135871
-0.419003
0.877815
0.004043
-1.149390
0.880813
-0.221196
-0.983453
0.857416
-0.205960
-0.871183
0.842676
-0.247913
-0.880879
0.813432
-0.457125
-0.801620
0.765408
-0.697110
-0.371126
0.677547
-1.055955
0.044387
0.573427
-0.970770
0.519065
0.483141
-0.780056
0.953686
0.412259
-0.587275
0.211383
0.340001
-0.740119
-0.605085
0.270324
-0.592308
-0.613952
0.192954
-1.019514
-0.182315
0.088239
-0.991912
-0.123286
-0.025158
-1.291341
-0.553947
-0.160442
-1.337577
-0.932950
-0.304392
-1.380095
-0.753024
-0.441886
-1.350115
-0.100956
-0.553433
-0.903507
-0.148219
-0.637741
-0.733348
-0.786712
-0.683951
-0.268148
-0.416044
-0.733581
-0.637103
-0.881175
-0.785004
-0.521416
-0.519053
-0.843189
-0.480302
-1.109588
-0.874032
-0.401434
-1.139612
-0.905769
-0.538351
-0.881189
-0.959031
-0.413298
-1.626655
-1.000768
-0.611824
-1.641041
-1.055825
-0.603333
-2.044369
-1.107514
-0.461153
-1.594727
-1.157898
-0.710908
-1.728250
-1.237450
-0.878887
-1.236142
-0.052495
1.195289
-1.076494
0.067478
1.044284
-0.412130
0.162418
0.865925
-0.447280
0.256940
0.933740
-0.531996
0.359576
1.082796
-0.624355
0.469218
0.946629
-0.659397
0.555201
0.862887
-0.457847
0.644521
0.508708
-0.047626
0.693600
0.413534
-0.461504
0.761504
0.864708
-0.368700
0.852247
0.969387
-0.899930
0.941501
0.813357
-1.301361
1.015281
0.544995
-0.937648
1.057440
0.385687
-0.466470
1.083127
0.111596
-0.181933
1.066348
-0.321827
-0.509167
1.039893
-0.417120
-0.724521
0.974928
-0.850894
-0.138568
0.893771
-0.913939
-0.499248
0.819367
-0.670718
-0.188928
0.774688
-0.226305
-0.663594
0.743908
-0.132957
-0.352468
0.735842
-0.130034
-1.023723
0.696170
-0.604196
-0.862468
0.618435
-0.996504
-0.840507
0.527193
-1.119924
-0.353012
0.381489
-1.500353
0.116032
0.254606
-1.045848
0.009225
0.171957
-0.927462
0.803797
0.071915
-1.105032
0.724946
-0.024218
-0.702126
0.680294
-0.106881
-0.896270
0.838847
-0.194121
-1.007338
0.879753
-0.277891
-0.722709
0.638319
-0.355953
-0.657364
1.321952
-0.426152
-0.696765
0.643430
-0.492498
-0.598546
0.311814
-0.568132
-0.791294
0.305221
-0.648660
-0.841201
1.157069
-0.724431
-0.436630
1.176724
-0.766173
-0.436312
1.054598
-0.815566
-0.431775
0.795935
-0.874066
-0.406122
0.652673
-0.911236
-0.362579
1.657202
-0.973083
-0.671728
1.604657
-1.033813
-0.404616
1.895783
-1.082588
-0.318346
1.453594
-1.099637
0.002781
1.960637
-1.112795
0.034601
2.038366
-1.121820
-0.041882
1.776802
-0.075804
1.419162
-2.271391
0.081357
1.500172
-1.729150
0.220191
1.124137
-1.125669
0.331523
0.982205
-0.642328
0.422264
1.012791
-0.629614
0.527348
1.030497
-1.522722
0.623198
0.898788
-1.611238
0.725978
0.673731
-1.942386
0.813863
0.755798
-2.075107
0.893025
0.643909
-2.287515
0.972096
0.501698
-1.856478
1.000520
0.131647
-1.788910
1.023254
0.153811
-1.564857
1.024961
-0.343274
-1.218400
0.983512
-0.650079
-1.647366
0.931539
-0.502093
-1.789240
0.893456
-0.555653
-1.696180
0.856009
-0.364615
-1.200759
0.815224
-0.551120
-1.196379
0.772280
-0.610459
-1.031269
0.742469
-0.264504
-1.120162
0.735149
-0.053507
-1.117960
0.726236
-0.225660
-0.564316
0.682961
-0.531664
-0.032434
0.606145
-0.751394
0.045833
0.505130
-1.040331
0.264832
0.410636
-0.771622
-0.499433
0.348393
-0.494629
-0.465688
0.294474
-0.723061
-0.954358
0.229903
-0.697237
-1.217966
0.151740
-0.819851
-1.147971
0.077616
-0.783353
-1.384613
-0.005748
-0.986002
-0.916471
-0.086152
-0.688960
-0.448994
-0.166341
-1.104522
-0.597640
-0.271046
-0.999267
-0.184135
-0.370352
-0.991788
-0.133265
-0.442112
-0.764632
0.111212
-0.553076
-1.111897
-0.474192
-0.654539
-0.960423
-0.182509
-0.736334
-0.526399
-0.052560
-0.794700
-0.588322
0.599802
-0.846255
-0.369934
-0.164071
-0.876381
-0.315201
-0.017944
-0.897656
-0.125905
-0.842256
-0.930193
-0.355611
-1.768059
-0.972373
-0.724823
-2.030942
-1.031656
-0.677204
-1.122314
-1.089469
-0.714089
-0.577447
-1.134221
-0.275506
-0.438266
-0.252095
0.830027
0.447785
-0.174502
0.932169
0.386490
-0.057740
1.038198
-0.044059
0.063215
1.228077
0.077328
0.187804
1.252100
-0.233496
0.315073
1.095781
-0.464497
0.436811
1.192856
-0.892849
0.541424
1.023999
-1.237266
0.667622
1.272849
-1.163664
0.780833
0.770927
-1.557697
0.859373
0.713176
-2.964201
0.920412
0.264047
-2.035816
0.948113
0.042409
-1.576105
0.957470
-0.097698
-1.207328
0.950585
-0.157896
-1.258425
0.939964
-0.181392
-1.929157
0.934722
-0.016545
-1.189016
0.933631
-0.073345
-0.899435
0.924856
-0.072738
-0.635809
0.900433
-0.390803
-0.967108
0.850970
-0.598282
-0.609173
0.778019
-0.658110
-0.158180
0.706893
-0.669711
-0.206114
0.636170
-0.868340
-0.130585
0.563808
-0.677081
0.242867
0.490816
-0.676390
-0.904926
0.408665
-1.046744
-0.930803
0.314543
-0.830627
-0.757365
0.233154
-0.625728
0.853110
0.147058
-0.707541
0.960351
0.069931
-0.648846
1.110746
0.006532
-0.728153
1.241307
-0.080951
-0.840981
1.092862
-0.195328
-1.220200
1.212961
-0.303648
-0.929924
0.881656
-0.409678
-1.203222
1.095715
-0.533413
-0.972184
0.685188
-0.650324
-0.904974
0.857039
-0.734828
-0.442802
1.229446
-0.776860
-0.270464
1.556934
-0.813899
-0.412594
1.052622
-0.856872
-0.327413
0.426099
-0.914365
-0.326025
-0.076998
-0.942039
-0.270146
0.164579
-0.966891
-0.322483
-0.299414
-0.998468
-0.394417
-0.073566
-1.031564
-0.406294
0.184993
-1.075621
-0.459091
0.033360
-1.113038
-0.137461
-0.032606
-1.109942
0.190068
0.653788
-0.134553
0.223143
0.524570
-0.076443
0.893501
0.580493
0.018177
0.895212
-0.019232
0.127368
1.185937
-0.046953
0.258798
1.276542
-0.876989
0.403187
1.173129
-1.156854
0.517740
1.090376
-0.514324
0.616237
0.705468
-0.649464
0.676629
0.332355
-0.170952
0.729956
0.487088
-0.233890
0.792882
0.691215
-0.628869
0.854879
0.357720
-0.894827
0.901238
0.139304
-0.107634
0.955099
0.761965
0.080170
1.019311
0.642815
0.772309
1.074207
0.427868
0.093770
1.112165
0.191336
-0.240198
1.115256
-0.189388
-1.185727
1.072372
-0.415184
-0.947154
1.023787
-0.852195
-0.262953
0.952190
-0.664828
0.233864
0.859968
-1.048066
0.777540
0.752931
-0.764667
0.016638
0.681643
-0.553994
0.570505
0.633020
-0.345101
0.011117
0.588169
-0.678246
-0.314191
0.505230
-0.972471
-0.622041
0.421171
-0.877120
-0.788365
0.335691
-1.013980
-0.922107
0.219566
-1.464111
-0.644992
0.090188
-1.160418
0.610262
-0.043588
-1.272938
0.053485
-0.193294
-1.418373
-0.009390
-0.302875
-0.716894
0.225423
-0.384887
-0.751035
0.437030
-0.455058
-0.515630
0.097137
-0.516456
-0.733338
-0.087998
-0.594705
-0.861275
0.256382
-0.687894
-0.840888
0.106557
-0.770014
-0.676471
-0.608292
-0.827738
-0.484993
-0.356145
-0.887595
-0.607644
-0.196374
-0.947747
-0.539872
0.468596
-0.997557
-0.460791
0.322582
-1.038397
-0.344276
0.280103
-1.055062
0.135819
-0.173823
-1.035120
0.346190
-0.178486
-1.026357
-0.022625
0.476414
-1.057173
-0.388091
0.831332
-1.097157
-0.526071
0.807372
0.030909
0.456277
-0.371396
0.083895
0.573025
-0.497547
0.183286
1.094712
-0.142306
0.293757
1.028191
-0.201831
0.390469
0.841498
-0.852304
0.470051
0.723235
-1.116346
0.552356
0.611143
-0.910577
0.627582
0.474068
-0.940487
0.680941
0.547799
-0.967358
0.767150
0.813420
-0.917223
0.841314
0.709384
-1.885523
0.931567
0.765666
-0.508359
0.994440
0.426375
-0.041495
1.030621
0.331663
-0.667375
1.062546
0.172250
-1.263794
1.079550
0.123581
-1.787096
1.096888
0.013915
-1.551191
1.099376
-0.229142
-1.459687
1.055400
-0.915620
-0.814837
0.949362
-1.448068
-0.786435
0.809417
-1.416865
-0.544181
0.676491
-1.101770
-0.654990
0.577091
-0.942800
-0.609765
0.496392
-0.547870
-0.620034
0.450974
-0.379050
-0.309163
0.382446
-0.786109
-0.353745
0.292146
-0.920903
-0.569001
0.209312
-0.984140
-1.280251
0.124771
-0.915071
-1.797882
0.035861
-1.040546
-1.218739
-0.061409
-0.952717
-1.347883
-0.134084
-0.876359
-1.421446
-0.209154
-0.667978
-0.834291
-0.267570
-0.751369
-0.415364
-0.329910
-0.616159
0.454669
-0.398965
-0.657775
0.483763
-0.478522
-0.698154
0.639230
-0.560135
-0.628141
0.882204
-0.647204
-0.860555
0.718453
-0.725702
-0.494763
0.327913
-0.757140
-0.084506
0.228519
-0.748461
0.109393
0.146713
-0.760018
-0.184034
0.237470
-0.796364
-0.512185
0.224947
-0.844706
-0.529733
0.607022
-0.890319
-0.430204
0.840234
-0.935395
-0.470103
0.913156
-0.989806
-0.546701
0.987726
-1.043606
-0.372060
0.779534
-1.084920
-0.414031
1.665684
-0.111573
1.067090
-0.437461
0.005553
1.160337
-0.544364
0.129880
0.946122
-0.616969
0.224551
0.810331
-0.785585
0.311828
0.939728
0.347708
0.429943
1.161140
-1.041894
0.546424
1.190382
-1.437277
0.674914
1.273266
-1.663863
0.813091
1.150059
-1.358232
0.903683
0.632362
-1.637374
0.956848
0.208257
-1.650950
0.996877
0.308711
-1.257422
1.038305
0.273688
-1.389718
1.069311
0.083335
-1.446632
1.045665
-0.468322
-0.969229
1.007219
-0.465661
-0.580397
0.980688
-0.178780
-0.572172
0.990269
0.195436
-0.737595
1.002105
0.100066
-0.300238
0.993113
-0.287266
-0.588091
0.972444
-0.126613
-0.492835
0.963769
-0.324870
-0.364121
0.901728
-0.704697
-0.517383
0.833252
-0.604719
-0.852623
0.753753
-1.004302
-0.490355
0.636233
-1.325891
-0.028801
0.506418
-1.327439
-0.299320
0.387963
-0.886498
0.210945
0.297123
-0.878522
0.439306
0.198863
-1.025735
0.762948
0.093134
-0.718818
0.486451
0.014824
-0.820012
0.423546
-0.067916
-0.755543
0.466211
-0.140934
-0.614114
0.177007
-0.221107
-1.120946
0.453747
-0.346448
-1.332588
0.592137
-0.493144
-1.338071
1.115186
-0.646873
-1.589542
0.914337
-0.796821
-1.328407
1.125956
-0.918598
-0.907623
1.773260
-0.999259
-0.383102
1.532119
-1.040938
-0.148640
1.398399
-1.056651
-0.149167
1.060638
-1.086275
-0.326564
0.469240
-1.092662
0.347029
0.714635
-1.045013
0.617512
0.643357
-0.979490
0.532067
0.870231
-0.948970
0.373588
0.550167
-0.917523
0.368028
0.454474
-0.866245
0.388993
-0.083085
-0.134555
1.260571
-1.283517
-0.020123
1.083671
-1.650916
0.091087
0.862271
-1.441731
0.194788
0.977893
-1.562367
0.318984
1.192405
-1.465336
0.460977
1.310780
-2.062553
0.593311
1.046547
-2.369447
0.734709
1.207561
-1.659505
0.852377
0.923281
-2.071543
0.945749
0.802703
-2.721766
1.025073
0.549036
-2.346730
1.091154
0.541344
-2.103132
1.137366
0.264842
-1.796725
1.158157
-0.063165
-1.527179
1.149472
-0.152967
-1.278343
1.143802
0.011038
-0.862100
1.129366
-0.548782
-1.205519
1.070338
-0.766459
-1.691132
1.007820
-0.562138
-0.963219
0.958886
-0.712779
-1.245203
0.907820
-0.559814
-0.969154
0.861752
-0.482754
-1.046915
0.809411
-0.827601
-0.980939
0.722045
-0.957318
-0.161676
0.611590
-0.934756
-0.117084
0.531745
-0.705201
0.404790
0.451113
-0.716440
0.107755
0.366469
-0.874103
0.114350
0.281393
-0.633739
0.161456
0.191048
-1.097146
0.176202
0.090855
-0.776733
0.139666
0.008765
-0.767514
0.338432
-0.065733
-0.833109
0.816469
-0.170705
-0.972107
0.847545
-0.276115
-0.964520
0.905290
-0.381696
-1.033908
1.246273
-0.485309
-0.929314
0.452227
-0.574868
-0.816951
0.935136
-0.669805
-0.917445
1.013101
-0.785022
-0.964317
0.673147
-0.882883
-0.852563
0.887781
-0.939794
-0.339947
0.666660
-0.959461
0.060971
0.714301
-0.950984
0.188003
0.913104
-0.951862
-0.080793
0.828610
-0.972019
-0.286949
0.528189
-0.991087
-0.205370
0.925763
-1.015354
-0.272768
0.638424
-1.051304
-0.375335
1.753653
-1.080988
0.034300
1.761858
-0.053090
1.385263
0.651635
0.063461
1.295652
-0.022656
0.167883
0.771773
-0.203136
0.253628
0.860757
0.048192
0.338980
0.751884
0.115394
0.431529
0.902049
0.269170
0.525926
0.874837
-0.204217
0.618740
1.075090
-0.776280
0.723111
0.873323
-0.924849
0.801171
0.616326
-1.220137
0.872412
0.652985
-1.276039
0.939524
0.401287
-1.102229
0.982174
0.513024
-0.911763
1.026576
0.271281
-1.788695
1.056903
0.224495
-2.024628
1.088925
0.130205
-2.255699
1.096640
-0.058259
-1.755100
1.079490
-0.248822
-1.856236
1.064366
-0.103912
-1.197825
1.037750
-0.346030
-1.732706
0.976088
-0.922468
-1.933932
0.879054
-1.159339
-1.842013
0.759137
-1.120249
-1.277500
0.658683
-0.992589
-0.408830
0.563968
-0.880853
-0.651013
0.481481
-0.838415
-0.785004
0.410545
-0.769885
-1.286397
0.338356
-0.868595
-0.520758
0.253837
-0.820582
-0.197764
0.173697
-0.671382
-0.374677
0.107414
-0.853207
-1.008372
0.045083
-0.503986
-1.237323
-0.024608
-0.862696
-1.004657
-0.115603
-0.999266
-0.958787
-0.197554
-0.682270
-1.653840
-0.259460
-0.808051
-1.224199
-0.315823
-0.386356
-0.815797
-0.353721
-0.387379
-0.331717
-0.431150
-1.137349
0.014217
-0.537450
-1.007488
-0.656678
-0.634238
-0.924757
-0.200654
-0.733590
-0.794747
-0.326145
-0.834201
-1.086308
-0.280499
-0.942228
-0.925147
-0.085520
-1.050802
-1.106116
0.151271
-1.150758
-0.841220
0.614317
-1.224122
-0.450139
1.089647
-1.291308
-0.701050
0.713441
-1.352054
-0.308144
0.611851
-1.382633
-0.192336
0.332855
0.308289
-0.167353
0.212003
0.277992
-0.104373
1.227004
0.258082
0.010035
1.207492
0.267411
0.163229
0.804148
0.290443
0.487988
0.833592
0.344493
0.642438
0.583114
0.412548
1.048384
1.150985
0.525888
1.082027
0.860273
0.638356
1.125640
0.626423
0.729937
0.896465
0.166005
0.814205
0.904340
0.181992
0.904063
0.758273
0.278503
0.964689
0.369622
0.464793
1.008638
0.482230
0.373209
1.073085
0.590019
0.357546
1.114007
0.128507
0.140040
1.117459
-0.219118
-0.357340
1.072760
-0.766107
-0.469127
0.994300
-0.688980
-0.576958
0.928839
-0.510715
-0.281691
0.864055
-0.628531
-0.597573
0.792984
-0.864064
-0.183899
0.699374
-0.741785
0.562714
0.639693
-0.505612
0.565185
0.568498
-0.604933
0.727832
0.495913
-0.748327
0.937838
0.431950
-0.505062
1.127283
0.361792
-0.617457
0.824587
0.296749
-0.634549
1.480088
0.227386
-0.613846
0.381684
0.152717
-0.821010
-0.132924
0.069225
-1.013416
-0.218566
-0.049018
-1.262945
-0.398717
-0.182250
-1.319279
-0.438374
-0.321327
-1.411502
-0.247375
-0.454691
-1.247160
-0.153765
-0.564670
-1.009884
-0.123328
-0.661237
-0.927064
0.296301
-0.744054
-0.700193
-0.212593
-0.783234
-0.016613
0.160133
-0.799786
-0.255280
-0.153184
-0.809128
-0.121484
-0.874671
-0.837853
-0.376900
-1.207915
-0.857522
0.019855
-0.961337
-0.830985
0.250101
-1.559949
-0.808266
-0.226286
-1.968518
-0.853947
-0.630995
-2.234344
-0.937507
-1.266971
-3.632830
-1.095149
-1.938774
-4.043527
-1.288224
-2.059735
-3.868173
-0.064767
0.447283
1.776009
-0.016204
0.564559
1.389533
0.035805
0.695725
1.540943
0.110195
0.917020
1.412212
0.238632
1.513366
1.045107
0.370701
1.247836
0.875976
0.500229
1.173264
0.617216
0.601448
0.744213
-0.619316
0.681835
0.625167
-0.343486
0.759128
0.927729
-0.113530
0.841295
0.676292
-0.511007
0.911817
0.792557
-0.991235
1.005359
0.717826
-1.300440
1.061916
0.109734
-1.927710
1.075128
-0.242776
-1.878507
1.070327
-0.239284
-1.500447
1.055570
-0.288231
-1.804525
1.045776
-0.117035
-2.094293
1.000844
-0.926907
-2.233352
0.907959
-0.998049
-1.325110
0.822994
-0.645918
-1.145823
0.765172
-0.602994
-1.466984
0.680758
-0.970688
-0.452600
0.583973
-0.760034
-0.159253
0.486985
-0.927046
-0.121817
0.399646
-0.790090
-0.034381
0.312589
-0.856975
-0.385103
0.238328
-0.585773
-0.536022
0.175949
-0.758350
-0.379195
0.075524
-1.111996
-0.470644
-0.010407
-0.895947
-0.472193
-0.119498
-1.378326
-0.385405
-0.218085
-0.752078
-0.430280
-0.272598
-0.454587
-0.250135
-0.323487
-0.620919
-0.220940
-0.384340
-0.827053
-0.352832
-0.466743
-0.843245
-0.219483
-0.559981
-1.007002
-0.810541
-0.655687
-0.836796
-0.899282
-0.725090
-0.661157
-0.793121
-0.795595
-0.551889
-1.378208
-0.836642
-0.607480
-1.070912
-0.876680
-0.241645
-1.509369
-0.885857
-0.065786
-1.593653
-0.882371
-0.085542
-2.318946
-0.886479
-0.224659
-2.374659
-0.925349
-0.661526
-2.006251
-0.996529
-0.929993
-2.121530
-1.091642
-0.988436
-1.966264
-1.172223
-0.684823
-1.987075
0.029574
1.198584
-0.249115
0.118836
0.696648
-0.539079
0.205410
1.048441
0.116291
0.309070
1.046054
-0.046612
0.422300
1.102914
-0.128199
0.553746
1.505431
0.134037
0.692215
1.309888
-0.102233
0.814417
1.042375
0.217618
0.921885
0.940271
0.892129
0.990092
0.501943
0.123084
1.028548
0.282569
-0.057457
1.043708
0.026394
-0.660340
1.043193
-0.393976
-0.663479
1.023026
-0.356183
-0.634666
0.992166
-0.469067
-0.137628
0.958452
-0.204053
0.000574
0.942208
0.093548
-0.415615
0.954597
0.115131
-0.438622
0.949093
-0.173433
-0.391525
0.932593
-0.305111
0.199357
0.894107
-0.410456
0.499480
0.853852
-0.450467
0.248464
0.801517
-0.371244
-0.339631
0.762741
-0.408992
-0.424408
0.700865
-0.862756
-0.548730
0.594691
-0.994748
-0.444584
0.485477
-1.248989
-0.324545
0.360823
-1.056937
-0.180088
0.252403
-1.115763
-0.058662
0.146269
-1.008914
0.100394
0.030797
-1.115127
-0.333061
-0.084385
-1.176187
-0.186974
-0.205483
-1.144980
0.417092
-0.332945
-1.086257
0.784100
-0.414143
-0.621432
0.872292
-0.484704
-0.736754
0.443605
-0.555519
-0.673664
-0.300260
-0.625258
-0.663090
0.430814
-0.690714
-0.373568
0.534049
-0.746626
-0.719960
-0.043310
-0.797478
-0.393901
-0.483100
-0.836002
-0.548249
0.059460
-0.892365
-0.498597
0.721615
-0.950105
-0.593394
1.040828
-1.007938
-0.431216
1.273779
-1.059907
-0.536745
1.496435
-1.118305
-0.413244
1.279227
-1.163102
-0.255756
1.526222
-1.209006
-0.579728
1.397611
-1.233921
0.100538
1.304089
0.105570
1.828704
-2.457346
0.263508
1.042655
-2.333089
0.358237
0.662126
-2.218846
0.442054
0.630490
-1.642776
0.525415
0.823452
-1.381755
0.605862
0.812512
-0.822967
0.669101
0.450967
-0.517260
0.727530
0.805008
-0.484311
0.792680
0.374441
-0.152186
0.851383
0.448341
-0.009455
0.880386
0.088257
0.036856
0.916053
0.397031
0.084143
0.947717
0.122483
-0.462450
0.933703
-0.171375
-0.672769
0.921458
-0.178937
-0.854871
0.898658
-0.381576
-1.199862
0.881073
-0.096884
-1.278790
0.868080
-0.451199
-1.333704
0.819175
-0.694443
-1.898294
0.772916
-0.544382
-1.876169
0.732707
-0.568399
-1.199407
0.697313
-0.478973
-1.714622
0.652566
-0.467515
-1.937691
0.616229
-0.497926
-1.508192
0.566579
-0.636073
-1.233999
0.502938
-0.921302
-0.298786
0.406601
-1.110343
-0.599280
0.302220
-1.035347
-0.542188
0.187151
-1.056119
-0.269156
0.093070
-0.915729
-0.505449
0.019477
-0.664947
-0.229232
-0.059129
-0.814025
-0.227160
-0.150416
-1.032398
-0.360829
-0.243536
-0.975700
0.193906
-0.340760
-0.942026
0.873429
-0.437483
-0.604612
0.528106
-0.510266
-0.613721
0.376458
-0.573677
-0.537987
0.648142
-0.640076
-0.596099
1.085172
-0.694112
-0.417635
0.614539
-0.724999
-0.303726
0.406654
-0.758027
-0.313128
0.845218
-0.792806
-0.253273
0.374841
-0.809102
-0.291315
-0.328997
-0.848729
-0.509762
-0.719004
-0.894843
-0.338952
-1.069370
-0.910641
-0.079471
-1.713303
-0.976245
-1.140827
-1.377658
-1.097679
-1.277421
-0.865960
-1.248783
-1.641867
-1.958628
0.040426
0.245509
0.198493
0.068629
0.478300
0.439141
0.138186
0.814501
-0.012378
0.224690
1.035453
0.191484
0.331830
1.148619
0.276977
0.444851
1.042806
-0.391822
0.563162
1.133581
-0.664190
0.690626
0.997095
-1.668262
0.794934
0.842943
-1.263221
0.868449
0.532140
-0.999913
0.917116
0.338723
-0.820717
0.950410
0.262476
-0.730822
0.962551
-0.153137
-0.981751
0.956674
-0.387984
-0.499786
0.932172
-0.155671
-1.556520
0.921266
-0.178414
-1.399100
0.917469
-0.002946
-1.126631
0.915749
-0.216492
-0.352025
0.905363
0.170093
0.023169
0.905318
-0.060641
0.206068
0.903849
0.013322
0.518414
0.881568
-0.281445
0.115612
0.849722
-0.405360
-0.297897
0.787334
-0.643918
-0.190576
0.716045
-0.793032
0.008281
0.635310
-0.776151
-1.100855
0.552368
-1.060031
-1.413932
0.444617
-1.209337
-0.863891
0.315512
-1.232382
0.384124
0.181071
-1.374680
0.584014
0.050060
-1.130612
0.341571
-0.049400
-0.858530
0.339062
-0.150859
-1.078250
1.181467
-0.251549
-0.754070
0.981092
-0.332093
-0.696184
0.749952
-0.404489
-0.612316
1.119458
-0.458695
-0.710811
0.794661
-0.531332
-0.642180
0.390295
-0.619110
-0.971447
-0.056319
-0.678501
-0.550782
0.218536
-0.746996
-0.993176
0.422074
-0.858273
-0.989818
0.482152
-0.959525
-0.880194
0.741151
-1.033319
-0.393037
1.086346
-1.083948
-0.403995
1.551601
-1.134019
-0.392128
1.730315
-1.162073
-0.285301
1.485870
-1.195752
-0.180475
1.977594
-1.209940
-0.089037
1.856640
-1.210567
0.261926
2.472089
0.004647
1.487220
-1.659866
0.147617
1.067781
-2.472566
0.255444
1.082629
-2.272418
0.406690
1.243909
-2.227490
0.550567
1.170971
-2.269411
0.684473
1.124622
-2.296387
0.797727
0.863482
-2.357009
0.889931
0.693636
-2.631878
0.971261
0.627991
-2.898801
1.033093
0.298076
-2.400586
1.077330
0.240489
-2.348271
1.123830
0.245105
-2.641696
1.122661
-0.488990
-2.019003
1.094733
-0.374598
-1.267133
1.067299
-0.296767
-1.557161
1.059744
-0.288408
-1.768601
1.053668
-0.356439
-1.613341
1.006496
-0.647096
-1.104915
0.953850
-0.500452
-0.496347
0.902801
-0.601960
-0.681190
0.849210
-0.513296
-0.573050
0.785466
-0.970667
-1.441443
0.699900
-0.817668
-0.885380
0.636409
-0.586380
-0.933893
0.585064
-0.697047
-0.771721
0.518560
-0.876872
-0.776048
0.419848
-1.167964
-0.812823
0.290118
-1.537255
-0.405093
0.165300
-1.004172
-0.181309
0.059599
-1.093611
0.413061
-0.048387
-1.035634
0.498013
-0.145641
-0.892230
0.407644
-0.233027
-0.745552
1.073419
-0.300745
-0.616594
0.594748
-0.359326
-0.550576
0.936488
-0.435540
-0.818460
0.607349
-0.499049
-0.589503
0.340703
-0.536134
-0.313265
0.627704
-0.577607
-0.485733
0.516581
-0.635756
-0.523258
0.464933
-0.695610
-0.329995
0.373784
-0.732940
-0.362266
0.656970
-0.765453
-0.334797
-1.034350
-0.823710
-0.659895
-1.453710
-0.883737
-0.528341
-1.081124
-0.944760
-0.761306
-1.095918
-1.033421
-0.814149
-1.074528
-1.106035
-0.771613
-1.183764
-1.159012
-0.601418
-0.497064
-1.208520
-0.716744
-0.209550
-0.202195
1.271210
-0.455759
-0.065992
1.379462
-0.780341
0.063843
1.144877
-0.636082
0.199408
1.340601
-0.807227
0.330677
1.082346
-0.903484
0.425766
0.654693
-0.806084
0.498395
0.602413
-1.276104
0.548273
0.390647
-1.721932
0.614518
0.643444
-1.601922
0.674220
0.389587
-1.260468
0.723860
0.429623
-0.737473
0.768640
0.547948
0.127115
0.814670
0.328788
-0.149427
0.847686
0.501184
-0.873352
0.903476
0.433928
-1.275804
0.948355
0.178581
-1.468990
0.964811
0.163200
-1.626682
0.966933
-0.129545
-1.285852
0.951584
-0.416754
-0.993539
0.925676
-0.392719
-0.507956
0.895048
-0.338626
-1.402446
0.855797
-0.871346
-1.997077
0.771233
-0.916576
-2.025918
0.694675
-0.819745
-1.595382
0.618054
-0.670383
-1.693174
0.561652
-0.537772
-1.379740
0.523167
-0.515539
-1.310736
0.475787
-0.374487
-0.296133
0.410784
-0.745725
0.032136
0.333385
-0.813887
-0.099476
0.250998
-0.806324
0.269877
0.170804
-0.744304
0.786568
0.106595
-0.432892
0.868538
0.034168
-0.838312
0.312008
-0.075983
-1.429144
0.108600
-0.218073
-1.298141
1.278352
-0.358988
-1.256272
1.820807
-0.490940
-0.957149
2.024598
-0.591535
-0.829505
1.753561
-0.682111
-0.908203
2.120044
-0.772429
-0.615375
1.713824
-0.828726
-0.403414
1.585292
-0.861362
-0.018150
1.150817
-0.876879
0.078504
0.759769
-0.872858
0.108408
0.532605
-0.868182
-0.103017
1.046546
-0.891878
-0.095201
1.165160
-0.905294
-0.117408
1.364118
-0.963726
-0.704816
1.433441
-1.070203
-1.109687
0.781226
-0.094873
0.760383
-0.306805
-0.009633
0.825696
-0.293543
0.078789
0.978233
0.217731
0.179487
1.100070
0.002459
0.300257
0.942180
-0.234244
0.389409
0.689585
0.340572
0.463463
0.998615
0.625531
0.547566
0.813721
-0.282253
0.660480
1.254678
-1.110804
0.807735
1.622789
-1.527714
0.942044
0.847509
-1.905939
1.027294
0.534960
-1.747807
1.067948
0.041580
-2.115779
1.077379
-0.188581
-1.417805
1.063590
-0.184513
-0.483190
1.033606
-0.425029
-1.029313
0.991030
-0.641087
-0.775858
0.939508
-0.424632
-0.930005
0.896213
-0.586440
-0.189093
0.828146
-0.790188
0.360697
0.737308
-0.811664
0.512238
0.660116
-0.690023
0.391041
0.573821
-0.993671
0.214967
0.485091
-0.938463
0.415300
0.411206
-0.553236
0.462257
0.360144
-0.273397
0.563870
0.340404
-0.266998
0.742404
0.317118
-0.215399
0.948690
0.278409
-0.279782
0.636597
0.230060
-0.651105
0.608833
0.138291
-0.964482
0.626786
0.030259
-1.057284
0.423678
-0.070636
-0.690982
0.786656
-0.151610
-0.646021
1.332957
-0.238669
-0.857082
1.202293
-0.332217
-0.939733
1.352055
-0.405802
-0.632584
1.257585
-0.482420
-0.726095
1.084888
-0.584405
-1.001696
0.896065
-0.675556
-0.799724
0.919503
-0.769342
-0.836305
1.243236
-0.835899
-0.509061
0.961429
-0.878812
-0.388824
-0.560114
-0.917836
-0.421371
-0.486513
-0.969821
-0.502404
-0.062417
-1.015563
-0.684236
0.199876
-1.067292
-0.339196
0.064138
-1.076575
-0.134577
-0.149381
-1.068804
0.210866
0.431939
-1.037053
0.488157
0.669920
0.042638
1.117498
-1.652863
0.159284
0.900562
-1.725903
0.287723
1.231953
-1.714468
0.411436
1.186644
-1.777842
0.500250
0.357578
-2.567026
0.553043
0.324803
-2.213348
0.594125
0.295810
-1.709882
0.644042
0.511956
-1.537613
0.703082
0.517514
-0.896402
0.740223
0.082083
-1.008626
0.740987
0.084256
-0.571488
0.734450
-0.033426
-0.458521
0.751678
0.233859
-0.725505
0.795605
0.605405
-0.499551
0.839429
0.145073
-0.382577
0.841825
-0.224997
-1.125512
0.840288
0.114807
-0.233817
0.862148
0.062576
-0.286869
0.873446
0.081912
0.204043
0.872559
-0.060411
-0.543480
0.836299
-0.568571
-0.587745
0.775094
-0.686699
-0.600012
0.704992
-0.874992
-0.764234
0.654921
-0.477039
-0.908783
0.613979
-0.447626
-0.851325
0.560083
-0.494077
-0.740527
0.493582
-0.814130
-1.075901
0.415127
-0.828404
-0.719617
0.335337
-1.140307
-0.243446
0.228449
-0.952515
-0.003716
0.142653
-0.588995
-0.161674
0.074253
-0.884512
0.851902
-0.027044
-0.964930
1.459244
-0.120946
-0.631052
1.779084
-0.219102
-1.114638
0.921775
-0.347041
-1.299317
1.505267
-0.465469
-0.864235
1.554150
-0.550242
-0.806643
1.828573
-0.636160
-0.850106
1.926583
-0.723528
-0.599139
1.618307
-0.786562
-0.707604
1.323983
-0.880287
-0.956403
1.994151
-0.974896
-0.716852
2.671821
-1.040625
-0.439469
2.648866
-1.090664
-0.129749
2.976954
-1.104290
0.215519
3.337440
-1.084655
0.629442
4.208249
-1.041794
0.942781
4.264835
-0.950938
1.306195
4.491414
-0.822059
1.689507
4.004198
-0.175616
1.041790
0.437082
-0.060594
1.130601
-0.501724
0.046878
1.163085
-0.770259
0.183021
1.284394
-1.151125
0.327342
1.370602
-1.735941
0.474669
1.414200
-1.922054
0.603053
0.833296
-2.293827
0.709654
0.839945
-2.092905
0.795864
0.590294
-1.963242
0.875641
0.623208
-2.555899
0.935369
0.296878
-2.347571
0.974346
0.112230
-2.071055
0.996954
0.116429
-1.838541
1.011044
-0.064398
-1.721535
1.002273
-0.227597
-0.807535
0.978424
-0.330205
-0.353547
0.930405
-0.381684
-0.041120
0.895158
-0.267808
0.412903
0.860274
-0.339665
0.244172
0.835941
-0.166043
0.199346
0.808197
-0.305271
0.481811
0.775537
-0.291408
0.657238
0.753487
-0.219033
0.596105
0.721149
-0.521014
0.400006
0.648099
-0.594715
-0.550819
0.581172
-0.867922
-0.153352
0.482091
-1.131495
-0.222514
0.367363
-0.974639
-0.830613
0.289064
-0.776113
-1.104767
0.215926
-0.837577
-1.370660
0.142344
-0.962118
-0.959526
0.053875
-0.865537
0.067799
-0.063606
-1.424800
-0.297507
-0.200037
-1.325272
0.379474
-0.321123
-1.080117
0.583767
-0.442016
-0.993575
1.168911
-0.556394
-1.058726
1.800949
-0.664390
-0.827584
1.808132
-0.760783
-0.734027
1.546581
-0.858542
-0.962865
1.719674
-0.945256
-0.581967
2.183803
-1.022482
-0.741053
1.606323
-1.086917
-0.449403
2.019562
-1.131494
-0.323898
2.062971
-1.155396
0.028103
2.063831
-1.162016
0.040064
1.871764
-1.175535
-0.114463
1.789181
-1.191643
0.211626
1.811376
-1.172916
0.380940
2.667384
-1.115783
0.927858
2.295921
-0.044451
1.246495
0.470861
0.066333
0.943259
-0.392121
0.170453
1.147112
0.019801
0.285042
0.932763
0.270463
0.381436
0.892347
-0.035265
0.448336
0.470603
-0.472265
0.514377
0.747408
-0.262670
0.590326
0.934713
-0.448476
0.697612
0.929468
-1.281418
0.803323
0.943413
-1.546491
0.908523
0.912070
-1.602202
1.021014
0.909015
-1.708370
1.108748
0.407745
-2.425678
1.147921
0.014768
-2.227675
1.145128
-0.359172
-1.850319
1.112569
-0.660584
-1.157570
1.068458
-0.481983
-0.488639
1.024964
-0.543719
-0.127104
0.977136
-0.446216
0.012140
0.944176
-0.419468
0.422435
0.892776
-0.373671
0.566346
0.851368
-0.140433
0.827890
0.811648
-0.408037
1.147525
0.756112
-0.528262
0.535750
0.699276
-0.424500
0.188277
0.620184
-1.017702
-0.346234
0.514598
-0.980953
-0.329004
0.412935
-1.014608
0.569435
0.286519
-1.277411
0.355172
0.171195
-1.267653
0.862742
0.053314
-1.075700
0.457609
-0.054589
-1.037038
0.399581
-0.155081
-0.962540
-0.128337
-0.242340
-0.619772
-0.416992
-0.286270
-0.397116
-1.110754
-0.313534
-0.370370
-0.603082
-0.374101
-0.643252
0.169254
-0.442217
-0.660908
0.162891
-0.518297
-0.631724
0.496287
-0.602677
-0.767242
0.603364
-0.696389
-0.886936
0.336364
-0.777483
-0.488370
-0.155956
-0.822882
-0.393135
0.150865
-0.847108
-0.307301
0.972873
-0.882460
-0.134490
1.045784
-0.922795
-0.514726
0.665645
-0.990285
-0.699820
1.242873
-1.064426
-0.759220
1.504733
-1.150509
-0.809378
2.404395
-1.194227
0.057384
1.864715
-0.286509
1.433558
-0.941937
-0.123895
1.493413
0.002065
0.027089
1.394756
0.248486
0.163434
1.507908
0.483791
0.316407
1.501996
0.281698
0.490999
1.800086
-0.291258
0.660132
1.492547
-0.510925
0.811833
1.250546
-1.349940
0.924692
0.911403
-1.861236
1.018862
0.792045
-2.087262
1.099870
0.576869
-1.401731
1.143742
0.112689
-1.483644
1.154948
-0.065248
-1.206027
1.158771
-0.254160
-0.910026
1.128438
-0.446775
-0.981503
1.062277
-0.984365
-1.155730
0.969399
-0.801771
-0.675409
0.886197
-0.855309
-0.491800
0.799931
-0.764288
-0.854704
0.721211
-0.786209
-0.122002
0.645236
-0.759370
-0.277833
0.598130
-0.344237
0.287740
0.560215
-0.324261
0.332859
0.520954
-0.558606
0.010166
0.471045
-0.699090
-0.040993
0.393009
-0.952558
0.262563
0.297547
-1.049190
0.040945
0.214602
-0.547543
-0.243245
0.135987
-0.727027
-0.364948
0.081196
-0.544812
-0.154396
0.003817
-0.775299
0.072974
-0.080471
-0.771650
0.052784
-0.161793
-0.689760
-0.384568
-0.234699
-0.768902
-0.290780
-0.307484
-0.656079
-0.136290
-0.383027
-0.986055
-0.577028
-0.501564
-1.329812
-0.062784
-0.609008
-0.740084
-0.900749
-0.682264
-0.924826
-0.384987
-0.758861
-0.690753
-0.788785
-0.821036
-0.717790
-0.164154
-0.883136
-0.465074
-0.134210
-0.917823
-0.195307
-0.379786
-0.937147
-0.267746
0.629275
-0.969743
-0.281484
0.495498
-1.002327
-0.276669
0.587905
-1.040051
-0.349608
0.035761
-1.090995
-0.670855
-0.001052
-1.157568
-0.686572
-0.099832
-1.238565
-0.905854
-1.348705
0.027626
0.793424
1.422500
0.120763
0.898622
1.139540
0.231622
1.346345
1.114522
0.358239
1.332372
0.085674
0.481983
1.180960
-0.039989
0.574671
0.874760
0.130310
0.674447
1.096895
0.253746
0.767092
0.817218
-0.077607
0.865844
0.963573
-0.132053
0.959898
0.818484
-0.622991
1.033159
0.609205
-0.811512
1.071753
0.223712
-0.291124
1.083983
0.014671
-0.890718
1.092623
0.253944
-0.091885
1.100430
-0.186648
-0.362094
1.066834
-0.445183
0.102420
1.009430
-0.747843
-0.116957
0.944284
-0.282917
-0.177163
0.932015
-0.177796
-0.262559
0.907308
-0.334946
-0.654828
0.867687
-0.494248
-0.621389
0.808134
-0.682380
0.065392
0.741477
-0.855757
-0.317075
0.635006
-1.094882
-0.374121
0.534339
-0.981956
0.274028
0.441399
-0.924471
-0.072965
0.350920
-1.001029
0.119348
0.236832
-0.884471
-0.184811
0.168731
-0.598914
0.114345
0.097888
-0.794256
0.001902
0.009369
-0.973976
0.079261
-0.095649
-0.981812
0.273950
-0.204923
-1.055461
0.135156
-0.290908
-0.661527
0.241510
-0.365364
-0.537602
-0.133504
-0.419254
-0.735080
-0.075219
-0.500697
-0.862640
-0.081318
-0.565906
-0.495610
-0.440394
-0.629603
-0.664037
-0.403395
-0.701096
-0.940406
-0.172141
-0.810390
-1.031376
0.061792
-0.903203
-0.854380
1.109992
-0.970578
-0.584035
0.703590
-1.021796
-0.370471
0.106105
-1.076472
-0.586366
-1.282660
-1.128363
-0.480578
-0.424540
-1.182191
-0.466818
-0.139374
-1.216402
-0.477312
-0.739088
-1.257971
-0.431124
-0.598516
-1.330659
-1.058928
-0.669940
-0.210182
1.865950
-2.838485
-0.029505
1.420265
-2.865348
0.123831
1.379283
-2.742029
0.260733
1.058266
-3.597357
0.389091
1.110490
-2.973700
0.497177
0.601527
-3.193364
0.574064
0.798522
-2.827269
0.652831
0.499557
-3.364181
0.718278
0.564252
-3.279264
0.786041
0.491159
-2.526900
0.833983
0.224932
-2.099144
0.869399
0.171991
-0.986241
0.897685
0.138693
-1.348187
0.912086
0.038980
-2.144411
0.916608
-0.002176
-1.545976
0.926151
0.107156
-1.353933
0.930488
-0.275075
-1.075525
0.904437
-0.266377
-0.800681
0.892548
-0.209361
-0.164896
0.854856
-0.610143
-0.035338
0.785514
-0.623838
-0.184664
0.717165
-0.690856
-0.275638
0.662817
-0.486955
0.691231
0.599297
-0.575083
0.732917
0.537620
-0.490419
0.309998
0.486693
-0.492936
0.624692
0.433216
-0.459982
1.027127
0.371076
-0.597068
1.319277
0.305150
-0.916144
1.061785
0.193201
-0.897457
0.742010
0.110075
-0.810158
-0.456941
0.039871
-0.802395
-0.094692
-0.063624
-1.326745
0.554552
-0.195442
-1.246441
0.883524
-0.325291
-1.409727
1.277139
-0.478872
-1.286337
0.509434
-0.598031
-1.070768
1.228398
-0.699248
-0.640812
0.983807
-0.761554
-0.529869
1.112052
-0.848163
-0.884310
1.517653
-0.937106
-0.512771
1.531031
-0.993742
-0.362412
1.144542
-1.040379
-0.621890
1.678116
-1.111365
-0.265846
1.581538
-1.143340
-0.193870
0.855041
-1.152265
0.120286
0.739825
-1.131127
0.211281
0.113256
-1.093674
0.516459
0.503007
-1.022970
0.762681
-0.293228
-0.953156
0.650909
-0.813179
0.081843
0.622605
-0.282564
0.154923
0.797970
-0.620893
0.247690
0.998860
-0.666016
0.354919
0.819321
-0.676667
0.422006
0.572351
-0.536568
0.504739
1.007214
-0.410705
0.590812
0.576610
-0.640399
0.645284
0.356440
-1.001790
0.680734
0.358619
-1.254688
0.725415
0.476918
-0.993328
0.772078
0.482705
-0.639302
0.813101
0.373093
-0.470010
0.830598
-0.102161
0.045145
0.822364
-0.086832
-0.162656
0.823118
0.175480
0.339520
0.864436
0.467269
-0.470974
0.914247
0.325435
-0.722327
0.952640
0.371147
-0.998243
0.990762
0.091408
-1.158387
1.002024
-0.127036
-2.128260
0.964768
-0.738157
-2.319845
0.887670
-0.940172
-1.781891
0.818784
-0.862965
-1.606905
0.737731
-0.755010
-1.089697
0.634362
-1.251937
-0.869841
0.512773
-1.268672
-1.453378
0.396866
-1.369999
-1.598014
0.261542
-1.376503
-1.126843
0.140989
-1.045816
-1.089219
0.037984
-1.020504
-1.109264
-0.049406
-0.996436
-0.454758
-0.133498
-0.664205
-0.159845
-0.202222
-0.485842
-0.235446
-0.255962
-0.672893
0.340764
-0.313616
-0.460534
0.606135
-0.359315
-0.419689
0.744717
-0.401887
-0.329366
1.040506
-0.455910
-0.587132
0.847946
-0.494399
-0.275716
1.440951
-0.545869
-0.524140
0.430599
-0.603736
-0.628607
0.024903
-0.653790
-0.338652
-0.762392
-0.685003
-0.604216
-0.922063
-0.754638
-0.939596
-0.729564
-0.858089
-1.107135
-0.603876
-0.971417
-1.258377
-0.692889
-1.101371
-1.631273
-1.204369
-1.258489
-1.618482
-0.808502
-1.412120
-1.634071
-0.832318
-1.553882
-1.250517
-0.475035
0.001473
0.451064
0.099679
0.059047
0.623978
-0.211974
0.131784
0.832793
-0.041367
0.202430
0.482546
0.907331
0.269449
0.960385
1.075859
0.386755
1.478013
1.089799
0.506440
1.137789
1.132570
0.606552
1.122384
0.707749
0.718125
1.232180
0.081463
0.830943
1.017825
-0.022561
0.911000
0.680444
-0.718073
0.983923
0.536758
-0.852121
1.027699
0.377792
-1.598125
1.060622
0.222828
-0.763233
1.082884
0.163332
-0.467347
1.091531
0.100514
-0.788222
1.088052
-0.318164
-0.817912
1.043396
-0.695873
-1.254895
0.982985
-0.660681
-1.422136
0.938210
-0.433670
-1.526260
0.906626
-0.678277
-1.813219
0.859062
-0.568575
-1.561891
0.806410
-0.737324
-2.017343
0.741436
-0.847732
-1.565222
0.653783
-1.057592
-0.794434
0.545543
-1.035814
-1.152156
0.423755
-1.396907
-1.037361
0.300355
-1.227359
-0.934819
0.176050
-1.256050
-0.876382
0.067110
-1.015819
-0.850748
-0.029700
-1.108472
-1.074951
-0.131619
-1.269487
-0.709554
-0.228753
-0.910914
-0.351140
-0.328391
-1.036892
0.097980
-0.424048
-1.030392
0.090878
-0.510566
-0.733265
0.625923
-0.585608
-0.414527
1.311553
-0.634072
-0.559049
0.266432
-0.661969
-0.016738
-0.588295
-0.671867
-0.352923
-0.915149
-0.712784
-0.381632
-0.785828
-0.747637
-0.580783
-0.836034
-0.838473
-1.133680
-1.340689
-0.946372
-1.054671
-0.355945
-1.045932
-1.111249
0.023871
-1.150944
-0.696566
0.193307
-1.217179
-0.339677
1.071825
-1.257630
-0.221046
1.906050
-1.248112
0.420713
0.933294
-1.185643
0.941423
0.601027
0.134023
0.054055
-0.474153
0.183610
0.498738
-0.603866
0.264700
0.782277
-0.600104
0.338846
0.880371
0.020213
0.415574
0.799696
0.271654
0.520328
1.077688
-0.268029
0.617531
0.731701
-0.224850
0.669338
0.485088
-0.220939
0.729388
0.690293
0.270244
0.802634
0.784864
0.009571
0.885051
0.723037
-0.454398
0.940480
0.377422
0.117001
0.979369
0.280835
-0.103764
1.005325
0.210261
-0.116298
1.012367
0.072784
0.422274
1.023812
0.050104
0.159037
1.028800
-0.196655
-0.535427
1.002180
-0.406587
-0.171752
0.950983
-0.621307
-0.378180
0.882914
-0.540729
-0.415298
0.825973
-0.665858
-0.195852
0.758357
-0.634009
-0.235186
0.690653
-0.663778
0.256747
0.643930
-0.232686
0.374980
0.605126
-0.427017
0.292166
0.548692
-0.531364
0.345944
0.493696
-0.650655
0.106693
0.425062
-0.835238
-0.172049
0.344870
-0.737217
0.051764
0.256871
-0.916473
0.330221
0.154285
-1.025487
0.385566
0.045594
-0.760992
-0.009009
-0.022580
-0.510927
-0.594959
-0.056970
-0.320137
-0.869235
-0.099394
-0.640625
-0.730752
-0.172515
-0.991211
0.123825
-0.277361
-0.938590
0.209944
-0.375288
-0.808012
0.610741
-0.462709
-0.834558
0.148335
-0.542462
-0.829293
0.751197
-0.627868
-0.500618
0.831279
-0.695414
-0.765688
1.974144
-0.779245
-0.668460
1.955467
-0.857912
-0.408166
2.183040
-0.911794
-0.686274
3.120850
-0.996375
-0.550395
3.176532
-1.051377
-0.021272
3.338669
-1.051244
0.138166
2.819273
-1.041081
0.284366
2.401448
-1.007568
0.772408
2.979110
-0.100066
1.363909
-1.452140
0.039287
1.298795
-1.270974
0.171109
1.024527
-1.123065
0.273473
0.740480
-0.705613
0.358929
0.946597
-0.829230
0.453839
0.755720
-1.064454
0.544092
0.797866
-0.951641
0.634597
0.811384
-0.622486
0.726631
0.988484
-0.865872
0.821408
0.954623
-0.650268
0.921179
0.968609
-0.951584
1.003859
0.645202
-0.314657
1.054304
0.018244
-1.176540
1.045767
-0.097263
-1.139846
1.031642
-0.196487
-0.887657
1.021234
-0.182602
-1.197507
1.015640
-0.136803
-1.279118
1.011697
-0.104533
-1.182340
0.985956
-0.577925
-1.143802
0.916716
-0.740321
-1.207569
0.835443
-0.990257
-1.305566
0.748486
-0.842371
-1.679901
0.677477
-0.740418
-0.645951
0.604324
-0.572743
0.030016
0.561187
-0.558913
-0.215317
0.507003
-0.458289
0.230315
0.443340
-0.958380
0.788582
0.328491
-1.082757
0.130955
0.210123
-1.094708
-0.063775
0.098548
-0.945945
0.827794
-0.000441
-0.725741
0.266243
-0.087570
-0.848815
1.429875
-0.180989
-0.530781
1.183264
-0.246211
-0.542449
0.653899
-0.300139
-0.583512
1.065372
-0.377185
-0.599458
1.245064
-0.451844
-0.751014
0.419492
-0.526678
-0.711993
0.507288
-0.596830
-0.612995
0.463139
-0.680442
-0.857305
0.602268
-0.774999
-0.987348
0.149883
-0.842861
-0.600567
-0.097292
-0.892285
-0.420132
0.183153
-0.917043
-0.209782
-0.173489
-0.951840
-0.390786
-0.860371
-0.981277
-0.200039
-0.432128
-1.004768
-0.362604
-0.515548
-1.022392
0.037844
-0.309473
-0.993157
0.560137
0.647308
-0.923856
0.825134
0.116512
-0.114520
1.457587
0.474919
0.021874
1.386803
0.418500
0.155905
1.463802
0.005191
0.292200
1.231932
-0.375071
0.426098
1.314357
-1.192197
0.532373
0.820672
-2.235858
0.611250
0.737900
-1.704700
0.685863
0.413648
-1.506036
0.740334
0.393470
-1.013014
0.763156
-0.002707
-0.855431
0.774386
-0.061666
-0.795185
0.774211
0.107813
-0.547923
0.782809
0.100971
-0.792612
0.793845
0.232125
-1.018476
0.824338
0.248355
-1.409139
0.854480
0.237980
-0.988745
0.845431
-0.291220
-1.121879
0.845125
-0.123165
-1.603281
0.862142
-0.032538
-1.141506
0.846795
-0.475048
-1.537188
0.813294
-0.488972
-0.691354
0.771661
-0.551359
-0.301990
0.693004
-0.857185
0.078154
0.617516
-0.465382
0.165581
0.559445
-0.662412
-0.149002
0.482382
-0.821178
-0.226733
0.398052
-0.962344
0.181489
0.295581
-1.044119
-0.567505
0.179954
-1.198029
-0.298151
0.064413
-1.095988
0.411593
-0.047154
-0.880408
-0.400677
-0.120897
-0.718159
-0.799570
-0.191225
-0.672885
-0.348523
-0.267452
-0.906694
0.361833
-0.363422
-0.862841
0.314257
-0.437709
-0.642330
-0.282977
-0.522916
-0.950081
-0.560830
-0.617061
-0.702674
-0.326802
-0.684610
-0.758600
0.003301
-0.759356
-0.720664
0.610186
-0.823189
-0.393909
0.723464
-0.863418
-0.392958
1.187779
-0.893253
-0.254852
1.544542
-0.926266
-0.456082
1.417338
-0.978867
-0.356295
1.025464
-1.024529
-0.331599
0.765641
-1.047797
-0.214015
1.118281
-1.084689
-0.299958
0.960758
-1.112735
-0.071350
0.198605
-1.124899
-0.262101
0.133738
-0.157271
1.488283
-1.078564
-0.003586
1.347238
-0.526040
0.149954
1.519298
-0.823872
0.283233
1.172675
-0.428688
0.378057
0.887570
-0.727117
0.447570
0.571955
-0.923483
0.519841
0.817607
-1.949517
0.617922
0.908375
-1.736526
0.721272
0.788394
-2.014122
0.821102
0.987600
-1.812411
0.930495
1.044404
-1.600530
1.021601
0.647481
-1.135337
1.077204
0.209168
-0.697855
1.113377
0.368301
-0.311379
1.128384
-0.175823
-0.146912
1.116676
-0.048087
-0.431651
1.073264
-0.399696
0.259302
1.042857
-0.128147
-0.196737
0.996048
-0.584407
-0.894237
0.948540
-0.439315
-1.114646
0.893962
-0.835259
-0.725420
0.809275
-0.812319
-0.102747
0.731528
-0.738535
0.058612
0.664338
-0.657205
0.707733
0.611817
-0.542901
0.033138
0.543206
-0.749127
-0.434323
0.469436
-0.642929
0.044350
0.410243
-0.646549
0.052587
0.335545
-0.617541
-0.340371
0.236321
-1.093444
-0.579400
0.141906
-0.719168
-0.985645
0.051286
-0.957993
-0.965249
-0.044780
-0.898098
-0.372397
-0.130925
-0.578410
-1.063421
-0.184939
-0.797639
-0.942375
-0.289954
-1.281165
-0.981987
-0.399603
-1.067308
-1.387345
-0.500462
-1.216371
-1.433274
-0.622334
-1.326635
-0.908754
-0.730746
-0.958902
-0.823208
-0.819018
-1.057799
-0.946278
-0.904015
-0.627326
-0.972951
-0.955185
-0.533577
-0.948575
-0.998822
-0.442246
-0.223299
-1.014112
-0.102415
0.371131
-1.014211
0.266606
1.146925
-0.997827
0.004913
1.470435
-1.007568
0.212116
0.434877
-1.002802
0.111451
0.455350
-1.008578
-0.141668
-0.251398
0.050740
0.682838
-0.995210
0.116047
0.626609
-1.402892
0.188049
0.564642
-0.921914
0.240393
0.403925
-0.962859
0.304795
0.662796
-1.010710
0.415652
1.235726
-1.061145
0.555931
1.426467
-1.327275
0.700737
1.077560
-1.832730
0.806197
0.930852
-1.700908
0.879836
0.496516
-1.628521
0.919561
0.314646
-1.242009
0.949450
0.064291
-0.726711
0.943107
-0.024956
-1.155762
0.939514
-0.180676
-0.648224
0.935407
-0.161059
-1.012506
0.929245
-0.178563
-1.382820
0.919171
-0.121606
-1.007910
0.902943
-0.256831
-1.014638
0.870864
-0.437757
-1.157455
0.821561
-0.559791
-0.504599
0.766442
-0.669396
-0.354909
0.704001
-0.587151
-0.427802
0.649623
-0.254052
0.017990
0.620054
-0.568090
-0.040658
0.567162
-0.544843
-0.434205
0.510741
-0.816821
-0.303577
0.423251
-0.752652
-0.083236
0.350059
-0.649789
-0.369306
0.276695
-0.676280
-1.004686
0.208790
-0.733269
-1.604569
0.136575
-0.795943
-1.298655
0.045435
-0.902946
-0.783506
-0.049661
-0.904058
-0.736417
-0.125551
-1.047214
-1.064295
-0.237245
-1.248893
-0.224290
-0.357367
-1.284471
-0.077846
-0.482699
-1.144208
0.218771
-0.585135
-1.009929
0.341532
-0.683561
-0.943656
0.884569
-0.769222
-0.476103
1.098862
-0.817779
-0.237068
0.978774
-0.859973
-0.234886
1.270748
-0.898697
-0.321142
1.264556
-0.932395
-0.213654
0.625271
-0.949140
-0.071499
0.245695
-0.951836
0.055555
0.338753
-0.957962
-0.023468
0.854105
-0.927996
0.483292
0.928900
-0.884480
0.377743
0.404612
-0.872893
-0.184732
0.478689
-0.041598
1.407902
-1.155322
0.107269
1.483677
-0.472436
0.239861
1.315190
-0.602680
0.369082
1.000036
-0.984744
0.472568
0.903175
-1.397024
0.540693
0.272824
-1.056936
0.590538
0.492115
-1.441453
0.640472
0.388696
-0.852623
0.686140
0.285111
-0.973225
0.724037
0.363613
-1.390842
0.775927
0.320595
-2.098960
0.817798
0.299297
-1.647603
0.868718
0.328305
-1.626668
0.917285
0.420736
-1.077136
0.963181
0.384312
-1.684072
0.992637
0.171581
-1.427570
0.998767
-0.211786
-1.397956
0.952904
-0.268120
-0.721264
0.915180
-0.659714
-0.571520
0.829348
-0.828108
-0.101296
0.744407
-0.866356
0.234870
0.652734
-0.900674
0.593979
0.577938
-0.523945
0.658738
0.501793
-0.720854
0.584328
0.434707
-0.592827
0.633488
0.366825
-0.697650
0.753318
0.299233
-0.627639
0.577730
0.220288
-0.733053
-0.302089
0.146593
-0.686103
-0.299975
0.060707
-0.768088
0.062970
-0.037228
-1.167477
0.051297
-0.158033
-1.099150
0.270146
-0.250102
-0.886764
0.675765
-0.345166
-0.856146
0.395768
-0.407339
-0.371225
0.289865
-0.448500
-0.389227
-0.260282
-0.511535
-0.982374
-0.160601
-0.615202
-0.947938
0.198938
-0.704871
-0.751243
-0.242520
-0.794864
-0.956023
0.052466
-0.855958
-0.298955
-0.191536
-0.881015
-0.237682
0.691569
-0.909168
-0.224752
0.500827
-0.915493
0.047145
-0.266167
-0.909616
-0.061205
-0.387415
-0.930109
-0.265592
-0.421393
-0.961153
-0.308612
0.891334
-0.989043
-0.105653
1.111270
-0.989221
0.131971
0.964700
-0.968193
0.368356
1.461543
0.087238
0.542092
-0.059500
0.149250
0.625051
-0.291254
0.195692
0.526807
-0.279935
0.251027
0.508112
0.172465
0.326233
0.821248
0.422809
0.427782
1.145745
0.527325
0.535081
1.084991
0.155659
0.644578
0.998048
0.806997
0.735346
0.859492
-0.017597
0.816766
0.858665
-0.580015
0.906684
0.578867
-0.858173
0.976712
0.694220
-0.844200
1.034284
0.451590
0.049417
1.070741
0.205509
-0.261509
1.087087
0.160766
-1.024618
1.092391
-0.221682
-1.327230
1.070782
-0.257335
-1.246412
1.053291
-0.209397
-1.522445
1.015977
-0.558884
-1.304526
0.953546
-0.671612
-0.990702
0.904433
-0.568441
-0.926499
0.838337
-0.945114
-1.354333
0.743075
-0.964412
-0.902247
0.656643
-0.672021
-0.691626
0.583835
-0.857395
-1.051441
0.501455
-0.992802
-0.510145
0.395158
-0.925180
0.082222
0.294093
-1.022909
-0.245263
0.203983
-0.924082
-0.391954
0.123625
-0.520819
0.209364
0.037260
-1.099100
-0.089883
-0.069544
-1.119921
0.143083
-0.208606
-1.627004
0.359441
-0.354404
-1.312530
0.303312
-0.493714
-1.268700
0.080135
-0.600389
-0.764492
0.378924
-0.662792
-0.361644
0.417283
-0.699441
-0.307169
0.037624
-0.721143
-0.053247
0.095291
-0.727336
-0.068949
-0.352615
-0.749920
-0.326140
-0.753511
-0.804430
-0.867797
-0.656769
-0.878320
-0.771935
-0.492745
-0.953744
-0.670562
0.016814
-1.011158
-0.565972
0.151185
-1.042930
-0.103188
0.270867
-1.043887
0.035329
0.562773
-1.032835
0.124922
1.072071
-1.032794
0.029291
1.043862
-1.061573
-0.477228
0.510317
-0.189268
1.414692
0.301118
-0.035704
1.487067
-0.042545
0.103396
1.436384
-0.073233
0.234422
1.387009
-0.573181
0.393857
1.405005
-0.715902
0.500300
0.920131
-0.942966
0.590193
0.597791
-0.121733
0.643271
0.447202
-0.474201
0.695570
0.484440
-0.546283
0.752495
0.541478
-0.466322
0.827786
0.721490
0.295789
0.901788
0.612583
0.160608
0.964593
0.557746
-0.569144
0.986585
0.179424
-0.479941
0.997783
-0.029408
-0.105097
0.992388
0.030570
-0.132574
1.008194
-0.061893
-0.040355
0.998410
-0.332812
-0.454850
0.956185
-0.627194
-0.480800
0.899841
-0.501579
-0.067723
0.849426
-0.534542
-1.515580
0.794412
-0.557077
-1.020587
0.755530
-0.441219
-2.086086
0.718712
-0.489133
-1.802105
0.662824
-0.544181
-1.121283
0.591478
-1.003301
-1.125927
0.495002
-1.078973
-0.979714
0.385747
-1.114155
-1.246945
0.269015
-1.056494
-1.747228
0.184503
-1.091554
-1.322364
0.077832
-0.933898
-0.738216
-0.000995
-0.809137
-0.442320
-0.071642
-0.760219
-0.296869
-0.149221
-0.828661
0.349423
-0.235011
-0.746124
0.500219
-0.332874
-1.016928
0.801876
-0.432282
-0.987828
1.247650
-0.548082
-1.074454
0.844321
-0.658249
-0.854369
1.473386
-0.738974
-0.732692
1.447668
-0.820268
-0.717572
2.204514
-0.890853
-0.424860
1.992094
-0.933704
-0.058010
1.693664
-0.939226
0.040221
0.746397
-0.942254
-0.067578
0.786663
-0.938609
0.302481
0.460674
-0.903701
0.290988
1.190577
-0.861165
0.464940
1.774066
-0.828738
0.370637
1.694894
-0.800858
0.529141
1.615628
-0.003556
1.139221
0.218304
0.090436
0.786152
0.955172
0.167150
0.882875
1.045809
0.238072
0.563487
1.292321
0.286510
0.564218
0.574441
0.341737
0.703785
-0.047092
0.415058
1.055000
0.164556
0.533681
1.155183
-0.180360
0.641998
0.993874
0.166066
0.737927
1.011391
0.030892
0.840719
0.900585
-0.958536
0.929630
0.772799
-1.354049
1.014307
0.567761
-1.438328
1.066396
0.169063
-1.312371
1.086010
0.057447
-1.856204
1.088265
-0.333348
-2.527964
1.050148
-0.444563
-2.516825
1.019041
-0.384880
-2.512674
0.980075
-0.611712
-2.657674
0.938521
-0.746980
-2.308632
0.880133
-0.553708
-1.441909
0.824845
-0.554249
-1.721588
0.776981
-0.516591
-1.365573
0.726181
-0.605685
-1.506524
0.683704
-0.627441
-1.208993
0.620694
-0.745319
-0.858660
0.552896
-0.695715
-0.981214
0.473946
-0.995532
-1.064949
0.376387
-1.111764
-0.774740
0.279404
-1.012305
-1.110522
0.176063
-1.215565
-1.175513
0.063925
-1.257712
-1.386333
-0.062305
-1.363351
-1.153865
-0.208116
-1.385825
-0.946627
-0.343272
-1.211674
-1.673183
-0.462742
-1.054449
-1.464152
-0.555773
-0.953298
-0.983913
-0.658334
-1.058337
-0.019306
-0.759670
-0.917589
-0.173794
-0.838255
-0.551457
0.668181
-0.911845
-0.473727
0.410069
-0.942093
-0.404149
0.356957
-0.967850
-0.088724
0.096250
-0.972846
0.022046
0.150774
-1.008783
-0.505683
0.292655
-1.043482
-0.153418
0.348963
-1.056453
-0.084308
-0.039388
-1.063916
0.095073
-0.322216
-1.050461
-0.011514
-1.505745
-1.078216
-0.515720
-1.371889
-0.141268
1.732392
-1.693769
0.029679
1.450575
-1.725278
0.169630
1.227884
-1.590724
0.314082
1.296900
-1.804127
0.465938
1.159462
-1.053419
0.586636
1.133352
-0.880242
0.675800
0.638065
-1.272326
0.731272
0.335131
-1.033319
0.753747
0.042162
-0.192083
0.760865
-0.085543
-0.934342
0.762960
-0.083929
-1.499777
0.754776
-0.051243
-1.351177
0.776155
0.276620
-1.298379
0.822221
0.406956
-1.569448
0.866229
0.174504
-1.089534
0.880967
0.076082
-0.748201
0.904380
0.056574
-0.632418
0.907919
-0.006068
-1.132981
0.922646
0.152376
-1.325635
0.935382
-0.079726
-1.920304
0.902685
-0.519401
-1.761943
0.861711
-0.452746
-1.924555
0.824434
-0.566210
-1.754153
0.755824
-0.842030
-1.284509
0.679185
-0.740783
-0.478134
0.597609
-0.945243
-0.341478
0.530230
-0.667442
-0.539708
0.449056
-0.731598
-0.016147
0.363021
-0.975963
-0.316218
0.279081
-0.724267
-0.096643
0.204909
-0.752701
-0.053816
0.125391
-0.855857
-0.525279
0.029499
-0.892796
-0.065975
-0.085623
-1.229970
-0.425495
-0.208669
-1.190982
-0.303154
-0.321433
-0.945592
0.251551
-0.422855
-0.833157
1.073407
-0.518134
-0.936737
1.504043
-0.625386
-0.954383
1.628214
-0.720963
-0.924906
1.616355
-0.808229
-0.554874
0.674416
-0.874078
-0.531680
0.297062
-0.906455
-0.184256
-0.023707
-0.936861
-0.068714
-0.280248
-0.918020
0.265974
-0.245775
-0.908841
0.292266
-0.065334
-0.899443
-0.075862
0.037123
-0.924823
-0.089709
0.422433
-0.923009
0.172251
0.577332
-0.927981
0.067673
1.203150
-0.089020
2.007291
-0.785182
0.110422
1.753308
-0.841759
0.284060
1.553306
-1.264551
0.441690
1.373187
-0.984296
0.562116
0.992237
-1.336188
0.661874
0.735552
-1.268114
0.712024
0.305845
-1.030915
0.757220
0.493177
-0.782624
0.817361
0.647917
-0.441330
0.890325
0.564293
-0.927479
0.938145
0.243516
-1.029203
0.978384
0.398277
-0.473489
0.991438
-0.025782
-0.453923
1.001761
0.169376
-0.364961
0.984516
-0.195551
-0.878736
0.946101
-0.631965
-0.176138
0.887303
-0.664174
-0.477844
0.837681
-0.313610
-0.193383
0.784146
-0.296571
-0.137886
0.767204
0.094290
-0.500183
0.761708
-0.418358
-0.304655
0.726776
-0.433983
-0.387052
0.694310
-0.411198
-1.034255
0.634447
-0.681182
-0.284757
0.565454
-0.523419
-0.063313
0.496829
-0.801466
0.709468
0.393012
-1.036844
1.405228
0.287321
-0.879767
1.038233
0.209326
-0.607765
1.360504
0.161536
-0.613182
1.210785
0.092138
-0.699626
1.511898
0.002059
-1.060515
1.125811
-0.123615
-1.211988
1.051201
-0.228165
-0.830131
0.873570
-0.305613
-0.564870
0.612884
-0.381203
-0.689558
0.762866
-0.455943
-0.698116
1.689186
-0.525017
-0.642238
1.791247
-0.614107
-0.776472
1.608191
-0.689321
-0.684705
2.558987
-0.777909
-0.735835
2.235340
-0.849088
-0.536526
2.308337
-0.888324
0.071827
2.435425
-0.895584
-0.060727
1.753171
-0.890290
0.143749
1.589515
-0.898238
-0.156208
1.175420
-0.914429
0.060157
0.756105
-0.911609
-0.048329
0.974129
-0.935281
-0.390687
0.562398
-0.967429
-0.252533
0.502429
-0.059246
0.757369
-1.476629
0.022885
0.399424
-0.801536
0.071372
0.605298
-0.326861
0.140573
0.786904
-0.159124
0.236937
1.182481
-0.034139
0.345045
1.216286
0.376026
0.452509
1.037607
-0.339808
0.560839
0.963061
0.010317
0.633441
0.628251
-0.599130
0.718656
0.854064
-0.842631
0.800951
0.720520
-0.643119
0.843662
-0.059625
-0.765883
0.872959
0.377189
-0.627562
0.916179
0.357186
-0.857701
0.947334
0.050368
-0.882814
0.952185
-0.321926
-1.194672
0.915516
-0.625028
-0.675055
0.848012
-0.606302
-0.305732
0.811810
-0.254828
-0.631608
0.782342
-0.427097
-0.774713
0.744504
-0.272946
0.004869
0.701436
-0.436254
-0.546426
0.675469
-0.371991
0.170148
0.652732
-0.152277
-0.170517
0.652806
-0.131501
-0.316665
0.622720
-0.477242
-0.463169
0.560531
-0.814977
-0.994565
0.490183
-0.727719
-0.882483
0.418951
-0.845463
-0.488772
0.335172
-0.953084
-0.492807
0.208697
-1.421194
0.037661
0.058646
-1.453954
0.105333
-0.080469
-1.195630
0.461907
-0.196221
-0.939147
0.131438
-0.296233
-0.938223
1.279153
-0.391456
-0.769319
0.846398
-0.456843
-0.641613
1.049712
-0.500656
-0.290592
0.995983
-0.543605
-0.368668
1.435658
-0.593729
-0.473971
1.402430
-0.649059
-0.731016
0.944043
-0.726543
-0.747252
1.328729
-0.813255
-0.780554
1.804723
-0.908388
-0.854885
1.180725
-1.017228
-0.809059
0.740775
-1.093326
-0.580741
1.446808
-1.126676
-0.104333
1.388267
-1.128615
0.191600
1.261905
-1.113669
0.195611
0.385938
-1.109320
0.206249
1.074745
-0.108968
1.075368
-0.271907
0.020739
1.286283
0.066512
0.139325
1.090261
0.372859
0.238534
1.017915
0.846528
0.338493
1.028693
0.812850
0.428243
0.827430
-0.109459
0.505680
0.690420
-0.235847
0.581671
0.913190
-0.579946
0.689652
0.854467
-1.441473
0.759640
0.809687
-1.316112
0.833055
0.340654
-1.264172
0.873408
0.410129
-1.366577
0.917687
0.267341
-0.884564
0.932320
-0.104055
-0.827025
0.930412
-0.258820
0.060719
0.925519
-0.049656
-0.480526
0.927240
-0.066055
-0.966291
0.914847
-0.387810
-1.723583
0.899519
-0.192525
-1.640553
0.886587
-0.249985
-1.373557
0.861423
-0.330171
-1.710233
0.809978
-0.844845
-2.157309
0.743979
-0.605044
-2.241433
0.682027
-0.763357
-1.801848
0.622318
-0.735657
-1.702883
0.554157
-0.626133
-1.042074
0.482239
-0.993956
-1.127066
0.413323
-0.772318
-0.270918
0.331376
-0.864267
0.106477
0.241539
-0.750498
-0.236068
0.171839
-0.630448
0.684954
0.081574
-0.711811
1.336964
-0.012273
-0.899229
0.744651
-0.094211
-0.583149
0.719288
-0.169366
-0.823444
0.753916
-0.258452
-0.925137
0.659593
-0.350841
-1.086434
0.448354
-0.444257
-0.815355
0.987803
-0.519335
-0.486868
1.385314
-0.567239
-0.437802
1.214026
-0.618805
-0.460994
1.056478
-0.682909
-0.500818
0.186147
-0.744854
-0.556652
-0.277793
-0.784153
-0.504980
-1.035154
-0.840291
-0.695979
-0.624410
-0.916635
-0.992321
-0.963776
-1.011076
-1.000199
-0.575683
-1.131015
-1.433999
-1.094717
-1.277561
-1.364975
-0.168196
-1.414387
-1.530293
-0.067429
-0.024862
1.035877
-0.332549
0.081727
1.148777
-0.758116
0.173045
0.652441
-0.568665
0.242924
0.532824
0.108807
0.299373
0.626102
0.195274
0.376471
0.891599
0.181225
0.461459
0.863063
-0.108720
0.556598
0.949433
-1.510393
0.662210
1.066446
-1.387212
0.766702
1.135299
-1.008379
0.872262
0.921259
-1.132964
0.961639
0.657722
-1.220414
1.016449
0.494814
-0.635821
1.051209
0.182184
-0.900907
1.062997
-0.023968
-1.187015
1.089742
0.177690
-0.942826
1.074206
-0.332104
-0.442953
1.026872
-0.741012
-0.367335
0.936801
-0.933137
-0.020966
0.845301
-0.862088
-0.224973
0.768592
-0.634161
-0.315670
0.713733
-0.537708
-0.137332
0.643565
-0.788348
-0.023165
0.573819
-0.633837
0.172744
0.530277
-0.444382
0.171514
0.486362
-0.527781
0.179335
0.409136
-0.815590
-0.269192
0.319751
-0.850250
-0.712598
0.201904
-1.409511
0.020706
0.075626
-1.106946
0.195092
-0.035234
-0.984941
0.694255
-0.121978
-0.858734
1.031682
-0.225724
-1.132649
1.472650
-0.316337
-0.563119
1.472365
-0.382979
-0.710112
0.856864
-0.458942
-0.655157
0.376584
-0.538789
-0.657471
0.219245
-0.605927
-0.844322
-0.467036
-0.693487
-0.764442
-0.638348
-0.758384
-0.500609
0.152119
-0.801552
-0.446852
-0.309892
-0.824669
-0.235070
-0.395807
-0.857791
-0.445265
-0.144885
-0.908483
-0.606195
0.464052
-0.966738
-0.485056
1.250696
-1.012135
-0.472640
1.452173
-1.070164
-0.478079
1.682353
-1.109562
-0.189288
0.840843
-1.149494
-0.290228
0.867718
-1.178230
-0.158605
0.900773
-0.007703
1.221144
0.123590
0.111186
1.163452
0.293394
0.231757
1.175303
-0.311932
0.342498
1.147665
-0.635471
0.444389
0.848847
-0.304305
0.534799
1.015012
-0.079072
0.645911
1.161287
-0.632749
0.754818
0.841860
-1.328635
0.857664
0.730645
-0.632001
0.932847
0.671394
-0.199081
0.983394
0.229735
-0.053888
1.016119
0.299282
-0.675065
1.054243
0.254604
-0.754467
1.071936
-0.022653
-0.099250
1.055134
-0.231880
-0.179921
0.998302
-0.665834
0.233409
0.927299
-0.821055
0.396354
0.839673
-0.907528
0.276071
0.756545
-0.795323
-0.401575
0.691419
-0.584214
0.093489
0.646429
-0.125889
0.315795
0.631668
-0.082171
0.631131
0.591649
-0.530556
0.455465
0.540470
-0.315759
0.157494
0.498609
-0.601659
-0.154093
0.434745
-0.509010
0.156732
0.354761
-0.870478
0.259064
0.262403
-0.688405
-0.167852
0.211809
-0.427303
-0.577039
0.165818
-0.508117
-1.551732
0.108043
-0.800467
-1.465302
0.023040
-0.775429
-1.774479
-0.064057
-0.997489
-0.812255
-0.162879
-1.270133
-0.310990
-0.286351
-1.155816
-0.454621
-0.407655
-0.843523
0.459191
-0.506175
-0.844187
0.388175
-0.599286
-0.854362
0.098453
-0.675444
-0.632677
1.009067
-0.739275
-0.509966
0.661684
-0.797528
-0.722621
0.522345
-0.880351
-0.673852
0.034621
-0.933185
-0.502445
0.857547
-0.971473
-0.318946
-0.248847
-1.009251
-0.465613
-0.193837
-1.064922
-0.355523
0.179277
-1.097082
-0.298815
-0.195879
-1.124489
-0.165006
-0.189524
-1.158526
-0.366430
0.123383
-1.214020
-0.449101
0.135955
0.287254
-0.230243
1.367163
0.252164
-0.060966
1.606762
0.223929
-0.330492
1.324101
0.209434
0.041778
0.860227
0.227644
0.389922
1.028918
0.286687
0.838280
1.071099
0.392831
1.189091
0.541694
0.506350
1.032984
0.434826
0.606843
1.026192
-0.208562
0.726850
1.228588
0.054479
0.836419
0.933779
0.113337
0.908582
0.637829
-0.764165
0.989249
0.766140
-0.812520
1.052685
0.257072
-0.783439
1.083834
0.050944
-1.283895
1.080801
-0.254520
-0.781703
1.046767
-0.558739
-0.584604
0.999958
-0.461333
-0.142777
0.941755
-0.621850
-1.183004
0.895870
-0.460382
-1.265137
0.859370
-0.427689
-0.813321
0.807222
-0.623535
-0.952554
0.737519
-0.651803
-0.723090
0.661211
-0.810441
-0.650046
0.597582
-0.616876
-1.675769
0.522127
-1.173050
-1.215656
0.413041
-1.231116
-1.358907
0.290340
-1.354328
-1.150889
0.156371
-1.239045
-1.413719
0.045321
-1.200230
-1.512115
-0.063807
-0.950678
-1.116289
-0.125036
-0.494238
-1.687279
-0.169008
-0.700152
-1.788652
-0.204332
-0.578501
-1.437272
-0.259843
-0.585179
-1.065312
-0.317896
-0.591858
-1.240473
-0.400557
-1.144223
-1.076683
-0.505445
-1.136410
-0.564071
-0.613256
-1.042704
-0.585193
-0.720060
-1.106538
-0.316779
-0.828014
-0.981412
-0.603805
-0.906403
-0.811795
-1.306843
-0.944053
-0.283436
-0.662523
-0.940549
0.170618
-0.834040
-0.912684
0.344302
-1.494807
-0.878825
0.126367
-1.023793
-0.871077
-0.150010
-0.561078
-0.919341
-0.618175
-0.033946
-0.963654
-0.198777
-1.008145
-0.982017
-0.247363
-1.881281
0.138635
0.537838
0.012887
0.213865
0.972898
0.193399
0.302054
0.810289
0.033274
0.379665
0.719078
-0.488630
0.453115
0.438986
-0.477488
0.523361
0.666436
-0.355540
0.614508
0.969417
-0.164723
0.697454
0.632859
-0.476533
0.766820
0.708281
-0.807043
0.835443
0.751657
-1.601449
0.899230
0.541987
-1.175005
0.926370
0.112659
-1.758172
0.956962
0.421619
-1.743655
0.997330
0.193091
-1.198971
1.007248
0.048352
-1.546848
1.007962
-0.123296
-1.609467
0.991856
-0.405900
-1.229741
0.981574
-0.100284
-0.998867
0.941093
-0.679366
-1.376430
0.893358
-0.574712
-1.499547
0.841647
-0.667884
-2.023741
0.786456
-0.846591
-1.939210
0.706261
-0.669630
-1.571902
0.668005
-0.566396
-1.645916
0.628369
-0.532003
-1.439752
0.583968
-0.436871
-1.135231
0.527880
-0.617854
-1.714151
0.449890
-1.107193
-2.142305
0.355741
-1.001336
-2.489042
0.252284
-1.151434
-2.489397
0.131514
-1.629727
-1.612183
-0.014845
-1.583143
-1.044538
-0.166366
-1.580322
-0.528446
-0.311332
-1.529852
0.035017
-0.448076
-1.146091
-0.296988
-0.555048
-0.928496
0.401097
-0.629613
-0.634994
0.552185
-0.705863
-0.718507
0.703376
-0.775035
-0.518510
0.691349
-0.834362
-0.535969
0.149730
-0.885569
-0.413382
-0.502149
-0.933503
-0.536008
0.315554
-0.976419
-0.347596
1.233199
-1.009010
-0.206324
1.188048
-1.036544
-0.294822
1.364797
-1.050324
0.067832
1.268810
-1.023877
0.288820
0.858373
-0.990884
0.590648
0.914592
-0.937377
0.519435
0.393858
-0.902307
0.391282
1.334055
-0.402134
2.679036
-1.848560
-0.133110
2.376003
-1.992034
0.105583
1.978067
-2.155384
0.293614
1.575075
-2.398016
0.464376
1.505270
-2.305334
0.590704
0.845466
-3.167671
0.668096
0.506546
-3.386622
0.730607
0.502910
-3.383672
0.804607
0.403490
-2.849360
0.850678
0.161747
-2.217840
0.867258
-0.081036
-1.468054
0.870550
-0.183393
-1.536280
0.868200
0.008823
-1.710778
0.854627
-0.355909
-1.498644
0.831439
-0.227004
-0.994106
0.834238
0.161816
-1.268772
0.845776
-0.025492
-1.599645
0.855614
0.111740
-1.056949
0.862640
-0.257058
-1.548919
0.856476
-0.051905
-1.886250
0.839192
-0.233204
-0.882184
0.807367
-0.467818
-0.699932
0.756620
-0.573236
-0.126064
0.685003
-0.736351
-0.759064
0.600091
-0.982588
-0.424554
0.502175
-0.906890
-0.284074
0.405720
-0.800296
0.452027
0.340754
-0.538065
0.394442
0.273841
-0.647488
-0.220563
0.190109
-0.836259
-0.394924
0.107411
-0.668846
-0.476368
0.035197
-0.664281
-0.833905
-0.042970
-0.735024
-0.706828
-0.116128
-0.670666
-1.061202
-0.199789
-0.967025
-0.814902
-0.293430
-0.905386
0.431435
-0.367126
-0.558709
-0.305536
-0.449208
-0.985437
0.375578
-0.549853
-0.681623
0.659542
-0.610381
-0.605751
-0.375665
-0.661980
-0.450326
-0.338082
-0.712027
-0.596043
0.121264
-0.779276
-0.574834
-0.014649
-0.814336
-0.155903
-0.090103
-0.843548
-0.554218
-0.651043
-0.912903
-1.018104
-1.251405
-1.051884
-1.619879
-1.102976
-1.209725
-1.661669
-1.133402
-1.381391
-1.554171
-1.098237
-1.534811
-1.585054
-1.351631
-0.192140
1.656703
-0.821402
-0.022227
1.700456
-1.026658
0.153230
1.739588
-1.530013
0.326604
1.365445
-1.540146
0.449213
1.005759
-1.884125
0.543171
0.833312
-1.561772
0.639198
0.874604
-1.894563
0.732446
0.759156
-2.093743
0.806649
0.496859
-1.475071
0.866306
0.288999
-1.053830
0.900712
0.263534
-1.017772
0.918515
0.243002
-0.609469
0.924373
-0.000344
-1.046594
0.940102
0.007448
-0.519250
0.917361
-0.342015
-0.465475
0.885066
-0.255570
-0.061878
0.871952
0.093470
-0.202704
0.886315
0.039233
-0.583472
0.882363
-0.122392
0.370655
0.878659
-0.090619
-0.275502
0.851684
-0.267885
-0.734008
0.827997
-0.149561
-0.998822
0.789370
-0.729758
-0.654242
0.714506
-0.673043
-0.381729
0.619589
-1.021440
-0.371767
0.489437
-1.161057
0.402837
0.382028
-1.101571
0.310136
0.265916
-1.090915
0.659743
0.148669
-0.996242
0.239780
0.055567
-0.979130
0.310928
-0.030472
-0.890164
0.231467
-0.129796
-1.099556
-0.053846
-0.242132
-1.003679
0.555420
-0.351136
-1.010246
0.349759
-0.443623
-0.899487
0.702883
-0.527090
-0.556545
0.783818
-0.599673
-0.725620
1.032228
-0.661024
-0.402987
0.009153
-0.706525
-0.575546
-0.521010
-0.764059
-0.455989
-0.911712
-0.811702
-0.283327
-0.313415
-0.850021
-0.566419
-0.083268
-0.908527
-0.510912
-0.103693
-0.970235
-0.619305
0.426957
-1.038820
-0.618018
-0.527254
-1.101888
-0.606974
-0.661653
-1.151272
-0.502886
-0.523707
-1.203586
-0.677179
-0.399858
-1.246324
-0.219451
-0.282542
-1.256257
0.077294
0.046944
0.001912
0.684266
-0.897983
0.081872
0.724043
-1.115484
0.182724
1.134943
-0.988004
0.302491
1.276895
-0.528680
0.446978
1.296770
-1.349474
0.559197
0.810967
-1.469683
0.655075
0.855515
-1.480908
0.743839
0.820757
-1.841764
0.832249
0.573510
-1.629594
0.905187
0.679347
-1.793732
0.980775
0.716933
-1.733358
1.054359
0.478631
-2.194892
1.082119
0.098946
-1.482278
1.068565
-0.480276
-1.632705
1.021327
-0.604918
-1.739779
0.951528
-0.903892
-1.875128
0.899012
-0.605220
-1.929602
0.857181
-0.618546
-2.060698
0.806537
-0.595598
-1.394263
0.740662
-0.697908
-0.669657
0.699734
-0.312170
-0.260258
0.662438
-0.582111
-0.451461
0.604283
-0.361991
-0.220304
0.576512
-0.356119
-0.620891
0.552368
-0.269204
-1.054844
0.508341
-0.854407
-1.321216
0.426720
-0.863418
-1.524116
0.346855
-0.955314
-0.888850
0.251272
-1.109288
-0.717407
0.140142
-1.235847
-1.216514
0.051239
-0.809113
-1.092366
-0.020393
-0.861026
-0.795693
-0.111149
-1.102854
-0.340237
-0.214652
-0.970594
0.015010
-0.316941
-1.035233
0.934039
-0.412367
-0.696938
0.988841
-0.492587
-0.657254
0.526674
-0.583380
-0.954403
0.739126
-0.683121
-0.754044
1.877938
-0.759369
-0.645395
1.440461
-0.820307
-0.547074
1.534682
-0.877184
-0.556729
1.886806
-0.937100
-0.402428
1.650899
-0.987036
-0.372454
2.596938
-1.007922
0.080528
3.499776
-1.011594
0.116941
2.834860
-0.998588
0.304243
2.421583
-0.964581
0.599399
1.502179
-0.919649
0.523888
0.863081
-0.870558
0.328769
1.182069
0.019484
0.913399
-0.531842
0.111957
0.879584
-0.413827
0.204628
0.995807
-0.565799
0.326565
1.050265
-0.768300
0.439278
1.097182
-0.775773
0.537213
0.920534
-1.039785
0.637473
0.811953
-1.428475
0.736066
0.793945
-1.272725
0.807549
0.433315
-1.503638
0.857910
0.396043
-1.165077
0.906884
0.431896
-1.676776
0.948152
0.403936
-0.841856
0.981490
0.291191
-1.248813
1.013901
0.062815
-0.963219
1.012290
-0.221466
-1.534181
0.995178
-0.114332
-0.680881
1.007537
0.226318
-0.859215
1.022443
-0.121648
-0.986526
1.003318
-0.496400
-1.351153
0.954697
-0.635840
-1.218701
0.876733
-0.911499
-0.614371
0.782477
-0.943056
-0.621928
0.694717
-0.745755
-0.290120
0.613167
-0.863969
-0.586115
0.535569
-0.737567
-0.137342
0.457265
-0.703717
-0.352827
0.387961
-0.623017
-1.212950
0.316630
-0.917633
-1.663769
0.211182
-1.032534
-1.270038
0.096535
-1.198668
-0.846297
-0.025350
-1.083995
0.129354
-0.146244
-1.235291
-0.249854
-0.271419
-1.082035
-0.203921
-0.370506
-1.017486
-0.022366
-0.445531
-0.657766
-0.393279
-0.538958
-1.026302
0.143719
-0.627202
-0.699943
0.973490
-0.696128
-0.687803
1.007953
-0.762530
-0.600308
0.505657
-0.809210
-0.431993
0.099025
-0.873792
-0.830342
-0.049124
-0.962600
-0.717334
0.264919
-1.040840
-0.491666
0.597975
-1.089576
-0.290758
0.917689
-1.122463
-0.418863
0.308834
-1.154170
-0.158070
0.284140
-1.162468
0.172574
-0.696242
-1.144699
0.217131
-0.670768
-1.133630
-0.078111
-0.543210
-1.147117
-0.189860
-0.630904
-0.069860
1.004146
-1.828510
0.042722
0.978114
-1.928032
0.154373
1.101378
-1.519759
0.268577
0.981248
-0.188291
0.378168
1.072818
0.032268
0.492323
1.246312
-0.382362
0.617014
1.136610
-0.626111
0.729200
0.926746
-0.329741
0.833472
0.959227
-1.414329
0.900474
0.298764
-1.709101
0.946588
0.378208
-1.840735
0.971314
-0.101119
-1.208286
0.963418
-0.099175
-1.580883
0.971499
-0.062554
-1.519600
0.980058
0.191765
-1.371361
1.000303
0.185414
-0.764252
0.996706
-0.259009
-0.786805
0.957528
-0.549531
-0.518462
0.919573
-0.337171
-1.108294
0.901928
-0.218286
-1.313264
0.877513
-0.273658
-0.521782
0.844475
-0.327907
-0.436079
0.797554
-0.706381
-0.393127
0.724674
-0.738339
-0.358617
0.648983
-0.876049
-1.087277
0.562050
-0.985447
-1.165435
0.459283
-1.060364
-1.133787
0.336855
-1.272447
-0.609598
0.219717
-1.112262
-0.159582
0.112939
-1.221427
-0.294915
-0.023315
-1.338045
-0.436111
-0.152266
-1.186887
-0.308183
-0.244114
-0.642899
-0.309425
-0.310206
-0.664804
-0.081726
-0.373958
-0.670783
-0.548150
-0.455287
-1.171224
-0.185704
-0.575545
-1.317152
0.425375
-0.702256
-1.032745
0.220966
-0.806413
-0.862420
0.190424
-0.879454
-0.494102
0.712081
-0.916030
-0.276682
0.688933
-0.948286
-0.254682
0.509197
-0.986993
-0.437767
0.369091
-1.034624
-0.443393
0.414029
-1.085025
-0.583715
1.016345
-1.148593
-0.487601
1.065178
-1.214419
-0.548981
1.100751
-1.251263
-0.161216
0.567929
-1.275554
-0.147401
0.257421
-1.280909
0.017408
0.145897
-0.350658
2.110685
-2.489323
-0.115948
2.305423
-3.123966
0.119932
1.823447
-3.732611
0.321438
1.665153
-3.782208
0.477016
1.048840
-4.417730
0.608002
1.054279
-3.483405
0.723215
0.701709
-2.926629
0.803950
0.488856
-3.125147
0.852894
0.379783
-2.788860
0.914388
0.458662
-3.026168
0.969888
0.058825
-2.452032
1.004927
0.227632
-1.557675
1.045422
0.144975
-1.533194
1.051470
-0.112131
-0.786692
1.048752
-0.044653
-1.072080
1.037993
-0.223265
-0.937950
1.033736
0.062584
-1.067023
1.042559
-0.096657
-0.440850
1.009254
-0.617956
-0.835395
0.956902
-0.568019
-0.650760
0.918428
-0.378512
-0.960005
0.884333
-0.385807
-1.738897
0.823203
-0.924314
-1.419322
0.733304
-1.076903
-1.159247
0.637526
-1.009640
-0.831953
0.535053
-0.965109
-0.580524
0.444483
-0.905268
-0.308352
0.341604
-1.027431
0.008245
0.246847
-0.908180
0.703999
0.143358
-0.918742
0.453695
0.067018
-0.656577
0.262637
-0.010798
-0.994393
-0.164114
-0.092770
-0.773668
-0.619532
-0.169811
-0.760397
-0.917320
-0.242723
-0.890288
-0.195111
-0.315298
-0.747685
0.648715
-0.401194
-0.999966
0.088080
-0.503960
-1.012061
0.180970
-0.602208
-0.715191
0.580429
-0.668579
-0.613690
0.192197
-0.743837
-0.892588
0.059907
-0.834003
-0.862692
0.933681
-0.915161
-0.739096
0.607697
-1.011867
-0.857502
0.758276
-1.089217
-0.706233
-0.153984
-1.173811
-0.559009
0.760395
-1.223400
-0.389177
0.823886
-1.256155
-0.224652
0.481506
-1.260089
0.473082
0.729615
-1.205925
0.663431
0.789730
0.027508
1.052780
-0.567333
0.146067
1.063015
-0.998625
0.259959
0.930118
-1.413511
0.362574
1.035435
-0.627279
0.457978
0.868470
-0.938850
0.528125
0.553830
-0.392255
0.571381
0.533244
-0.396082
0.626295
0.719496
-1.129472
0.695670
0.554342
-1.478557
0.781443
0.930447
-1.258841
0.878086
0.796663
-1.853337
0.940429
0.313095
-2.078291
0.956979
-0.061233
-1.787087
0.943741
-0.225397
-1.870704
0.953575
0.207786
-1.856390
0.975695
0.011809
-1.809961
0.978788
0.145320
-1.902765
0.989887
-0.030003
-1.431098
0.968143
-0.433450
-0.855124
0.926506
-0.514859
-0.263371
0.871153
-0.532871
-0.098882
0.807280
-0.674941
0.079657
0.767313
-0.269231
-0.089185
0.733625
-0.376411
-0.205900
0.676724
-0.649200
-0.958023
0.589694
-0.931731
-0.481395
0.495258
-0.860844
-0.633508
0.405052
-0.876023
-0.251934
0.293873
-1.340880
0.486699
0.161636
-1.171775
0.825106
0.042212
-0.970725
0.802234
-0.064722
-1.094439
0.861569
-0.174576
-0.873330
0.407319
-0.274215
-1.131170
0.055573
-0.391807
-1.141929
0.490562
-0.500983
-1.007140
0.972189
-0.604336
-0.940445
1.048751
-0.682054
-0.602481
-0.127454
-0.754001
-0.945089
0.006724
-0.817428
-0.376412
-0.020113
-0.843752
-0.072316
0.304242
-0.864325
-0.446152
-0.051715
-0.890857
0.025318
-0.392362
-0.892373
-0.219202
0.087484
-0.912250
-0.203362
0.202772
-0.936371
-0.307480
0.515685
-0.956889
-0.069151
0.787636
-0.964467
0.026652
-0.206989
-0.979818
-0.183132
-0.168734
-0.993782
-0.085404
-0.585152
-0.040944
1.615274
-0.925499
0.110897
1.231614
-0.790706
0.235597
1.232741
-0.750080
0.373900
1.246955
-0.877196
0.498140
1.020128
-1.083679
0.581126
0.584446
-0.998183
0.660764
0.681504
-1.937722
0.752934
0.814241
-2.236931
0.841229
0.854938
-2.246065
0.924894
0.658046
-1.984336
0.978897
0.127640
-2.142319
0.993815
-0.011697
-1.157404
0.979628
-0.312196
-0.943991
0.957131
-0.262735
-0.609764
0.921027
-0.515527
-0.720296
0.878281
-0.509629
-0.277243
0.844218
-0.155022
0.138531
0.829649
-0.086914
0.199358
0.818016
-0.120821
-0.034945
0.801662
-0.050403
-0.258076
0.802889
0.097792
-0.324976
0.803748
-0.221104
-0.451194
0.771476
-0.420736
-0.063762
0.733469
-0.484048
0.286744
0.665102
-0.826031
-0.412550
0.573537
-0.986732
-0.191221
0.495438
-0.690472
-0.279394
0.404343
-1.175177
-0.798493
0.278427
-1.145023
-0.452489
0.146279
-1.343616
-0.623824
0.021906
-1.235675
-0.637869
-0.082925
-0.957763
-0.955282
-0.173450
-0.899010
-0.758371
-0.262955
-1.003807
-1.010286
-0.356208
-0.915041
-0.528432
-0.462991
-0.849595
-0.831845
-0.552790
-0.781821
-0.145973
-0.623938
-0.629157
0.192400
-0.695965
-0.776286
0.225650
-0.782890
-0.888724
-0.148639
-0.840804
-0.477220
0.255052
-0.881788
-0.411212
0.364376
-0.930693
-0.307806
0.578963
-0.968490
-0.383749
0.776038
-1.015199
-0.509622
0.531810
-1.051125
-0.378915
1.113160
-1.087597
-0.251366
0.873513
-1.098590
-0.005177
1.068042
-1.075456
0.394160
0.943646
-1.025581
0.766779
0.440165
-0.362249
2.083487
-2.479391
-0.141543
1.894027
-2.439396
0.056474
1.743910
-1.158528
0.218511
1.314466
-0.150698
0.350272
1.275274
-0.071321
0.460677
1.031573
-0.665701
0.557584
0.838361
-0.691065
0.632187
0.767429
0.043322
0.716098
0.825870
0.151018
0.785718
0.413230
0.235511
0.809566
0.178598
-0.040401
0.843978
0.373720
-0.879054
0.895665
0.450451
-1.076740
0.957316
0.500696
-1.101823
1.012660
0.447659
-1.012108
1.057979
0.118045
-0.937610
1.055392
-0.363438
-0.959923
1.001834
-0.564602
-0.719162
0.974330
-0.274521
-0.997875
0.943953
-0.382285
-0.779332
0.883438
-0.791675
-0.228367
0.817132
-0.725713
-1.263309
0.771457
-0.569118
-1.522040
0.722482
-0.555174
-1.164357
0.677432
-0.659987
-1.339387
0.609978
-0.769747
-0.876662
0.525877
-0.922642
-0.793896
0.424478
-1.110777
-0.658889
0.315540
-1.204124
-1.039124
0.199448
-1.065658
-1.434386
0.078814
-1.182283
-1.390656
-0.026260
-0.985985
-0.899182
-0.133074
-1.049624
-0.293762
-0.238499
-1.017971
0.593655
-0.330234
-0.819300
0.704011
-0.439711
-1.029244
1.085029
-0.541521
-0.928522
0.334635
-0.617553
-0.603123
0.482957
-0.681859
-0.743346
-0.051285
-0.726893
-0.345774
-0.283569
-0.767198
-0.463708
-0.188137
-0.819380
-0.383617
-0.527809
-0.860994
-0.205360
-0.579890
-0.898580
-0.483598
-0.511121
-0.937215
-0.501018
-0.829885
-0.962489
-0.295312
0.026314
-0.974304
-0.117445
-0.175240
-1.013183
-0.299572
-0.305581
-1.050270
-0.233712
0.203800
-1.065747
-0.136545
0.269749
0.280368
0.225649
0.385361
0.310375
0.361644
1.088250
0.365249
0.804656
1.577629
0.443410
0.843451
1.352180
0.542727
1.011306
1.027894
0.641401
1.041465
0.162671
0.763198
1.019040
0.340699
0.860523
0.889418
0.068414
0.946941
0.916021
-0.581873
1.017172
0.486554
-0.584881
1.081287
0.542513
-1.349329
1.143009
0.350646
-0.977776
1.169670
-0.081873
-0.466030
1.181914
0.116588
-0.140969
1.172225
-0.119449
-0.212977
1.161771
-0.285924
-0.517087
1.123162
-0.549525
-0.220904
1.083473
-0.434082
0.638827
1.051176
-0.388732
0.287694
0.985796
-0.602075
-0.320941
0.915176
-0.829933
-0.672520
0.826461
-0.984498
-0.842222
0.731767
-0.927186
-0.817005
0.626843
-1.134587
-0.622516
0.526092
-0.953329
-0.950016
0.424504
-1.174937
-0.163025
0.304854
-1.048711
0.036191
0.227967
-0.510709
-0.038718
0.167186
-0.751838
0.438776
0.092311
-0.772261
0.183532
0.011646
-0.843946
0.186242
-0.079751
-0.867616
-0.290541
-0.158796
-0.675752
-0.451551
-0.226178
-0.694481
-0.828607
-0.287003
-0.622330
-1.271449
-0.349190
-0.814845
-1.780436
-0.428877
-0.658963
-1.589705
-0.485568
-0.684821
-1.605663
-0.524699
-0.440564
-2.084784
-0.555909
-0.284839
-2.307312
-0.594064
-0.576733
-1.993398
-0.650192
-0.557929
-1.682688
-0.688267
-0.358692
-1.082343
-0.702558
-0.227337
-1.245330
-0.743156
-0.617086
-1.175070
-0.803601
-0.738415
-0.801779
-0.896897
-1.161662
-0.929859
-1.008381
-1.231690
0.037849
-1.147722
-1.294783
-0.962900
-1.282187
-1.111179
-2.052639
-0.161464
0.915523
-1.260298
-0.057696
0.941575
-1.086020
0.069107
1.350578
-1.001514
0.199746
1.101503
-0.770063
0.307738
1.046561
-1.288156
0.396250
0.715805
-0.971585
0.465369
0.831702
-1.000619
0.555180
0.958301
-1.180436
0.662660
0.949916
-1.806798
0.765966
0.900375
-1.557501
0.843683
0.605792
-1.155753
0.936205
0.990174
-1.722540
1.023880
0.554599
-1.662413
1.061847
0.084603
-1.666572
1.068098
-0.142060
-2.256634
1.038567
-0.661775
-1.680366
1.005053
-0.372971
-1.038978
0.985165
-0.294267
-1.118483
0.941912
-0.488591
-1.001676
0.895217
-0.713884
-2.079577
0.848173
-0.674293
-1.765007
0.773526
-0.767160
-0.731331
0.699238
-0.872574
-0.458474
0.620995
-0.866867
0.299189
0.545535
-0.428156
0.116161
0.504275
-0.368575
0.650324
0.461980
-0.419073
0.815322
0.405854
-0.401636
0.993637
0.373620
-0.246077
1.025185
0.332786
-0.297196
1.078989
0.286746
-0.450053
0.425247
0.214332
-0.851046
0.645320
0.122406
-0.877049
1.296621
-0.004651
-1.167196
1.486380
-0.126569
-0.989465
2.071128
-0.218790
-0.699948
1.650490
-0.321897
-1.090380
1.243640
-0.424899
-0.908515
1.340735
-0.550679
-1.474593
1.353038
-0.690914
-1.406623
1.628025
-0.820799
-1.085666
1.857533
-0.943960
-1.008434
2.576469
-1.024599
-0.466914
2.082638
-1.072667
-0.442916
1.138303
-1.086070
0.261858
1.643734
-1.072594
0.138170
1.013338
-1.043300
0.562322
0.059126
-0.991173
0.529813
-0.731964
-0.945581
0.288976
-0.956847
-0.927905
-0.019296
-1.446748
-0.345203
1.520075
-1.996299
-0.184522
1.428929
-2.398545
-0.029676
1.246005
-2.539755
0.104931
1.201670
-2.472428
0.255211
1.478775
-3.514322
0.419722
1.470753
-2.964248
0.562638
1.053922
-2.579697
0.662988
0.659531
-2.357702
0.712003
0.197790
-1.616885
0.770321
0.640084
-1.967718
0.824234
0.372954
-1.952625
0.869300
0.221327
-1.577941
0.904858
0.321317
-1.976530
0.932482
0.021916
-1.385395
0.933858
0.046960
-1.208679
0.932297
-0.122146
-0.943801
0.925014
-0.171182
-2.037993
0.915394
-0.331737
-2.692282
0.885440
-0.722960
-2.312595
0.839847
-0.414755
-2.047902
0.806107
-0.454586
-1.911034
0.745385
-0.872766
-1.951440
0.679978
-0.517164
-1.534408
0.620819
-0.917538
-2.501654
0.539077
-0.774081
-3.147659
0.473694
-0.795505
-2.514908
0.403285
-1.063519
-1.901384
0.289271
-1.374099
-1.261016
0.160289
-1.226951
-0.792368
0.041833
-1.282559
-0.499799
-0.085748
-1.074517
-0.411986
-0.164518
-0.630487
0.211503
-0.245248
-0.963753
0.621639
-0.344971
-0.924855
1.015818
-0.438638
-0.749980
0.083210
-0.520855
-0.823664
0.268829
-0.591757
-0.586339
0.096138
-0.646549
-0.429883
1.018300
-0.654969
0.105453
0.472414
-0.657330
-0.157730
0.744966
-0.687027
-0.248717
0.257965
-0.727724
-0.635455
-0.429709
-0.791200
-0.716451
-0.155866
-0.854680
-0.797874
0.691854
-0.928715
-0.498184
0.876761
-0.989907
-0.685792
1.423984
-1.077062
-0.715839
0.898933
-1.142820
-0.582218
1.425066
-1.217217
-0.776059
0.886567
-1.312704
-0.995959
0.535581
-0.085658
0.484925
1.311581
-0.031098
0.824062
1.602077
0.059620
1.388144
1.288907
0.187237
1.299568
0.235275
0.307528
1.179320
0.469543
0.431573
1.242178
0.515098
0.546704
1.157839
0.195013
0.667299
1.004921
-0.272639
0.780796
1.217116
-1.145950
0.891888
0.969498
-1.630479
0.967250
0.594949
-1.688843
1.009444
0.104222
-1.753801
1.007161
-0.124579
-1.742255
1.004421
-0.251024
-1.868585
1.001977
0.064863
-2.564702
1.023906
0.142665
-2.328994
1.033261
-0.161108
-2.264795
1.009730
-0.517034
-1.249105
0.962466
-0.480585
-0.594985
0.894174
-0.674326
-1.145953
0.834283
-0.744097
-1.930985
0.753501
-0.981476
-1.729913
0.667832
-0.988666
-1.497775
0.567718
-1.129634
-1.375999
0.465695
-1.074593
-1.026292
0.362131
-1.235188
-1.367752
0.242802
-0.916712
-1.707183
0.162204
-0.787413
-0.659511
0.079196
-0.772853
-0.190490
-0.001093
-0.745598
0.130593
-0.068681
-0.601368
0.362477
-0.131781
-0.609438
-0.054209
-0.205559
-0.879236
-0.090082
-0.271406
-0.433830
-0.888828
-0.340206
-1.015241
-0.714310
-0.428809
-0.541345
0.346711
-0.477985
-0.402901
0.087458
-0.500649
-0.133165
0.139040
-0.540532
-0.582786
-0.470359
-0.605465
-0.528020
-0.794299
-0.651394
-0.608110
-0.760651
-0.705362
-0.440790
-0.875864
-0.738140
-0.294456
-1.300556
-0.786460
-0.658672
-1.400796
-0.847989
-0.695934
-1.195694
-0.933156
-1.027013
-1.384287
-1.023436
-0.853738
-1.200336
-1.110981
-1.023111
-1.439483
-1.200246
-0.792318
-0.936121
-1.264396
-0.487214
-0.302397
0.043891
0.635265
0.053459
0.120626
0.825254
-0.115785
0.189597
0.409774
0.007928
0.233366
0.549315
-0.133118
0.319511
1.099308
0.720837
0.419354
0.823245
0.434664
0.519643
1.169401
0.111494
0.624599
0.909063
-0.363286
0.718311
0.687651
-0.684664
0.791298
0.743515
-0.899769
0.870613
0.565883
-1.741615
0.934336
0.493937
-1.514916
0.971416
0.109689
-1.431466
0.989555
0.137742
-1.441965
1.008665
0.084594
-1.097742
1.011457
-0.249792
-1.195761
0.995771
-0.206256
-1.250384
0.980337
-0.123190
-1.314668
0.972329
-0.147049
-1.144798
0.962218
-0.161630
-0.783944
0.921759
-0.596125
-0.208286
0.884784
-0.380778
0.513417
0.828447
-0.919862
0.149408
0.730237
-1.157236
-0.049871
0.605170
-1.096347
0.233072
0.502108
-1.011458
-0.043534
0.410532
-0.891269
0.149826
0.322972
-0.969903
-0.192172
0.214708
-0.986737
-0.126869
0.123011
-0.591472
-0.618552
0.052691
-0.920545
-0.554934
-0.036180
-0.858450
-0.761517
-0.120774
-0.815322
0.182624
-0.221488
-0.981976
0.073210
-0.319409
-0.858351
-0.135802
-0.424510
-1.182786
-0.339695
-0.552581
-1.235008
-0.475861
-0.664223
-0.995647
0.244604
-0.742517
-0.680058
0.511767
-0.823070
-0.938706
0.830377
-0.918298
-0.814179
0.120077
-0.979260
-0.513472
0.888881
-1.038334
-0.677719
1.297659
-1.088729
-0.209184
1.645369
-1.121964
-0.151857
1.170075
-1.141417
-0.124712
1.345811
-1.140446
0.278803
1.090374
-1.096611
0.618083
1.526600
-1.037947
0.651295
1.429121
-0.978914
0.771538
1.989142
-0.019496
1.390298
0.194796
0.118720
1.155736
-0.314603
0.220538
0.814792
-1.230135
0.304359
0.777228
-1.252127
0.384615
0.493365
-0.661836
0.445306
0.440600
0.124912
0.510630
0.739273
-0.626336
0.586668
0.644944
-1.486860
0.673737
0.998957
-1.412921
0.787287
0.949065
-1.143037
0.877142
0.695772
-0.945680
0.925152
0.257497
-0.400929
0.964828
0.243263
-0.919816
0.990957
0.279304
-0.641935
1.019710
0.210118
-0.136386
1.030776
0.017777
-1.005075
1.036827
-0.033594
-0.268210
1.014973
-0.602370
-0.570991
0.952385
-0.538108
-0.198000
0.921860
-0.195984
-0.189297
0.901530
-0.361441
0.064035
0.848003
-0.878005
-0.198232
0.756302
-1.012436
-0.402332
0.667985
-1.001895
0.370540
0.585678
-0.645239
0.515370
0.521844
-0.612055
0.149362
0.440779
-0.966543
0.457155
0.354485
-0.832008
0.807243
0.282974
-0.644939
0.778922
0.209381
-0.793691
-0.354103
0.124527
-1.031037
-0.819919
0.024777
-1.219506
-0.897305
-0.109754
-1.408469
-0.945571
-0.228304
-1.077840
-0.850738
-0.310831
-0.625259
-0.470607
-0.379994
-0.841306
-0.898089
-0.459880
-0.686909
-0.810201
-0.531644
-0.649260
-0.872980
-0.621255
-0.739888
-0.851010
-0.689477
-0.709581
-0.588956
-0.774349
-0.924951
-0.379307
-0.864814
-0.803879
-0.243886
-0.919580
-0.590011
0.146047
-0.956186
-0.261328
0.814620
-0.981025
-0.272546
1.249164
-1.014098
-0.091667
1.163976
-1.019294
0.182308
1.389902
-1.002717
0.295165
1.536991
-0.964764
0.553542
2.105589
-0.926803
0.572414
2.311482
-0.183380
0.970982
-0.780638
-0.076373
0.917012
-0.100574
0.022789
0.904390
0.023391
0.135844
1.321700
0.635240
0.258932
1.221635
0.425111
0.384559
1.278453
0.364335
0.527358
1.660277
-0.315638
0.706888
1.755894
-0.652217
0.851060
1.141045
-0.038426
0.940493
0.565491
0.437938
0.975546
0.393868
-0.314791
1.017679
0.284912
0.126415
1.029132
-0.038554
0.000423
1.033114
-0.004350
0.029949
1.032915
-0.115831
-0.318395
1.036692
-0.082427
-0.332662
1.026004
-0.109297
-0.571003
1.009626
-0.093433
-0.241339
0.993610
-0.490288
-0.806376
0.958833
-0.373136
-0.330478
0.903288
-0.672601
-0.707807
0.828609
-0.526075
-0.795582
0.769995
-0.638642
-0.592559
0.706885
-0.713380
-0.900138
0.624202
-1.169916
-0.875262
0.506366
-1.034865
-0.616019
0.400454
-1.101587
-0.280152
0.284040
-1.113813
-0.626857
0.181628
-0.821945
-1.139939
0.117361
-0.633865
0.081574
0.044137
-0.950161
0.171043
-0.051098
-0.921259
-0.016778
-0.149193
-0.793073
-0.420346
-0.226135
-0.825284
-0.015777
-0.293328
-0.669306
0.527845
-0.372444
-0.882539
0.196304
-0.457624
-0.879562
-0.162541
-0.546617
-0.851892
-0.180642
-0.629069
-0.769687
-0.451326
-0.697833
-0.954387
-0.718729
-0.758727
-0.554373
-0.808938
-0.818502
-0.576035
-0.866713
-0.872241
-0.617140
-0.538690
-0.952210
-0.974484
-0.270749
-1.026603
-0.448536
-0.096470
-1.075363
-0.273977
-0.299168
-1.095491
-0.076095
0.120516
-1.110909
-0.245747
-0.010240
-1.135468
-0.207553
0.115543
-1.154669
-0.145054
0.931070
0.022197
1.292341
-1.018478
0.157065
1.149850
-2.146036
0.255118
0.800554
-2.284606
0.336819
0.626055
-2.367763
0.408517
0.467392
-2.796990
0.494808
0.932707
-1.737645
0.578412
0.490553
-0.953695
0.626328
0.368306
-1.301260
0.666917
0.543299
-0.722092
0.721271
0.520089
0.318913
0.794585
0.850839
-0.249183
0.876766
0.800281
-0.433313
0.935474
0.423752
-0.299135
0.978603
0.066646
-0.501256
0.977534
-0.123680
-0.250150
0.961662
-0.047516
-0.203777
0.939546
-0.318922
0.366323
0.906878
-0.399336
0.591914
0.882322
-0.022526
0.240879
0.858027
-0.448867
-0.371667
0.814398
-0.479287
-0.306423
0.788962
-0.236433
-0.255051
0.749043
-0.512608
-0.539064
0.689146
-0.816367
-0.479710
0.612076
-0.814376
-0.113928
0.522443
-1.042733
-0.244582
0.423272
-0.904447
0.286940
0.325127
-0.921912
-0.177386
0.209933
-1.305712
0.358342
0.070644
-1.186867
0.385221
-0.051573
-1.312967
0.600069
-0.170674
-1.078856
1.196788
-0.280030
-1.019398
0.915350
-0.381520
-0.762345
0.855214
-0.473935
-0.922775
0.877359
-0.581133
-1.206249
0.982460
-0.676974
-0.694927
1.234686
-0.735537
-0.384436
1.518689
-0.760137
-0.222358
0.701077
-0.779697
0.016995
0.435252
-0.771677
0.111382
-0.053461
-0.777704
-0.143985
-0.191593
-0.778806
-0.150153
-0.516363
-0.787289
-0.176756
0.347356
-0.805687
-0.299416
0.512095
-0.840693
-0.243286
1.221618
-0.832593
0.185087
1.481508
-0.786814
0.516031
0.582554
-0.749022
0.349706
0.388499
-0.718086
0.242288
-0.019190
0.088027
0.652477
1.690490
0.149327
0.817607
1.754887
0.236415
0.939718
1.340456
0.307897
0.710677
1.575005
0.379890
0.352268
1.246678
0.431171
0.811445
0.601208
0.525025
0.971651
0.687689
0.626163
1.088628
0.025362
0.738086
1.064111
-0.288333
0.840768
0.834642
-0.569699
0.922067
0.863358
-0.493307
1.010009
0.911348
-0.423657
1.096511
0.775402
0.050852
1.128764
0.021678
-0.073980
1.139542
0.042475
-0.353571
1.137456
-0.006069
-0.893271
1.115852
-0.421117
-0.147774
1.069320
-0.497650
0.157174
1.017208
-0.455614
-0.025964
0.957702
-0.565450
-0.766694
0.887133
-1.000511
0.136696
0.788990
-0.758101
-0.241732
0.712237
-0.875684
-0.070284
0.624506
-1.038795
-0.433175
0.533953
-0.780953
-0.759065
0.461058
-0.684079
-0.972642
0.404972
-0.455155
-1.001620
0.359942
-0.382786
-0.983867
0.295313
-0.949636
-0.889857
0.184392
-1.313845
-0.833482
0.078081
-0.900986
-0.684330
0.015163
-0.522534
-0.108999
-0.063321
-1.019565
0.162606
-0.170994
-0.914783
0.297883
-0.271579
-1.012170
0.579997
-0.389487
-1.106943
1.131887
-0.508163
-1.075834
0.989785
-0.613770
-0.899176
0.793791
-0.674918
-0.317725
1.173532
-0.712112
-0.380747
0.763603
-0.768330
-0.633094
0.894389
-0.823016
-0.483394
0.722293
-0.840474
-0.044211
0.864986
-0.874980
-0.448581
-0.295240
-0.917520
-0.510371
-0.008366
-0.983113
-0.750171
0.183086
-1.067540
-0.971116
-0.159686
-1.145774
-0.658329
-0.104338
-1.211185
-0.533168
-0.311133
-1.279989
-0.610527
-0.088826
-0.058831
1.399861
-0.489464
0.083265
1.360599
-0.228592
0.212119
1.048613
0.247026
0.293608
0.880334
0.248121
0.396538
1.139092
0.170200
0.499035
0.822952
-0.535468
0.575754
0.993013
-0.866348
0.671866
0.891790
0.180517
0.774988
1.075024
-0.532572
0.863966
0.729162
-0.129724
0.924275
0.448858
-0.488220
0.992974
0.584895
-0.475439
1.064477
0.622610
-0.657358
1.118001
0.292197
-0.972560
1.144096
-0.027530
-0.791687
1.130504
-0.234239
-1.543603
1.123878
-0.116325
-1.280671
1.116737
-0.222299
-1.473916
1.093158
-0.166592
-0.928106
1.053700
-0.513307
-1.405609
0.989681
-0.884042
-1.222614
0.916461
-0.811096
-0.555993
0.845269
-0.660146
-0.625682
0.782870
-0.804270
-0.282323
0.686784
-1.054033
-0.213003
0.568683
-1.340717
-0.598649
0.456626
-1.157336
-0.404015
0.351465
-0.804420
-0.166835
0.268561
-0.823022
-0.453655
0.194747
-0.473084
-0.277935
0.140153
-0.734049
-0.281422
0.059526
-0.905859
-0.009505
-0.021762
-0.874247
0.462359
-0.108124
-0.817136
0.558678
-0.177201
-0.534019
0.138768
-0.256666
-1.290774
0.752452
-0.399423
-1.495554
0.369667
-0.525637
-0.890871
1.067255
-0.637053
-1.183166
1.225196
-0.746899
-1.060382
2.095149
-0.840024
-0.556271
1.417248
-0.885992
-0.445138
1.320678
-0.935874
-0.612205
0.662640
-1.008846
-0.877107
0.602217
-1.065267
-0.346482
0.582339
-1.080096
0.098841
0.106513
-1.031453
0.587916
0.685879
-0.977965
0.742247
0.313314
-0.908426
0.634626
-0.463768
-0.844101
0.746412
-0.918080
-0.097750
1.749932
-0.942599
0.091265
1.730323
-0.496265
0.242506
1.318544
-0.532299
0.358046
1.071795
-1.097630
0.475232
1.128343
-1.773345
0.592310
0.988629
-1.673054
0.700227
0.845529
-1.324911
0.791667
0.546400
-1.365369
0.856118
0.417333
-1.193418
0.877166
-0.113657
-0.746739
0.878243
-0.038572
-0.055879
0.892929
0.117814
-0.911202
0.915820
0.111348
-0.640993
0.920748
-0.039352
-0.430558
0.914981
-0.094330
-0.757434
0.901912
-0.190264
-0.926916
0.895134
-0.111980
-1.064837
0.891497
-0.238210
-0.525050
0.879772
-0.246227
-0.201565
0.849472
-0.518743
-1.175751
0.804968
-0.309421
-0.525840
0.777234
-0.313519
-0.453558
0.742154
-0.427110
0.213366
0.689842
-0.791576
0.485453
0.603372
-0.904974
0.155025
0.520338
-0.769251
0.634177
0.446516
-0.782930
0.481757
0.351225
-1.020507
0.001478
0.240236
-1.285702
0.440971
0.136430
-0.864690
0.519127
0.049050
-1.011329
0.935900
-0.045011
-0.760162
1.077919
-0.120244
-0.728717
1.366839
-0.193672
-0.542448
1.257010
-0.259024
-0.689438
1.065404
-0.353811
-0.989573
1.311927
-0.440561
-0.643572
0.317253
-0.511742
-0.587853
0.128203
-0.575758
-0.735874
0.079298
-0.685015
-0.959339
-0.357450
-0.762025
-0.638423
-0.114142
-0.821972
-0.677793
-0.241413
-0.871883
-0.300575
0.303363
-0.915392
-0.437162
0.464807
-0.939943
-0.216352
0.209439
-0.980205
-0.503489
0.624555
-1.046235
-0.666260
-0.260827
-1.082029
-0.340878
-0.496163
-1.126054
-0.493520
-0.930686
-1.171343
-0.777435
-0.196415
-0.358683
1.573751
-0.274032
-0.179995
1.805645
0.074814
0.003020
1.779512
-0.096809
0.170333
1.792838
-0.791205
0.341845
1.394215
-0.763002
0.471074
1.012926
-1.134185
0.569478
0.819826
-0.397898
0.664760
0.944590
-0.809532
0.757315
0.644953
-1.463050
0.823191
0.457206
-1.895444
0.882422
0.471154
-1.057037
0.958290
0.921343
-0.966828
1.027135
0.593700
-1.146525
1.071518
0.354368
-1.154355
1.099076
0.074586
-0.673642
1.098647
-0.176454
-0.863573
1.064739
-0.339287
-1.085455
1.021639
-0.522345
-1.514569
0.955398
-0.782558
-0.887553
0.900748
-0.337368
-1.102464
0.877696
-0.202837
-0.267562
0.831100
-0.720144
-0.466705
0.754959
-0.642735
-0.655540
0.687335
-0.820165
-0.148115
0.621681
-0.677576
0.303361
0.555744
-0.674966
0.272126
0.459306
-1.063031
-0.436506
0.346635
-1.108122
-0.530808
0.251485
-0.986392
-0.446836
0.157299
-0.890636
-0.544761
0.083303
-0.611749
-0.492563
0.026180
-0.773996
-0.860607
-0.048157
-0.889686
-0.127827
-0.145322
-1.145999
0.432213
-0.267622
-1.003546
0.957030
-0.363206
-0.831055
0.124093
-0.460743
-0.880408
0.000055
-0.556667
-1.146063
0.411875
-0.673244
-1.058948
0.031640
-0.781292
-0.958855
0.178137
-0.855266
-0.614087
0.443686
-0.926270
-0.523736
0.879588
-0.968329
-0.174135
0.646742
-0.987893
-0.297787
0.927877
-1.028867
-0.367018
1.095486
-1.071693
-0.536279
1.702573
-1.132192
-0.599944
1.804343
-1.196241
-0.403472
1.513710
-1.245522
-0.183745
1.915713
-1.297457
-0.581236
1.080232
0.013002
0.229601
-0.690944
0.067835
0.634445
-1.115724
0.138927
0.790250
-0.556010
0.229260
0.855469
-1.133635
0.331445
0.815597
-0.700214
0.430948
1.128595
-0.159510
0.541120
0.899301
-0.721868
0.635782
0.670216
-0.598423
0.711293
0.776376
-0.709858
0.795826
0.843069
-0.711191
0.860186
0.369991
-1.032680
0.909670
0.416768
-0.651583
0.922478
-0.141436
-0.187280
0.905760
-0.085897
-0.323353
0.893580
-0.157479
-0.607566
0.876627
-0.227133
-0.748346
0.878235
-0.044224
-1.033351
0.851912
-0.492297
-0.086235
0.791826
-0.624824
-0.361158
0.730127
-0.620979
-0.166005
0.688157
-0.269056
-0.527268
0.682762
-0.083335
-0.864928
0.657298
-0.421093
-1.600317
0.622968
-0.517069
-1.408327
0.580045
-0.600398
-1.686953
0.529963
-0.470532
-2.113952
0.475819
-0.817534
-1.113162
0.401905
-0.911673
-1.215701
0.316551
-1.082391
-0.958362
0.207355
-1.025016
-0.616329
0.112757
-0.926194
-0.379845
0.026316
-0.962263
-0.422187
-0.048021
-0.719234
-1.003625
-0.124113
-0.918108
-0.531207
-0.215475
-0.966132
-0.251098
-0.300482
-1.018321
-0.183221
-0.358102
-0.709950
-0.133384
-0.448266
-1.059184
0.307483
-0.550492
-0.886731
0.482412
-0.639517
-0.701813
0.559747
-0.712798
-0.550663
-0.254571
-0.765495
-0.683961
-0.077012
-0.828396
-0.538598
0.967469
-0.899077
-0.384667
1.931598
-0.959777
-0.369356
2.575110
-1.015935
-0.559254
2.263362
-1.065099
-0.183813
2.025020
-1.071207
0.158373
2.850610
-1.063307
0.277941
3.355985
-1.031898
0.882637
3.706381
-0.003082
1.109421
-1.673559
0.140135
1.275553
-1.966991
0.266440
1.040481
-2.163635
0.386336
0.865451
-2.505195
0.486408
0.892562
-1.535196
0.572162
0.574375
-2.410741
0.639093
0.461343
-2.495371
0.690303
0.242691
-1.884189
0.741180
0.403406
-1.601488
0.807827
0.388560
-0.880765
0.850237
0.393466
-0.136698
0.900693
0.339103
-0.853747
0.945898
0.473642
-0.827328
1.004549
0.515704
-1.117951
1.029082
0.219567
-1.697868
1.046261
-0.017725
-1.347728
1.022394
-0.625824
-1.054207
0.970623
-0.234222
-1.006376
0.950831
-0.247676
-1.570481
0.924270
-0.555537
-1.940746
0.856318
-0.940663
-2.255170
0.788111
-0.826756
-2.497906
0.710651
-0.906747
-1.755917
0.628054
-0.837692
-0.503069
0.545472
-0.849811
-0.788223
0.458463
-1.063575
-0.409288
0.353238
-1.021886
0.330757
0.245659
-0.996771
0.155125
0.132497
-1.308210
0.726798
0.015096
-1.189689
0.944228
-0.083733
-0.773900
1.174598
-0.160980
-0.411285
0.579863
-0.203504
-0.318941
0.637565
-0.258183
-0.463663
-0.001812
-0.311405
-0.664328
0.623206
-0.393516
-1.009037
0.506569
-0.511596
-1.212048
0.695857
-0.619267
-0.901033
0.883176
-0.716250
-0.749689
0.592328
-0.805272
-0.837018
0.953508
-0.871543
-0.501103
0.880383
-0.933489
-0.430054
0.809145
-0.974637
-0.189011
1.701990
-0.981136
-0.018566
1.484891
-0.979942
0.264995
1.275502
-0.985936
-0.100398
1.209649
-1.004895
-0.075352
0.737377
-0.996324
0.238588
0.274209
-0.989427
0.109257
0.753075
-0.978809
0.195997
0.332996
-0.186003
1.784266
-3.032242
-0.025918
1.150189
-2.409527
0.094626
1.090921
-2.205723
0.217314
1.086219
-2.143767
0.329974
1.043282
-1.758673
0.438626
0.984089
-1.768120
0.551967
1.076126
-2.081376
0.674921
1.221295
-1.504262
0.778922
0.664422
-1.191894
0.832568
0.221069
-1.188675
0.861825
0.433960
-0.209851
0.893724
0.133430
0.234165
0.902106
0.007772
-0.374861
0.896680
-0.327025
-0.215493
0.883568
0.053288
0.149530
0.902952
0.248759
0.550324
0.888142
-0.216704
0.551084
0.858818
-0.197640
0.843048
0.842094
-0.159925
0.652290
0.827239
-0.035821
0.141568
0.818379
-0.101882
0.351416
0.773326
-0.451557
0.058941
0.725607
-0.325080
0.157835
0.669190
-0.494490
0.541952
0.613494
-0.771182
0.362776
0.511574
-0.812592
-0.534543
0.423826
-0.930472
-0.699741
0.330526
-0.917796
-0.843951
0.234801
-1.180909
-0.862100
0.121729
-1.145712
-1.108127
0.003507
-1.408130
0.210095
-0.153673
-1.616561
0.095235
-0.294168
-1.206410
0.716180
-0.395470
-0.718299
0.384561
-0.454194
-0.592658
0.113715
-0.512304
-0.529085
-0.292317
-0.565561
-0.414086
-0.196095
-0.608811
-0.438574
-0.200735
-0.661790
-0.566102
-1.232565
-0.714729
-0.477199
-1.507560
-0.752302
-0.515486
-1.404352
-0.781685
-0.156056
-0.972034
-0.784428
0.072802
-0.656658
-0.779580
0.028995
-0.526059
-0.794284
-0.342448
-0.433565
-0.836965
-0.557806
-0.826895
-0.895531
-0.554043
-1.719141
-0.943823
-0.743717
-2.104726
-1.022695
-0.917097
-2.121767
-1.120904
-1.184714
-2.270181
-0.086581
1.363840
-0.265703
0.053733
1.474151
-0.782635
0.211943
1.474281
0.476946
0.358973
1.251567
-0.713046
0.485381
1.129154
-0.938034
0.578278
0.562467
-0.650520
0.625969
0.612535
-0.409575
0.678546
0.279381
-0.206955
0.717484
0.539987
0.366443
0.752453
0.233434
0.108365
0.763021
0.101609
-0.629750
0.774384
0.306695
-0.645721
0.810432
0.174514
-0.132049
0.847747
0.544069
-0.348934
0.893307
0.388885
-0.156137
0.918940
0.129548
0.187655
0.930915
0.372894
-0.041862
0.962197
0.241245
0.033336
0.967611
-0.185869
-0.120755
0.930885
-0.399501
-0.097063
0.871482
-0.677763
0.187673
0.789259
-0.748262
0.785732
0.704807
-0.729373
0.390346
0.646432
-0.494128
1.194591
0.581744
-0.548598
1.015711
0.523365
-0.647294
1.004906
0.442994
-1.004913
0.785050
0.341964
-1.017024
0.656315
0.258986
-0.969878
0.425280
0.168196
-0.845065
0.579896
0.076037
-0.843878
0.839932
-0.029252
-1.057643
0.509003
-0.146658
-1.016245
0.115270
-0.253792
-1.274221
0.664167
-0.400436
-1.235803
1.257509
-0.533831
-1.048588
1.394455
-0.642855
-0.811677
1.093988
-0.704908
-0.556184
0.902759
-0.751758
-0.421757
0.855706
-0.794385
-0.456804
1.056680
-0.841183
-0.374380
0.558243
-0.882957
-0.479660
-0.089738
-0.943187
-0.556113
-0.113552
-0.993823
-0.388471
0.464520
-1.042104
-0.329974
0.872313
-1.064178
-0.247958
1.187641
-1.118128
-0.514646
1.079457
-1.170296
-0.503912
0.908668
-1.220850
-0.392741
0.594714
-1.240031
-0.124533
0.324350
0.007424
0.705502
1.001308
0.082150
0.888186
1.248159
0.159342
0.962605
1.456571
0.257455
1.020919
0.692912
0.340747
0.819558
0.188093
0.419795
0.875297
-0.506437
0.503905
0.857898
-0.548658
0.610028
1.099276
-0.092134
0.716447
1.003045
-0.155193
0.804669
0.829893
-0.201438
0.871204
0.385578
-0.056442
0.903543
0.218959
-0.316071
0.945557
0.319500
-0.654000
0.968381
0.224221
-0.398930
0.978539
-0.139055
-0.773942
0.938421
-0.500988
-1.095893
0.924463
-0.058577
-0.964781
0.900645
-0.250283
-0.622532
0.883547
-0.137641
-0.830497
0.882495
0.107095
-0.909747
0.860918
-0.286099
-0.793907
0.821537
-0.532446
-0.615114
0.750574
-0.752059
-0.976689
0.692427
-0.754633
-1.319437
0.603488
-0.931578
-1.087586
0.533032
-0.765147
0.010481
0.461519
-0.707835
0.122356
0.401189
-0.517069
0.230256
0.315860
-0.990080
0.255293
0.201686
-1.206770
0.349382
0.102181
-1.030370
0.413680
-0.007077
-0.888837
0.559951
-0.099737
-0.778537
-0.094431
-0.176204
-0.763262
-0.163305
-0.248394
-0.682157
-0.309275
-0.318591
-0.708667
0.111752
-0.414990
-1.059445
0.286026
-0.533207
-0.938773
1.027736
-0.617182
-0.638693
0.658173
-0.676850
-0.363573
0.888029
-0.700714
0.061529
1.165666
-0.742129
-0.392788
1.209016
-0.784683
-0.231622
0.797038
-0.792749
-0.006032
0.299991
-0.817821
-0.449511
0.167492
-0.872579
-0.410368
0.611943
-0.918510
-0.344924
-0.706701
-0.949059
-0.441339
-0.665294
-0.986705
-0.289600
-0.822836
-1.032628
-0.487707
-1.275787
0.184479
0.671411
0.612801
0.243052
0.592965
0.729295
0.279812
0.248218
0.467433
0.312651
0.298657
1.059489
0.323103
0.094615
0.405268
0.374474
0.797081
0.578353
0.444182
0.897825
0.605513
0.549844
0.858709
0.536398
0.626355
0.656790
-0.299367
0.695030
0.672510
0.379845
0.774959
0.943212
-1.011299
0.853755
0.693507
-0.932847
0.923696
0.379508
-1.610985
0.950748
-0.047347
-1.247336
0.947088
-0.077004
-0.691509
0.943001
-0.114923
-1.427754
0.933809
-0.087344
-1.052143
0.939540
0.067796
-0.776184
0.919997
-0.462598
-0.600828
0.885069
-0.365853
-0.244036
0.835943
-0.694075
-0.070288
0.761086
-0.705317
-0.257564
0.678544
-0.738067
0.271323
0.611348
-0.703859
0.922739
0.531133
-0.504975
0.953098
0.497635
-0.097057
1.220541
0.468892
-0.521792
0.837875
0.396950
-0.719684
0.470407
0.304171
-1.046205
1.175813
0.200684
-1.089442
1.021502
0.099755
-0.980322
1.372022
-0.005522
-0.790968
0.967994
-0.101896
-0.985914
0.079410
-0.215571
-1.384776
0.029419
-0.364976
-1.352390
0.449477
-0.501113
-1.333494
0.715607
-0.618690
-0.925314
0.379866
-0.699498
-0.813576
0.271539
-0.766525
-0.675850
0.267315
-0.818835
-0.306237
0.603404
-0.833086
0.273312
0.368628
-0.827042
0.171916
0.452176
-0.811773
0.020963
0.010582
-0.826080
-0.175976
-1.102988
-0.863213
-0.490738
-0.493372
-0.884197
-0.067415
-0.350663
-0.895535
-0.197577
-0.232018
-0.918267
-0.255617
-0.432471
-0.955543
-0.528358
-0.583849
-1.013176
-0.559347
-1.228252
0.108182
0.549620
-0.029915
0.160629
0.618923
-0.084403
0.238622
1.017449
-0.812548
0.364711
1.227706
-0.723222
0.475602
0.800441
-0.632545
0.557265
0.806355
-0.094655
0.663925
1.097183
-0.159437
0.767455
0.919313
-0.459800
0.844394
0.659569
-1.065019
0.912931
0.556884
-0.618994
0.953373
0.128159
-0.828829
0.960385
-0.110976
-0.949684
0.931748
-0.452312
-0.313701
0.902619
-0.160836
-0.479374
0.873644
-0.202591
-0.519515
0.869074
-0.036536
-0.240478
0.882769
0.055498
-0.069121
0.894365
0.180441
-0.390340
0.884426
-0.277120
-0.669151
0.847412
-0.455133
-0.806715
0.800447
-0.636454
-0.833405
0.721333
-0.803098
-0.743358
0.643553
-0.861437
-0.376482
0.552646
-0.760670
-0.200694
0.505171
-0.279967
-0.072970
0.468579
-0.362234
-0.364067
0.421696
-0.597336
0.341723
0.345122
-0.866634
0.032244
0.254284
-1.063007
-0.017900
0.146128
-0.855136
0.262946
0.058417
-0.865301
0.095157
-0.040285
-1.038724
-1.018991
-0.137278
-0.938513
-0.978826
-0.242706
-1.035827
-1.082714
-0.316799
-0.641792
-0.009866
-0.382902
-0.504916
-0.179738
-0.435202
-0.728812
-0.292544
-0.519020
-0.867369
-0.260995
-0.565030
-0.358075
-0.669450
-0.602481
-0.507104
-0.480187
-0.650317
-0.510506
-0.400741
-0.725718
-0.848682
0.305945
-0.796298
-0.636404
0.838124
-0.863356
-0.544350
0.717002
-0.916880
-0.219807
1.247585
-0.924510
0.241166
1.474541
-0.910029
0.392864
1.893134
-0.862531
0.457190
1.909474
-0.821500
0.547122
2.200990
-0.774138
0.520692
2.206491
-0.164604
1.141396
-1.071279
-0.048440
1.193485
-0.897442
0.054142
0.817890
-0.973355
0.140664
0.939628
-0.529398
0.246094
1.125252
-0.586628
0.371252
1.179638
-0.552842
0.471759
0.901506
-0.767613
0.572141
1.132001
-1.329150
0.678475
0.936343
-0.689491
0.789975
1.093741
-0.919676
0.900962
0.752196
-1.086351
0.958219
0.439538
-1.178651
1.018016
0.312316
-0.081182
1.029131
-0.173775
-0.137946
1.020834
-0.101261
0.001716
1.003383
-0.201935
0.274352
0.973993
-0.343637
-0.195095
0.956979
-0.089616
-1.242831
0.967661
0.039986
-1.041446
0.992118
0.020564
-1.511500
0.985786
-0.243599
-1.850069
0.952713
-0.488999
-1.512193
0.884095
-0.942881
-1.102786
0.779531
-0.950685
-0.267993
0.666174
-1.218203
-0.274369
0.557664
-0.933788
0.065844
0.462671
-0.931427
0.308643
0.362969
-1.029350
0.239181
0.276762
-0.796826
-0.386136
0.183387
-0.986464
-0.309589
0.085162
-0.885817
0.404557
0.009917
-0.586145
0.220341
-0.081678
-1.071288
0.050811
-0.176725
-0.809128
-0.123538
-0.245501
-0.616137
-0.279865
-0.319960
-0.812209
-0.219326
-0.422272
-1.105118
-0.282740
-0.530196
-1.025792
-0.223868
-0.626795
-0.916854
0.148867
-0.713401
-0.770571
0.844200
-0.779984
-0.668269
0.829816
-0.834395
-0.448586
0.275704
-0.884338
-0.342874
0.236267
-0.892931
-0.064558
-0.256050
-0.917496
-0.329867
-0.523159
-0.966719
-0.583338
0.174085
-1.031216
-0.884722
0.645574
-1.107619
-0.563195
0.610196
-1.150477
-0.094117
1.758587
-1.151712
0.205468
1.695582
-0.091059
0.894989
-2.180576
0.022184
1.060463
-2.187178
0.156521
1.229829
-2.312637
0.285425
1.074586
-2.398637
0.396740
0.999185
-2.353639
0.508359
1.022745
-2.684501
0.601975
0.524468
-2.805526
0.681549
0.677160
-1.596870
0.762236
0.753578
-0.703622
0.834091
0.567330
-0.182037
0.884516
0.381953
-0.293616
0.923918
0.494419
0.572564
0.956452
0.167375
0.734640
0.956342
0.055534
-0.162648
0.979955
0.094914
0.026689
0.993307
0.041052
0.376331
0.990785
0.043896
-0.421009
0.991890
-0.090229
-1.025535
0.980124
-0.176931
-0.871544
0.939386
-0.679253
-0.368757
0.855306
-0.972427
0.018551
0.773565
-0.849218
-0.018793
0.696301
-1.014003
0.625075
0.598064
-0.747228
0.400724
0.532668
-0.625952
-0.326775
0.478646
-0.491397
-0.608232
0.430395
-0.522713
-0.476765
0.373534
-0.733534
-0.836157
0.305136
-0.855517
-0.256110
0.223045
-0.876835
0.281612
0.136096
-0.813551
0.310011
0.043289
-1.008454
0.246508
-0.085613
-1.362429
0.100467
-0.215449
-1.246295
-0.651310
-0.333428
-1.013325
-0.911122
-0.452771
-1.333236
-0.675064
-0.556366
-0.813109
0.499995
-0.629946
-0.636230
1.013676
-0.689903
-0.410140
0.408351
-0.744470
-0.483886
0.192781
-0.801136
-0.427259
0.735662
-0.848154
-0.566288
0.219639
-0.907397
-0.410786
0.243683
-0.935375
-0.116957
-0.365313
-0.968021
-0.250423
-0.527506
-0.991292
-0.511851
0.295553
-1.043658
-0.373933
-0.344999
-1.071889
-0.251274
-0.428064
-1.103249
-0.340913
-0.574027
-1.118611
-0.284391
-0.995259
-0.019361
1.119887
-1.028663
0.103843
1.183618
-1.131452
0.224471
1.274969
-1.146762
0.337860
1.150493
-0.880385
0.446429
0.974282
-1.190439
0.546281
0.933381
-0.889184
0.637286
0.724101
-0.736619
0.701227
0.545453
-0.039257
0.755493
0.431044
-0.470857
0.807638
0.576953
-0.868087
0.837506
0.298132
-0.702394
0.862845
0.288351
-0.467486
0.893139
0.273561
-0.197692
0.934294
0.461581
0.282962
0.985408
0.786110
0.570249
1.049936
0.417321
0.289623
1.064541
0.092895
0.247395
1.060541
-0.147431
0.279347
1.034015
-0.312856
0.118191
0.982853
-0.702474
-0.434920
0.915344
-0.659205
-1.371605
0.868745
-0.438768
-0.748097
0.823887
-0.437282
-0.206261
0.782909
-0.514813
-0.260482
0.740044
-0.380982
-0.097208
0.694078
-0.566889
0.587420
0.611597
-0.937273
-0.253293
0.525782
-1.108759
-0.260891
0.385560
-1.645387
-0.142154
0.229238
-1.532338
0.664900
0.102771
-1.237259
0.969446
-0.009633
-0.923992
0.465957
-0.116596
-1.064434
0.187633
-0.244943
-1.484287
0.180683
-0.386268
-1.186228
0.054747
-0.491009
-0.748111
-0.350841
-0.559683
-0.387759
0.381422
-0.594981
-0.417840
1.154926
-0.644761
-0.476236
0.540397
-0.706430
-0.543406
-0.020000
-0.774715
-0.771819
0.909814
-0.856816
-0.728487
1.301489
-0.926685
-0.393668
1.171857
-0.971607
-0.238571
2.024298
-1.009335
-0.230120
2.252466
-1.018331
0.215034
2.372184
-1.007609
0.138486
2.376104
-1.000887
0.067561
1.580240
-0.994564
0.191212
1.908348
-0.983253
0.169743
1.932862
-0.195202
0.972725
-1.436515
-0.066899
1.062600
-1.176727
0.060211
1.243628
-1.209003
0.192815
1.298134
-1.178446
0.334827
1.362651
-0.914017
0.478076
1.218794
-1.210939
0.612303
1.340108
-1.761385
0.742196
1.076165
-1.210800
0.836027
0.704366
-1.530246
0.913355
0.667943
-1.503933
0.960048
0.368543
-1.364418
0.997541
0.125902
-0.873922
1.004623
0.171390
0.118306
1.007350
-0.144884
-0.122450
1.009790
0.240146
0.153059
1.021005
0.089038
-0.740409
1.030494
-0.061283
-1.504655
1.035752
0.012286
-1.670286
1.035203
-0.321164
-1.361716
0.996514
-0.612710
-1.357429
0.939000
-0.634604
-1.629678
0.882439
-0.684468
-1.469423
0.821975
-0.573871
-1.678717
0.770480
-0.438246
-2.059389
0.737170
-0.485464
-1.689929
0.685881
-0.675474
-2.279431
0.607450
-0.945837
-1.832783
0.512638
-1.225718
-1.373800
0.392522
-1.273886
-0.856100
0.290289
-0.793464
-0.507621
0.206174
-0.794411
-0.204968
0.114244
-0.938098
-0.106832
-0.009201
-1.185113
-0.278157
-0.130821
-1.161210
-0.419016
-0.249232
-1.336665
-1.065293
-0.362364
-1.035197
-0.874085
-0.454210
-1.182757
-1.175547
-0.554384
-0.932744
-0.856746
-0.649727
-1.247303
-0.311547
-0.747507
-0.795015
-0.129698
-0.828564
-0.788810
0.080733
-0.892046
-0.489370
-0.126440
-0.949468
-0.386917
0.026330
-0.994705
-0.158280
0.275016
-1.018675
-0.216060
-0.266986
-1.060309
-0.514457
-0.596431
-1.096049
-0.215566
-0.613874
-1.115885
-0.226344
0.662145
-1.153355
-0.415865
0.630649
-1.198269
-0.338006
0.668388
-0.084429
1.252167
-1.444746
0.040557
1.229005
-1.758321
0.166406
1.036273
-1.712626
0.286816
1.207708
-1.550354
0.397767
0.833046
-1.456501
0.493422
0.840305
-1.511247
0.570282
0.559344
-1.613008
0.613913
0.353350
-1.949256
0.692521
0.801801
-1.545955
0.781456
0.722901
-1.484010
0.844967
0.584835
-1.632425
0.906991
0.376569
-2.200866
0.947614
0.140352
-2.429052
0.972315
0.083067
-2.118180
0.982173
-0.203827
-2.134931
0.980441
-0.070056
-1.901626
0.961107
-0.216014
-1.226251
0.937293
-0.342245
-1.722429
0.904655
-0.636785
-0.983445
0.846338
-0.811095
-0.592435
0.760168
-1.013526
0.029919
0.668126
-0.931922
0.124049
0.587561
-0.880650
0.036621
0.516259
-0.455489
0.264021
0.469232
-0.371825
0.258751
0.417363
-0.685218
0.471018
0.375231
-0.149533
0.753276
0.352645
-0.329408
0.549594
0.303802
-0.833144
0.490502
0.220057
-0.971647
0.110172
0.113292
-1.035122
0.130331
0.027258
-0.644888
0.703087
-0.047321
-0.650028
0.013245
-0.115167
-0.674742
0.119661
-0.185090
-0.540176
0.736517
-0.256947
-0.771365
0.497354
-0.336890
-1.069196
0.006377
-0.434227
-1.040020
0.552556
-0.540857
-1.046476
-0.051377
-0.625517
-0.800012
0.468596
-0.709035
-0.765613
-0.127630
-0.769813
-0.434594
-0.293293
-0.818907
-0.456293
-0.241223
-0.848656
-0.433644
-0.823572
-0.873340
-0.218032
-0.666053
-0.885959
-0.224513
-1.086922
-0.920057
-0.316162
-1.476100
-0.928912
-0.088832
-1.200235
-0.938164
-0.103546
-1.058928
-0.932398
-0.058025
-1.335203
0.135609
0.204554
0.932194
0.152791
0.330539
0.748079
0.181204
0.215288
0.616892
0.214358
0.729055
0.897204
0.282977
0.834308
1.234631
0.363254
0.828539
0.910471
0.441103
0.933448
1.416101
0.548685
1.303125
1.277645
0.671140
1.069282
0.451307
0.771422
0.792528
0.299645
0.843446
0.403185
0.548476
0.874190
0.303850
0.449854
0.912322
0.296656
0.633584
0.936186
0.258211
0.766773
0.954727
0.310054
1.010636
0.982220
0.215521
0.860455
0.976485
-0.285971
0.613563
0.935716
-0.243452
-0.081807
0.925244
-0.020031
-0.839931
0.923085
-0.114689
-0.369685
0.890117
-0.548400
-0.953671
0.829737
-0.529873
-0.719493
0.771197
-0.502282
-0.990785
0.719750
-0.424284
-0.812387
0.669816
-0.622758
-1.066923
0.584678
-1.086933
-0.760412
0.469913
-1.171972
-0.816943
0.348074
-1.300818
-0.157640
0.208588
-1.312802
0.035016
0.082724
-1.155374
-0.775399
-0.022043
-0.910087
0.067459
-0.109204
-0.725753
0.447327
-0.173406
-0.599202
0.097270
-0.219573
-0.404120
-0.063138
-0.266606
-0.380217
0.492113
-0.320487
-0.568940
-0.300080
-0.404219
-1.003907
-0.541820
-0.505868
-1.164805
-0.254214
-0.633604
-1.200086
0.329303
-0.745661
-1.019309
0.605290
-0.848241
-1.044573
0.781988
-0.947614
-0.950361
1.334798
-1.056935
-1.070841
0.482390
-1.161658
-0.950033
0.910597
-1.232192
-0.465919
1.395507
-1.268849
-0.183457
1.915698
-1.276339
0.075282
1.830050
-1.273642
0.196539
2.070675
-1.264612
0.251909
1.432435
-1.232940
0.536825
1.722466
-0.011048
0.531036
0.056536
0.042283
0.699521
-0.279242
0.128699
0.639905
-0.773615
0.208442
0.758842
-0.010528
0.305924
1.085220
-0.546733
0.412062
0.861579
-1.135272
0.525047
1.203998
-0.649971
0.634563
0.906463
-1.214443
0.725600
0.741581
-0.482281
0.804033
0.711769
-1.001171
0.858095
0.220756
-1.031749
0.871126
0.110329
-1.554983
0.901530
0.299023
-1.096120
0.929765
0.233169
-1.418559
0.951850
0.099569
-1.969750
0.972994
0.005278
-1.998840
0.977032
-0.388397
-1.721223
0.966878
-0.036876
-2.109400
0.954301
-0.456658
-1.918682
0.909230
-0.898438
-1.200654
0.843247
-0.562784
-1.275446
0.790720
-0.647712
-1.180411
0.718329
-0.798376
-1.101220
0.640954
-0.704144
-1.717084
0.571188
-0.861274
-1.215030
0.504400
-0.628670
-0.858350
0.437083
-0.819290
-0.978442
0.335372
-0.973245
-0.613131
0.239438
-0.916058
-0.245107
0.149396
-0.664646
-0.299594
0.093775
-0.706594
0.410482
0.018939
-0.910567
0.806093
-0.072849
-0.896062
0.569685
-0.152712
-0.752695
0.935425
-0.252045
-1.026364
0.710567
-0.350998
-0.771993
0.342438
-0.426412
-0.600297
0.408594
-0.492490
-0.583982
0.803244
-0.545620
-0.452176
0.676045
-0.601483
-0.545099
0.676357
-0.643488
-0.221154
0.233711
-0.675898
-0.338325
0.590213
-0.713145
-0.312293
0.649594
-0.745573
-0.243931
0.786951
-0.796722
-0.685166
0.499275
-0.872552
-0.672786
0.047621
-0.947787
-0.747333
0.212645
-1.028789
-0.763188
-0.071149
-1.115632
-0.905290
-0.122895
-1.217220
-1.222390
0.065017
-0.166203
1.786611
-2.111642
0.004483
1.335786
-2.360323
0.148480
1.368672
-2.447727
0.299347
1.284333
-2.413127
0.430451
1.122979
-2.085278
0.555476
1.053750
-2.129367
0.658769
0.807323
-2.458115
0.751637
0.677989
-2.390184
0.823248
0.552126
-1.959558
0.866190
0.134389
-1.917849
0.891335
0.082879
-1.637252
0.916685
0.204955
-1.447028
0.915727
-0.289131
-1.940125
0.907566
-0.146437
-1.940713
0.913952
-0.085570
-1.556320
0.911028
-0.211721
-1.806183
0.911632
0.003485
-0.864014
0.897526
-0.197623
-1.124825
0.870126
-0.521960
-1.262988
0.833072
-0.534115
-0.779168
0.810888
-0.172662
-0.709328
0.799802
-0.096230
-0.744234
0.779766
-0.231791
-1.308355
0.753872
-0.397178
-1.364499
0.701572
-0.695075
-1.406486
0.620929
-0.999953
-1.118310
0.515869
-1.275124
-1.109346
0.386969
-1.418955
-1.071871
0.255028
-1.398655
-0.782686
0.127908
-1.109486
-0.099348
0.042878
-0.755878
0.463995
-0.055312
-0.823759
-0.412059
-0.107606
-0.341325
0.368377
-0.150612
-0.575926
-0.115591
-0.215834
-0.536199
-0.039993
-0.311396
-1.162528
0.318191
-0.411877
-1.052647
0.139038
-0.512627
-0.895962
-0.434522
-0.585036
-0.524349
-0.068996
-0.651736
-0.719950
0.210874
-0.716881
-0.740617
0.399516
-0.776881
-0.541362
0.161560
-0.863803
-1.049827
-0.130948
-0.973427
-1.130049
-0.403514
-1.075026
-0.937066
0.391657
-1.136668
-0.497294
0.710739
-1.179204
-0.332131
1.293672
-1.217598
-0.152578
1.287517
-1.216188
0.204585
1.479480
-1.186780
0.600853
1.433422
-0.025399
1.349623
0.367944
0.107202
1.389324
0.011740
0.241829
1.435279
0.579128
0.368569
1.034211
0.096085
0.479598
1.000542
-0.023778
0.568177
0.710260
-0.989917
0.639193
0.278949
-1.450188
0.669979
0.250234
-1.479126
0.705133
0.577795
-1.046356
0.767171
0.428673
-1.670016
0.803941
0.433188
-1.864118
0.866091
0.594039
-1.706697
0.914125
0.311788
-2.038221
0.952112
0.127568
-1.445420
0.966144
-0.159514
-0.722126
0.956314
-0.075706
-1.017186
0.932051
-0.486495
-1.089642
0.898799
-0.369064
-0.437101
0.871020
-0.232803
-0.398390
0.830499
-0.286551
0.166046
0.779046
-0.627187
0.416874
0.725259
-0.437445
-0.082031
0.677293
-0.397699
0.319813
0.637641
-0.368238
0.276729
0.615250
-0.254055
-0.438618
0.589588
-0.210599
-0.982198
0.543197
-0.897178
-0.814309
0.421955
-1.425588
-0.376941
0.283222
-1.236156
0.119018
0.156888
-1.175407
0.845070
0.021310
-1.424476
1.515194
-0.112066
-1.063234
1.306972
-0.205354
-0.723611
0.891453
-0.284924
-0.604923
0.484441
-0.346899
-0.611588
1.132521
-0.406874
-0.689061
1.032772
-0.465602
-0.334901
0.630267
-0.504228
-0.444134
1.220426
-0.555283
-0.327187
1.324087
-0.579837
-0.188901
0.263322
-0.622884
-0.549067
0.024702
-0.674308
-0.405234
0.232512
-0.723721
-0.335599
0.347863
-0.758006
-0.359012
0.193019
-0.800152
-0.698168
0.376926
-0.857015
-0.425791
0.945883
-0.901724
-0.354453
0.448019
-0.952839
-0.542601
0.627801
-1.002192
-0.575440
0.587924
-1.067973
-0.563915
0.678563
0.065657
0.102875
0.489018
0.094081
0.381065
1.021574
0.143956
0.606813
1.157631
0.201076
0.882545
1.233447
0.289575
1.083512
0.932856
0.409030
1.181434
0.684239
0.532297
1.139843
0.098543
0.622503
0.864031
-0.474529
0.719854
0.851294
-0.098210
0.793390
0.570133
-0.369620
0.840204
0.384762
-0.489898
0.887488
0.386588
-0.849897
0.930070
0.421174
-0.031329
0.950864
-0.013512
0.295878
0.964713
0.255063
-0.229261
0.991396
0.024447
-0.189019
0.988303
-0.093388
-1.083976
0.982399
-0.112227
-1.738823
0.977812
-0.248217
-1.522247
0.944048
-0.759561
-1.544566
0.872128
-0.877342
-1.082218
0.790984
-0.745346
-0.714244
0.735104
-0.358809
-0.464485
0.678201
-0.673699
-0.488067
0.603040
-0.837130
0.218674
0.516440
-0.773056
0.006322
0.436161
-0.819734
0.241045
0.334828
-1.026589
0.097962
0.213022
-1.163148
0.070649
0.095628
-0.961416
0.033376
-0.006636
-0.811732
0.453223
-0.110408
-1.189171
0.172944
-0.211690
-0.978847
0.488284
-0.325036
-1.143580
0.887824
-0.444875
-1.021649
0.846586
-0.547982
-0.805831
0.899736
-0.616877
-0.425103
0.199982
-0.653692
-0.453960
0.226668
-0.709099
-0.512383
0.220886
-0.778203
-0.476876
0.504180
-0.824053
-0.495555
0.410969
-0.869149
-0.323634
0.323333
-0.904398
-0.203199
0.965230
-0.917394
-0.036686
1.236817
-0.916679
-0.034189
1.663367
-0.923851
0.271989
1.210107
-0.908899
0.092247
1.226706
-0.875057
0.454774
0.949390
-0.836030
0.737885
0.828788
-0.749494
1.163146
0.447308
-0.240678
1.910998
-0.694592
-0.051338
1.403701
-1.044391
0.101067
1.469454
-0.363707
0.246872
1.279906
-0.646661
0.381708
1.279605
-0.736828
0.541003
1.528736
-0.834110
0.669599
1.117546
-0.595755
0.759025
0.695000
-0.505943
0.811788
0.465000
0.025002
0.859480
0.647425
-0.651941
0.916728
0.613847
-1.247605
0.988275
0.591775
-1.158794
1.046537
0.442074
-0.756141
1.055572
-0.127544
-1.210792
1.036352
-0.283572
-1.138200
1.016235
-0.191789
0.089097
1.000801
-0.171600
0.174513
0.979347
-0.274266
0.183225
0.947423
-0.421521
0.477398
0.913758
-0.307111
-0.105152
0.887803
-0.246578
0.190418
0.853348
-0.451340
0.320976
0.807988
-0.314294
-0.660289
0.760956
-0.731518
-0.857413
0.668729
-0.974773
-0.703813
0.584175
-0.688360
-0.917940
0.507675
-0.803923
-0.923216
0.408300
-0.989322
-0.644382
0.315010
-1.097180
-0.027484
0.187406
-1.421210
0.141557
0.073604
-0.915812
0.375404
-0.009507
-0.753022
0.498566
-0.090073
-0.964259
0.396272
-0.180267
-0.831946
0.723074
-0.257799
-0.699502
-0.050912
-0.325086
-0.691892
0.579281
-0.412319
-0.677213
0.500938
-0.481189
-0.614189
-0.124307
-0.550397
-0.788472
-0.909070
-0.616480
-0.712224
-1.158328
-0.674836
-0.517945
-1.178430
-0.739733
-0.863946
-1.073359
-0.797269
-0.387784
-1.043280
-0.815242
0.026006
-1.399359
-0.830580
-0.349855
-2.819789
-0.872955
-0.612995
-3.926890
-0.943852
-1.215100
-4.230606
-1.045884
-1.331398
-4.127155
-1.179677
-1.604975
-4.318686
-1.377936
-2.653581
-4.429219
-0.004913
-0.265798
2.101921
-0.024232
0.184144
1.546117
0.018796
0.557959
1.829522
0.107960
1.191854
1.143637
0.198761
0.995692
1.247167
0.298180
1.051493
1.047673
0.407647
1.216723
0.542324
0.519494
1.130068
0.880024
0.625935
0.896912
-0.266908
0.732600
1.030388
-0.471579
0.813935
0.601459
-0.814603
0.881521
0.823549
-0.794006
0.962815
0.575721
-0.597053
1.019295
0.506300
-1.041851
1.063030
0.332207
-0.734873
1.082580
-0.071997
-1.342311
1.041608
-0.644820
-1.666460
0.984760
-0.564293
-1.290950
0.945757
-0.354543
-0.999840
0.908010
-0.507335
-1.341899
0.866090
-0.412609
-0.700416
0.814579
-0.609447
-0.836476
0.748705
-0.650121
-0.361738
0.676335
-0.716032
-0.619681
0.605290
-0.757115
-0.244847
0.514277
-0.959650
-0.218639
0.399610
-1.112228
0.719515
0.287085
-1.020039
0.846576
0.170810
-1.136590
1.607997
0.045184
-1.121840
1.141948
-0.042496
-0.773877
1.749725
-0.112686
-0.595911
0.928998
-0.179830
-0.743049
0.510438
-0.247798
-0.801357
-0.250852
-0.328564
-0.812817
-0.311216
-0.405886
-1.074489
-0.374141
-0.518096
-1.021376
0.293676
-0.623926
-1.093429
-0.636534
-0.722929
-1.050056
-0.354775
-0.810290
-0.880398
0.039452
-0.866477
-0.547274
0.378986
-0.919655
-0.481755
-0.296629
-0.973031
-0.495231
-0.782236
-0.991834
-0.038163
-1.586215
-1.022201
-0.578815
-1.710216
-1.052283
-0.324130
-1.697815
-1.096200
-0.731390
-1.386050
-1.148957
-0.544543
-1.504251
-1.217695
-0.860068
-1.486099
-1.313260
-1.049218
-0.778118
0.024937
0.955400
-0.358929
0.116421
0.813898
-0.332584
0.204197
0.925086
-0.439752
0.301962
0.831106
-0.437322
0.388973
0.724871
-0.084725
0.477393
0.712723
-0.505449
0.534605
0.359387
-1.423585
0.599973
0.565917
-1.234389
0.650704
0.401789
-1.706023
0.720911
0.592331
-1.614063
0.796535
0.501957
-1.189571
0.832073
-0.010960
-1.459356
0.822909
-0.075297
-1.930437
0.840868
0.427602
-1.511352
0.890464
0.268468
-1.392459
0.919878
0.235784
-1.322362
0.947328
0.152935
-1.346785
0.950957
0.024328
-1.185982
0.951219
-0.070076
-1.210734
0.943791
-0.250231
-1.554407
0.919727
-0.561781
-1.592704
0.871999
-0.607995
-1.975939
0.812050
-0.476898
-1.383589
0.763982
-0.704414
-0.974965
0.710339
-0.555837
-1.191835
0.655468
-0.691007
-0.608054
0.584114
-0.855316
-0.640667
0.498115
-1.088629
-0.843027
0.394777
-1.021047
-1.143794
0.282507
-1.086327
-0.183748
0.164866
-1.343139
-0.000156
0.036634
-1.014983
0.581453
-0.060004
-0.870130
-0.113872
-0.163531
-0.928292
0.345683
-0.264918
-0.718896
0.152161
-0.330100
-0.539007
0.219374
-0.383876
-0.488757
-0.133315
-0.438058
-0.689335
-0.624335
-0.517344
-0.711478
-0.420571
-0.585492
-0.590210
0.088435
-0.655263
-0.560625
0.538932
-0.720189
-0.498957
-0.144643
-0.782915
-0.897827
0.037251
-0.872804
-0.912268
0.398892
-0.944387
-0.565803
0.358223
-1.022036
-0.951106
0.263389
-1.099948
-0.656723
0.358148
-1.161094
-0.628435
0.664440
-1.234132
-0.695396
0.151860
-1.298782
-0.540462
0.303487
-0.206442
1.381262
-2.428414
-0.051485
1.364225
-1.808182
0.091063
1.243465
-1.396261
0.230796
1.406324
-1.343497
0.376857
1.355673
-0.582015
0.497180
0.898620
-0.355262
0.571996
0.670546
-1.075716
0.647139
0.569254
-0.917150
0.702201
0.636392
-1.439115
0.764365
0.358695
-1.101880
0.801478
0.388754
-0.628679
0.848794
0.228151
-0.441979
0.869943
0.160695
-0.542811
0.872320
-0.012746
-0.031646
0.881806
0.252377
-0.744834
0.901355
0.143275
-0.340377
0.933841
0.193763
-0.540819
0.932518
-0.277020
-0.301925
0.935384
0.121205
-0.003803
0.937628
-0.071431
-0.150443
0.942348
-0.078041
0.816558
0.920353
-0.310877
0.980183
0.867357
-0.650030
0.970010
0.788700
-0.735584
1.097444
0.713314
-0.779261
1.157959
0.636547
-0.645966
0.691829
0.568085
-0.546352
0.268486
0.498107
-0.835805
0.764423
0.394325
-1.273148
0.774087
0.260035
-1.452131
0.221067
0.106108
-1.445274
0.319335
-0.052159
-1.792796
0.377228
-0.211783
-1.104660
0.351967
-0.334285
-1.176835
0.722864
-0.446245
-0.932891
0.942395
-0.544823
-0.862141
1.280113
-0.621475
-0.490621
1.148970
-0.642848
0.139973
0.639191
-0.670919
-0.500389
0.233855
-0.723811
-0.544547
0.853915
-0.765974
-0.319019
0.707147
-0.821821
-0.607732
0.749336
-0.887787
-0.558837
1.375324
-0.943014
-0.504200
1.889181
-0.975320
-0.124260
2.194773
-1.002069
-0.160016
2.046931
-1.020501
0.130275
2.398937
-1.003334
0.349040
3.147352
-0.966016
0.619354
3.119170
-0.919741
0.786710
3.163628
-0.131315
0.757471
0.706779
-0.059563
0.932711
0.927351
0.034787
0.908193
0.390064
0.143253
1.135919
0.325460
0.274543
1.409055
0.229196
0.390518
1.019066
0.369685
0.486612
0.920270
0.388121
0.558157
0.708398
0.600337
0.642511
0.729729
-0.103976
0.729191
0.985781
-0.282687
0.829402
0.953056
-0.546059
0.900162
0.522174
-0.401788
0.956140
0.388310
-1.143004
1.007443
0.449899
-1.603110
1.042671
0.200206
-0.895100
1.050146
0.076428
-1.439216
1.044332
-0.304492
-0.767587
1.020813
-0.312592
-0.864042
0.989069
-0.052310
-0.754064
0.973051
-0.277380
0.052848
0.939620
-0.421146
-0.425143
0.903612
-0.410457
0.144982
0.847305
-0.706557
0.215228
0.765285
-0.788626
0.443758
0.675778
-1.180970
0.446186
0.561489
-1.014133
0.313072
0.468095
-1.034057
-0.150580
0.368111
-1.115699
-0.049531
0.268371
-0.897416
-0.474480
0.159491
-1.109496
-0.229932
0.052990
-0.904096
0.554395
-0.017865
-0.623556
-0.613287
-0.084089
-0.497297
-0.799179
-0.137071
-0.661109
-0.329890
-0.206165
-0.643768
-0.794287
-0.260230
-0.722373
-0.901411
-0.351956
-0.986289
-0.491640
-0.453861
-0.973750
-0.458150
-0.550798
-0.873056
-0.341819
-0.641118
-0.749377
-0.003899
-0.723902
-0.829723
-0.126815
-0.807750
-0.898540
-0.581552
-0.875483
-0.634992
0.204844
-0.941358
-0.492341
0.431445
-1.003373
-0.737039
-0.072557
-1.047375
-0.427050
-0.354510
-1.090381
-0.395486
-0.434318
-1.127180
-0.524040
-1.135591
-1.168297
-0.256984
-1.143353
-1.211504
-0.644617
-0.963159
-0.028124
0.864838
-0.525854
0.058355
0.630641
-0.671690
0.146811
1.153197
-0.817328
0.261274
1.169776
-1.002167
0.393286
1.134630
-1.949795
0.513887
1.082283
-1.772311
0.624456
0.923888
-1.167406
0.716799
0.778900
-1.614711
0.787328
0.563820
-2.058642
0.843750
0.431408
-2.392777
0.901210
0.446796
-1.846481
0.952107
0.296045
-2.030215
0.978934
-0.077453
-1.157356
0.969919
-0.108632
0.055807
0.991869
0.276838
0.105481
1.018680
0.211020
-0.075697
1.037081
-0.112868
-0.276300
1.020012
-0.230988
-0.674114
0.981044
-0.503681
-0.921388
0.925454
-0.710977
-1.237262
0.871709
-0.471577
-1.251893
0.830129
-0.680422
-1.956972
0.759759
-0.840734
-1.217020
0.673477
-0.963026
-0.885001
0.582636
-0.942473
-0.580218
0.485798
-0.852858
0.054995
0.393555
-0.882863
0.518779
0.294833
-0.863869
0.634429
0.204453
-0.737315
0.523673
0.134683
-0.657673
1.098131
0.054024
-0.712628
0.942654
0.005289
-0.534874
0.672466
-0.057977
-0.496943
0.707441
-0.115265
-0.785667
0.367149
-0.203616
-0.975744
0.736627
-0.289866
-0.804644
1.381241
-0.368373
-0.484883
1.883632
-0.416783
-0.420985
1.447162
-0.481872
-0.803788
1.427550
-0.594136
-1.045031
1.819504
-0.686823
-0.799972
1.878667
-0.763908
-0.582930
1.269285
-0.806996
-0.343831
0.789764
-0.830587
-0.141806
0.445578
-0.860913
-0.362836
0.206432
-0.906743
-0.395017
-0.086675
-0.969533
-0.769350
-0.179533
-1.052076
-0.889749
0.266616
-1.146852
-0.739745
0.122633
-1.230524
-0.588434
0.146105
-0.085062
0.772762
0.861800
0.002498
1.135133
0.528946
0.135007
1.327189
0.639720
0.274676
1.452955
0.281659
0.401233
1.164762
0.171820
0.500884
0.979982
-0.336603
0.600611
0.940514
-0.319516
0.699032
0.839615
-0.380291
0.787759
0.859951
0.241399
0.872709
0.774384
-0.146199
0.927015
0.394057
-0.709397
0.956616
0.217306
-0.997381
0.976872
0.110438
-0.651907
0.979789
-0.050411
-1.110551
0.979714
-0.049288
-0.648471
0.983936
0.092865
-0.313503
0.990700
-0.049814
0.179792
0.982345
-0.118570
0.404663
0.948769
-0.532170
0.381543
0.881991
-0.704369
0.599675
0.814280
-0.572294
0.355682
0.763245
-0.427159
-0.439464
0.741335
-0.208705
-0.118099
0.699060
-0.566851
-0.647817
0.643530
-0.545574
-0.743589
0.595014
-0.654673
-0.575716
0.527118
-0.729030
-0.245324
0.458968
-0.768197
-0.730635
0.375531
-0.875085
-0.764239
0.301328
-1.047667
-0.762541
0.213222
-0.992578
-0.869372
0.095627
-1.223268
-1.129659
-0.034321
-1.368738
-0.696417
-0.166222
-1.329082
-0.127907
-0.288756
-1.171399
-0.091603
-0.420433
-1.039224
-0.557265
-0.530732
-1.017269
-0.243682
-0.640703
-0.843141
0.019275
-0.703977
-0.354092
0.334051
-0.735541
-0.248837
0.571628
-0.770383
0.010454
0.931014
-0.775289
0.228979
0.982482
-0.771634
-0.048633
0.259672
-0.793957
-0.280436
0.252815
-0.844701
-0.526287
-0.441374
-0.888775
-0.344561
-0.058007
-0.944131
-0.595348
-0.445974
-1.019037
-0.828660
-0.434974
-1.090177
-0.683579
-0.603630
-1.167260
-0.864313
-1.050052
0.104889
1.132214
0.764524
0.217711
1.101253
0.368537
0.275553
0.401834
0.832105
0.329188
0.841737
0.720372
0.409813
0.941725
0.939456
0.477731
0.754014
0.680310
0.564511
0.844256
-0.035064
0.678739
1.241765
-0.199747
0.798407
1.119351
-0.146808
0.906461
0.884475
-0.194411
0.989537
0.772709
-0.254122
1.049974
0.500149
-0.484827
1.089225
0.439899
-0.655299
1.111272
0.099628
-1.335121
1.123033
-0.072995
-0.953311
1.111978
-0.230855
-0.912274
1.075560
-0.480140
-0.682499
1.027447
-0.599630
-0.921990
0.987325
-0.225510
-1.127227
0.956547
-0.302751
-0.494310
0.939772
-0.129837
-1.106211
0.932173
-0.295832
-1.236900
0.903757
-0.420257
-1.526596
0.862840
-0.564078
-1.472895
0.789768
-0.799647
-0.828479
0.704286
-0.789599
-1.007995
0.617693
-1.035881
-1.005508
0.528170
-0.769579
-1.115022
0.441672
-0.996428
-1.134842
0.329970
-1.300875
-0.682512
0.211586
-1.106728
0.025217
0.101413
-1.077960
-0.143533
0.004855
-0.945863
0.391351
-0.101254
-0.846349
0.259235
-0.207672
-1.288427
-0.070708
-0.319280
-0.855532
0.458894
-0.407836
-1.003202
0.250075
-0.487871
-0.712153
-0.322816
-0.556602
-0.743410
-0.098873
-0.633337
-0.791749
0.341707
-0.715909
-0.773292
0.769098
-0.800387
-0.933050
0.846968
-0.894539
-0.754988
0.735526
-0.971965
-0.795321
1.733143
-1.054368
-0.523132
1.675405
-1.107810
-0.149190
1.506911
-1.111287
0.151582
1.970664
-1.084006
0.513476
2.002495
-1.049769
0.474819
1.084991
-0.995836
0.591833
0.989926
-0.126222
1.581629
-1.874026
0.040320
1.557767
-1.163096
0.195257
1.318983
-0.875829
0.320284
1.041910
0.003374
0.421816
0.806089
-0.110440
0.498034
0.642809
-0.055060
0.568116
0.672358
0.236662
0.634208
0.815940
-0.494773
0.713472
0.757796
-0.514037
0.786749
0.411408
-0.942585
0.840629
0.472251
-0.720597
0.888128
0.312327
-0.700897
0.940824
0.683047
-0.843902
1.002186
0.443223
-0.665874
1.024106
0.158040
-0.182085
1.026326
-0.001950
-0.313497
0.985617
-0.649773
0.119963
0.923519
-0.611779
0.015973
0.872144
-0.328469
0.323523
0.842052
-0.377841
0.281599
0.807132
-0.041210
0.083169
0.801664
-0.061314
0.430382
0.785377
-0.167769
-0.299709
0.765225
-0.260506
0.175794
0.705933
-0.801882
-1.142817
0.614269
-1.191760
-0.845939
0.507489
-1.268903
-1.670665
0.377184
-1.512744
-1.580346
0.248567
-1.318911
-1.370034
0.126681
-1.341432
-0.930981
0.003070
-1.218367
-0.573681
-0.115703
-0.928748
-0.192692
-0.200818
-0.692803
-0.611529
-0.276714
-0.758654
-0.104282
-0.347999
-0.751531
-0.008693
-0.423130
-0.744141
-0.563471
-0.500333
-0.843647
0.132137
-0.576365
-0.798183
0.240739
-0.675988
-1.148406
0.345757
-0.807162
-1.208109
0.683956
-0.916067
-0.808340
0.330430
-0.983392
-0.491734
-0.025961
-1.034154
-0.546237
0.043582
-1.080610
-0.410301
0.042195
-1.137273
-0.489867
0.450894
-1.176653
-0.327233
-0.127788
-1.228161
-0.776492
-0.915181
-1.298160
-0.624446
-0.484843
-1.376822
-0.879458
-0.707414
-1.488818
-1.258909
-1.671503
-0.002682
0.656541
0.437115
0.059624
0.706254
0.363004
0.138596
0.937619
-0.279816
0.261504
1.337268
-0.398392
0.380948
1.074383
-0.060304
0.498034
1.215688
-0.553147
0.610194
0.791662
-0.660215
0.672948
0.477684
-0.492533
0.741878
0.718127
-0.688069
0.815221
0.595874
-0.904885
0.869040
0.474410
-0.481889
0.911496
0.185019
-1.124375
0.931769
0.008955
-1.683126
0.928026
0.047628
-1.247809
0.943289
0.157971
-0.738009
0.959008
0.192070
-0.454499
0.971462
0.033406
-0.055199
0.969484
-0.202526
-0.321306
0.946127
-0.330724
-0.497283
0.914207
-0.381558
-1.073604
0.866391
-0.691299
-0.691054
0.804150
-0.669069
-1.322128
0.740239
-0.797504
-0.773550
0.660101
-1.041490
0.354610
0.547482
-1.187488
0.754889
0.427403
-0.950898
0.950560
0.332295
-0.854248
0.394281
0.233220
-1.046690
0.296334
0.144069
-0.893297
0.380642
0.047018
-0.766660
0.732341
-0.029967
-0.647613
0.506813
-0.086161
-0.405769
0.818784
-0.136859
-0.262806
0.601401
-0.157659
-0.363513
0.316691
-0.211310
-0.591781
0.174986
-0.261210
-0.462024
0.846388
-0.310549
-0.384166
0.541232
-0.369090
-0.660642
-0.137459
-0.444121
-0.933995
0.366768
-0.543896
-1.022301
0.823173
-0.653813
-1.078400
0.516349
-0.750582
-0.753285
0.571207
-0.821340
-0.612644
0.305057
-0.861556
-0.114288
0.257334
-0.896303
-0.428256
-0.020977
-0.946142
-0.581281
0.081020
-0.984964
-0.169547
0.111191
-1.006180
-0.353638
-0.117175
-1.036812
-0.227980
0.436772
-1.053742
-0.168380
0.942584
-0.234000
0.597972
0.007970
-0.149908
0.828529
-0.145681
-0.043723
1.352761
-0.463014
0.102559
1.570413
-0.313789
0.263964
1.742589
-0.019222
0.430206
1.470732
-0.707851
0.563212
1.143165
-0.881394
0.681883
0.918165
-0.695753
0.776180
0.753732
-0.467932
0.859792
0.669080
-0.609589
0.901002
0.078153
-0.431822
0.908928
0.040405
-0.562163
0.913263
-0.128137
-0.347219
0.918373
0.196209
-0.389558
0.934146
0.046209
-0.149423
0.938344
0.047447
-0.976425
0.950789
0.129975
-0.951855
0.956405
-0.067677
-1.400845
0.962912
0.015205
-0.635939
0.970971
-0.024740
-0.713070
0.964735
-0.310094
-1.235255
0.924764
-0.694012
-1.107966
0.861858
-0.877360
-1.239015
0.774094
-0.858086
-1.215535
0.676775
-1.319131
-0.590648
0.584783
-0.810730
-0.541619
0.485439
-1.024152
-0.699263
0.382898
-1.280952
-1.022785
0.244315
-1.468878
-0.336350
0.133435
-1.006867
-0.810872
0.039277
-0.787168
-0.857790
-0.025603
-0.801628
-0.832957
-0.115359
-1.112557
-0.884192
-0.232509
-1.265374
0.031681
-0.340265
-0.823357
-0.265656
-0.430184
-0.840548
-0.383494
-0.524926
-1.005864
0.321569
-0.637315
-0.828127
0.502592
-0.697855
-0.537475
0.967826
-0.758830
-0.300774
1.470397
-0.803447
-0.132483
1.277921
-0.820055
-0.245561
0.995619
-0.832678
-0.012113
0.866880
-0.854850
-0.231223
1.019689
-0.877837
-0.112450
0.875655
-0.883643
0.128395
0.366324
-0.901585
-0.373940
0.019330
-0.952523
-0.598399
0.432305
-1.008134
-0.554316
0.625540
-1.062401
-0.422676
0.799012
-0.240963
1.848979
-0.154421
-0.053131
1.780696
-0.397438
0.126448
1.664818
-0.554724
0.290528
1.424064
-1.155908
0.418015
0.906553
-1.017619
0.489626
0.657458
-0.895117
0.564724
0.907663
-0.121758
0.649649
0.796963
0.142946
0.711360
0.448324
0.000583
0.768408
0.718981
-0.174365
0.832886
0.595838
0.036265
0.881812
0.407778
-0.840792
0.912598
0.186426
-1.399555
0.941383
0.398753
-0.931543
0.955581
0.091651
-0.946847
0.956326
-0.111287
-0.467189
0.958943
0.121099
-1.041334
0.975273
0.077783
-1.374709
0.985168
-0.103069
-1.611034
0.974396
-0.435802
-1.708313
0.938554
-0.482816
-1.296209
0.894744
-0.678672
-2.011858
0.832988
-0.804515
-1.585719
0.740586
-1.100077
-1.427300
0.614939
-1.371531
-1.440073
0.493911
-1.218054
-1.034142
0.391516
-0.989819
-1.223278
0.295450
-1.156362
-0.755838
0.182890
-1.123789
-0.503172
0.076734
-1.012988
-0.683388
-0.010965
-0.789571
-0.775424
-0.068751
-0.568863
-0.186865
-0.112126
-0.396193
0.123998
-0.170394
-0.708093
-0.034273
-0.262482
-0.994440
0.061150
-0.356733
-0.840444
-0.238134
-0.450566
-1.097304
-0.891761
-0.545260
-0.896859
-0.569932
-0.640191
-0.996918
-0.719986
-0.725253
-0.681262
-1.179847
-0.801834
-0.975983
-1.098080
-0.893138
-0.901503
0.590026
-0.984885
-0.753639
0.991813
-1.036237
-0.124198
1.605387
-1.050326
0.082776
1.585481
-1.048184
-0.017647
1.640094
-1.070175
-0.067771
0.904124
-1.077258
0.082446
0.617617
-1.050360
0.500180
0.774667
-1.022785
0.228232
2.043649
-0.035045
0.587645
0.840194
0.031476
0.652273
0.380157
0.119909
1.151372
0.523713
0.253158
1.264209
0.441223
0.367636
1.063269
0.846023
0.465243
0.940847
0.612157
0.546680
0.699035
0.226297
0.616335
0.491977
0.492159
0.661950
0.417775
0.057636
0.697754
0.216865
-0.565548
0.736935
0.593164
-0.032180
0.811924
0.705977
0.142233
0.884640
0.637862
0.312817
0.946321
0.455891
0.225857
0.984912
0.235699
-0.093093
0.966342
-0.188077
-0.333265
0.958346
0.092442
-0.685718
0.958217
-0.207884
-0.876715
0.942122
-0.105028
-1.483072
0.934683
-0.231830
-1.000763
0.922594
-0.205095
-1.062301
0.892534
-0.364735
-1.660259
0.858916
-0.436374
-1.168084
0.806139
-0.631756
-0.698635
0.731571
-0.819000
-0.087760
0.643062
-0.991393
0.587007
0.541640
-0.745575
0.009411
0.456296
-0.962144
0.797977
0.369591
-0.890304
0.698030
0.267924
-1.014542
0.374690
0.163253
-1.074868
-0.086417
0.063992
-0.982348
-0.265734
-0.043610
-1.142413
0.172797
-0.140342
-1.079954
-0.089626
-0.250436
-0.973542
-0.052956
-0.346495
-0.977633
0.602467
-0.440377
-0.896006
0.259823
-0.519707
-0.851962
-0.036089
-0.594196
-0.685187
0.383307
-0.664822
-0.540209
0.759360
-0.737644
-0.885267
0.736342
-0.819668
-1.015462
1.077980
-0.921549
-0.779624
1.373202
-1.009018
-0.768235
0.948229
-1.069121
-0.485529
0.493078
-1.114722
-0.189245
0.747190
-1.148171
-0.470884
0.752051
-1.174740
-0.202858
0.814372
-1.168633
0.433216
0.571833
-1.109284
0.649096
0.742638
0.180621
0.484367
0.648916
0.209810
0.487128
0.986623
0.262460
0.565158
0.211734
0.304748
0.403424
0.473183
0.349569
0.475986
0.745127
0.393590
0.583227
0.985333
0.456111
0.606906
0.288437
0.531704
0.933932
0.545357
0.646686
1.010492
-0.195599
0.754723
1.081996
-0.341058
0.862460
1.063172
-0.196263
0.980451
0.992861
-0.377364
1.047644
0.518242
-0.741878
1.099004
0.151200
0.116388
1.122686
0.146544
-0.444876
1.130499
-0.018921
-1.116970
1.105604
-0.119234
-0.891735
1.086133
-0.301907
-1.319472
1.049366
-0.462894
-1.299897
0.989490
-0.731065
-1.348269
0.926127
-0.630568
-0.719750
0.868896
-0.701431
-0.016754
0.800282
-0.529666
-0.116602
0.735762
-0.567446
0.450439
0.676825
-0.423149
0.400431
0.622343
-0.598837
0.516660
0.555545
-0.740633
-0.609479
0.473551
-0.771400
-0.078444
0.390865
-0.927573
0.490892
0.290528
-1.070889
0.103339
0.175022
-1.148659
0.302820
0.067445
-1.061843
-0.309674
-0.031120
-0.951087
-0.701129
-0.138594
-1.125795
-0.588868
-0.235316
-0.948961
-0.305245
-0.312345
-0.796401
-0.327277
-0.413865
-1.082057
-0.004495
-0.529991
-1.054271
0.411605
-0.641448
-0.926600
0.819575
-0.746207
-0.956275
0.550095
-0.831288
-0.550245
0.600276
-0.893934
-0.405712
0.496596
-0.925877
-0.236476
0.355818
-0.960154
-0.315405
0.524251
-0.996131
-0.220015
-0.086877
-1.008182
-0.165615
0.063437
-1.041078
-0.611959
0.057258
-1.092317
-0.402931
1.032824
-1.125015
-0.226980
1.619943
-1.151422
-0.079694
1.531699
0.300726
0.013728
1.359098
0.295927
0.049689
1.796133
0.289561
-0.066807
2.495359
0.273906
-0.072045
2.238116
0.284510
0.441706
1.721617
0.329477
0.651046
1.303423
0.407699
0.975850
0.405977
0.493824
0.773244
-1.007802
0.604935
1.008531
-0.699427
0.716338
0.946431
-1.017489
0.814972
0.594511
-0.924599
0.887015
0.566186
-1.211529
0.936452
0.350496
-1.396656
0.972010
0.315748
-1.970176
0.985801
-0.068522
-1.577531
0.974464
-0.298490
-1.681604
0.939447
-0.503975
-1.176120
0.900655
-0.366816
-0.870425
0.865131
-0.443703
-1.176174
0.804243
-0.854813
-0.724816
0.735381
-0.751617
-0.346673
0.698987
-0.216490
-0.248723
0.663281
-0.648823
-0.301591
0.595210
-0.717367
-0.246341
0.512255
-0.752928
-0.063148
0.437642
-0.764251
-0.482566
0.381456
-0.412063
-0.824925
0.352889
-0.362808
-1.207510
0.313526
-0.533848
-1.091457
0.257239
-0.630152
-0.997686
0.184541
-0.783593
-0.899598
0.101217
-0.919765
-0.758548
0.010374
-1.032303
-0.561397
-0.099310
-1.049604
-0.607339
-0.202026
-0.969681
-0.110549
-0.298731
-0.961369
-0.043904
-0.389403
-0.906414
0.292419
-0.482749
-1.006161
0.578412
-0.600782
-1.164635
0.062123
-0.712673
-1.123111
0.008751
-0.792454
-0.463109
0.577976
-0.833754
-0.254361
0.460496
-0.861220
-0.327180
0.478904
-0.877519
0.038336
0.737405
-0.874055
0.080603
0.513965
-0.860757
0.042625
1.256515
-0.874019
0.011704
1.493563
-0.871150
0.144021
1.870912
-0.865204
0.022670
1.672046
-0.875207
0.073105
1.240985
0.011486
1.310081
-0.982793
0.130721
0.947439
-1.033454
0.222339
0.776254
-1.065909
0.312026
0.756136
-0.919586
0.374454
0.512976
-0.990025
0.444738
0.804472
-0.735884
0.543273
1.005274
-0.508076
0.639911
0.846470
-0.827562
0.718392
0.854323
-0.754051
0.818695
0.919577
-0.767185
0.914369
0.825136
-0.568184
0.995450
0.704271
-0.670278
1.063766
0.446552
-0.831945
1.088813
0.138830
-0.030046
1.082350
-0.144133
-0.410108
1.058846
-0.395336
-0.152384
0.986169
-0.882322
-0.871916
0.904828
-0.867281
-0.230028
0.830692
-0.631411
-0.301806
0.755657
-0.794050
-0.357706
0.690250
-0.515960
-0.332406
0.667985
-0.468968
-0.140538
0.624742
-0.503202
-0.234237
0.570419
-0.534431
0.035618
0.503279
-0.804963
0.125919
0.432701
-0.674638
0.254903
0.355575
-0.619784
0.459863
0.283576
-0.660679
0.712219
0.211367
-0.519237
0.461624
0.139705
-0.680723
0.682771
0.054937
-0.688645
0.442431
-0.007525
-0.369203
0.975205
-0.066186
-0.526812
1.065016
-0.127395
-0.678329
1.337244
-0.224326
-0.864273
0.897020
-0.299677
-0.502765
1.052113
-0.387843
-0.936462
-0.044611
-0.480251
-0.793956
0.099840
-0.557911
-0.707410
0.267073
-0.633585
-0.685569
0.530883
-0.701157
-0.582057
0.967278
-0.752131
-0.472462
0.917857
-0.806652
-0.442463
1.208444
-0.876133
-0.556882
1.046429
-0.938330
-0.474948
1.781158
-1.006552
-0.471326
2.386470
-1.045135
-0.263463
3.282993
-1.060633
0.253714
2.601938
-1.033165
0.571803
2.675148
-0.994091
0.514575
2.515503
0.038707
0.073710
0.753002
0.067706
0.290406
1.139161
0.115191
0.852136
0.501354
0.212502
1.037346
1.174578
0.314884
1.071623
1.372805
0.415217
1.138484
0.965031
0.526938
1.103458
0.859525
0.647953
1.134189
0.346252
0.746664
0.939754
-0.298636
0.815191
0.621555
0.240756
0.884389
0.706053
0.207594
0.951067
0.439225
0.141356
0.981654
0.247919
-0.372118
1.003202
-0.048753
0.045963
1.018066
0.359615
-0.261327
1.047603
0.123582
-0.481629
1.039511
-0.097690
-0.935505
1.006567
-0.614650
-0.249644
0.956259
-0.215738
-1.163052
0.929643
-0.470663
-1.095069
0.888364
-0.522799
-0.969856
0.834096
-0.705023
-0.806638
0.762812
-0.763560
-1.176799
0.694378
-0.797473
-1.726248
0.609557
-0.961674
-0.854742
0.515971
-1.068011
-1.385229
0.421444
-0.769406
-0.991582
0.342887
-0.605799
-0.905396
0.279790
-0.787292
-1.021532
0.195453
-0.961161
-1.403954
0.093299
-1.385365
-1.290959
-0.047493
-1.541215
-1.027301
-0.198076
-1.451970
-0.248989
-0.328856
-1.165823
0.252992
-0.436141
-0.958079
-0.105084
-0.527841
-0.923091
0.272040
-0.598260
-0.540380
-0.186498
-0.646710
-0.415155
-0.046477
-0.689864
-0.323708
0.231162
-0.710158
-0.244507
-0.250645
-0.747435
-0.419841
0.359453
-0.787775
-0.366127
1.152511
-0.838588
-0.334299
0.823529
-0.912146
-0.732205
0.868906
-0.972013
-0.424943
0.247849
-1.005296
-0.373323
1.480782
-1.040968
-0.261203
1.628426
-1.076144
-0.009852
1.720908
-1.072166
0.119803
1.948948
-1.062044
0.139328
1.672454
0.107478
0.544293
0.101942
0.154183
0.441363
0.403502
0.207817
0.687428
-0.196254
0.290677
0.761691
-0.301425
0.380428
1.101150
-0.986370
0.500395
1.170605
-1.112172
0.603281
0.897004
-1.284699
0.695322
0.772894
-0.923630
0.791144
0.974112
-1.142065
0.895388
0.983559
-1.199559
0.966660
0.528652
-1.372430
1.024747
0.379612
-0.696007
1.054870
0.136556
-1.648652
1.051427
-0.202195
-1.771905
1.042471
-0.073924
-2.075735
1.043775
-0.138934
-2.251383
1.034489
-0.333524
-2.308619
1.012248
-0.552998
-2.452302
0.955428
-0.849672
-2.306877
0.890166
-0.811517
-2.349054
0.825617
-0.864132
-2.880973
0.749065
-1.058556
-1.753213
0.673184
-0.801031
-2.222419
0.604931
-0.600221
-1.688208
0.570153
-0.379483
-1.124348
0.521255
-0.394366
-0.633686
0.481987
-0.551372
-0.180263
0.418850
-0.740421
-0.801314
0.340941
-0.825157
-0.604709
0.258434
-0.751575
-0.147505
0.169300
-1.015977
-1.117003
0.044423
-1.375110
-0.648695
-0.090146
-1.380416
0.029856
-0.212579
-1.129939
0.366957
-0.313851
-0.786669
0.936669
-0.377540
-0.542897
-0.145344
-0.448655
-0.838402
-0.450325
-0.531478
-0.797794
0.249706
-0.644846
-1.089682
0.647346
-0.751058
-0.946271
1.400982
-0.847277
-0.797843
1.175743
-0.929257
-0.429839
0.997925
-0.957522
-0.180196
1.215228
-0.968897
-0.126702
0.933337
-0.977444
-0.167293
0.084847
-0.972319
0.073176
-0.415312
-0.970821
-0.041343
-0.692288
-0.977820
-0.179338
-0.534258
-0.987198
-0.130353
-1.231474
-1.002133
-0.295808
-0.906626
0.085755
0.770584
-0.681125
0.166743
0.810518
-0.663741
0.252207
0.934596
-0.322854
0.347855
0.978982
-0.489962
0.454754
0.833277
0.039425
0.537366
0.870906
-0.392188
0.610241
0.488461
-0.925077
0.660265
0.385873
-0.835919
0.699812
0.467100
-0.387014
0.737748
0.310617
-0.370259
0.796943
0.528382
-0.767165
0.865594
0.430988
-1.251052
0.893661
0.142761
-0.770958
0.912478
0.221582
-0.072931
0.919766
0.161640
-0.139442
0.936292
0.045402
0.147737
0.946771
0.208752
0.273028
0.948760
0.040362
-0.015300
0.933778
-0.284523
0.249167
0.896404
-0.422857
-0.287673
0.861438
-0.359246
0.115185
0.815823
-0.722642
0.133149
0.753747
-0.786780
0.902326
0.663584
-0.797260
0.795570
0.575284
-0.693653
0.871199
0.518021
-0.573443
0.895841
0.449188
-0.888377
0.694945
0.379374
-0.612975
0.124871
0.335706
-0.253184
-0.342334
0.297985
-0.643502
-0.586300
0.220346
-0.900656
-0.359631
0.139970
-0.839087
-0.267113
0.045696
-0.878968
0.256793
-0.051934
-1.147586
1.702231
-0.173398
-0.981286
1.907063
-0.292760
-1.215611
2.026917
-0.399548
-0.718451
1.882237
-0.460432
-0.388399
1.280466
-0.503664
-0.503645
0.277607
-0.576073
-0.945390
0.453591
-0.654002
-0.641655
0.701252
-0.711916
-0.476789
1.798791
-0.798428
-0.906975
1.258993
-0.885567
-0.714671
0.699479
-0.946056
-0.384858
1.348098
-1.001478
-0.484506
1.390469
-1.039493
-0.125813
1.574128
-1.051865
0.120938
1.444600
-1.056458
-0.161082
1.528350
-1.055531
0.259977
1.231380
0.026776
0.920142
-0.696879
0.111897
0.801680
-0.622895
0.203412
0.930431
-0.113826
0.321754
1.366752
-0.046481
0.463827
1.126125
-0.410527
0.578545
1.095843
0.081679
0.695251
1.135316
0.196745
0.825370
1.197369
-0.278533
0.940934
0.862279
-0.186169
1.033128
0.746557
0.013587
1.093901
0.491048
-0.039981
1.120226
0.053944
-0.499511
1.125472
-0.027719
-0.552033
1.109561
-0.153284
-0.566063
1.074526
-0.559803
-1.012124
1.014189
-0.352098
-0.354758
0.970981
-0.344261
-0.550075
0.938002
-0.346331
0.223841
0.891679
-0.315255
-0.054835
0.834884
-0.711968
-0.049140
0.771698
-0.631158
0.610840
0.720328
-0.359344
0.519336
0.715106
0.215178
-0.324647
0.712876
-0.173496
-0.430666
0.663423
-0.725457
-0.612729
0.587354
-0.859609
-0.039063
0.484836
-0.960312
0.427283
0.387379
-0.913473
0.806494
0.297812
-0.700079
1.571664
0.221844
-0.862302
-0.082121
0.124740
-0.951638
-0.595756
0.014591
-1.145629
-0.577330
-0.106530
-1.423908
-0.279307
-0.242669
-1.383540
-0.074299
-0.377719
-1.263122
0.372156
-0.494535
-1.053773
0.800036
-0.583260
-0.764250
0.931763
-0.650033
-0.652323
0.548264
-0.716083
-0.486407
0.872140
-0.804430
-0.898484
0.585707
-0.879706
-0.535364
0.361885
-0.927909
-0.492121
-0.253944
-0.981388
-0.626793
-0.203284
-1.024911
-0.576741
0.360370
-1.091884
-0.848867
0.095382
-1.159503
-0.503329
0.390943
-1.200606
-0.184595
0.334311
-1.206667
0.026549
0.536180
-1.190214
0.312118
1.082282
-1.179063
0.269101
1.796835
-0.175182
1.085869
-1.311329
-0.061684
0.803928
-1.177564
0.045476
1.171471
-0.939465
0.188284
1.448507
-0.832376
0.320945
1.295022
-0.785257
0.430571
0.911047
-1.492589
0.517481
0.465633
-0.939481
0.539367
-0.030772
-0.936610
0.558301
0.390359
-0.237360
0.611815
0.610470
-0.523437
0.687469
0.612461
-0.697738
0.746214
0.546130
-0.536279
0.809586
0.793437
-0.644036
0.893389
0.694941
-1.445728
0.965941
0.353890
-1.030663
0.987819
-0.039113
-1.067437
0.973945
-0.576729
-0.841230
0.934685
-0.375883
-0.609370
0.909262
-0.398226
-0.498754
0.875260
-0.191753
-0.184983
0.841166
-0.497573
-0.422297
0.775357
-0.555972
-0.446075
0.701275
-0.744299
-0.476489
0.650417
-0.386424
-0.310659
0.622231
-0.271867
-1.046838
0.580133
-0.664303
-1.887025
0.522552
-0.798858
-0.995954
0.435083
-0.895269
-1.015206
0.336033
-1.144350
-0.916361
0.235610
-0.961012
-0.979795
0.133404
-1.172826
-0.294050
0.022004
-1.117299
-0.101186
-0.096491
-1.144664
-0.035333
-0.197397
-0.914631
-0.147202
-0.307420
-1.289615
0.071842
-0.432887
-1.106996
0.642285
-0.544811
-1.142808
1.046634
-0.654081
-0.895668
0.234353
-0.741792
-0.798683
0.560903
-0.810388
-0.498671
0.613425
-0.856513
-0.252602
0.671753
-0.887680
-0.277370
1.219309
-0.918582
-0.243822
0.395684
-0.936981
-0.006546
1.434398
-0.950068
-0.141416
0.517589
-0.967322
-0.340914
0.753097
-1.028115
-0.255896
0.708162
-1.055868
-0.110025
0.863764
-1.071499
-0.000313
1.019414
-1.074368
-0.061107
1.003189
-0.017519
0.561410
-1.471112
0.051211
0.572193
-1.293464
0.135475
0.698661
-1.660857
0.226078
0.752112
-0.920319
0.298543
0.708577
-0.448769
0.390121
0.772472
0.142381
0.465273
0.790543
-0.087147
0.539577
0.770114
-0.308985
0.627095
0.760321
0.289846
0.698227
0.759193
0.079456
0.783838
0.832383
-0.677459
0.873683
0.800540
-1.328508
0.945942
0.360185
-1.380164
0.978932
0.168434
-1.767969
0.980219
-0.194208
-0.686745
0.959108
-0.239510
-0.263901
0.952949
-0.235237
-0.245573
0.917303
-0.504031
0.167684
0.867789
-0.436758
-0.530953
0.820732
-0.348816
-0.331731
0.780044
-0.537719
-0.219053
0.723867
-0.605689
0.372172
0.667926
-0.699162
-0.261128
0.586922
-0.995111
-0.676701
0.472928
-1.155568
-0.577001
0.383080
-0.951289
-0.792897
0.291457
-0.832648
-0.445223
0.221731
-0.529700
-0.395168
0.157584
-0.715712
-0.319023
0.064262
-1.023726
0.324034
-0.035938
-0.799793
-0.208502
-0.106270
-0.764789
-0.805030
-0.197408
-1.104697
-1.240919
-0.306584
-1.239363
-0.408690
-0.431588
-1.045059
0.188263
-0.525826
-0.905394
-0.544051
-0.619381
-0.796113
-0.000594
-0.699205
-0.985503
0.480972
-0.790761
-0.905647
1.117028
-0.864134
-0.688768
0.807296
-0.926102
-0.512877
0.695405
-0.961790
0.013260
0.395889
-0.961811
-0.094720
0.937125
-0.984170
-0.098316
0.610466
-1.002071
-0.021188
0.593775
-1.003983
-0.168645
-0.292139
-1.015399
-0.024830
-0.938818
-1.013976
0.032788
-1.942755
-1.017930
-0.192408
-1.957522
-1.030142
-0.286107
-1.680959
-0.207851
1.080435
0.155988
-0.079926
1.346708
-0.633138
0.061817
1.356238
-0.865456
0.203793
1.205875
0.349235
0.308816
1.106172
-0.311325
0.411377
0.869829
-0.428347
0.504121
0.727140
-0.567201
0.560533
0.558129
-0.422300
0.607701
0.384644
-1.060146
0.639034
0.424679
-0.978853
0.693181
0.362884
-1.380903
0.740306
0.369797
-1.651385
0.809302
0.536816
-0.922116
0.873835
0.610337
-1.751554
0.922337
0.286702
-1.735246
0.937222
-0.001974
-2.647432
0.943235
-0.018369
-2.484852
0.937281
-0.205249
-2.981543
0.918823
-0.395608
-2.381300
0.881143
-0.610688
-2.050944
0.837901
-0.341221
-1.894283
0.808919
-0.613988
-1.675178
0.732715
-1.000577
-2.041027
0.633752
-1.125105
-1.915477
0.512588
-1.247291
-1.151886
0.410190
-1.053796
0.008128
0.316762
-0.866775
-0.039079
0.237434
-0.684340
0.201700
0.149449
-0.981312
0.659626
0.048700
-0.843966
0.712809
-0.041338
-0.923012
0.789618
-0.114378
-0.599726
0.346867
-0.173273
-0.513060
-0.086585
-0.238290
-0.726962
0.376243
-0.310943
-0.690823
0.493690
-0.401005
-0.800085
0.220689
-0.501222
-1.124951
0.529996
-0.593731
-0.893643
1.158317
-0.680676
-0.987770
0.711600
-0.764838
-0.711110
1.209221
-0.810874
-0.318180
1.416364
-0.831054
-0.091539
0.966734
-0.848563
0.009102
0.417354
-0.861010
-0.088519
0.499546
-0.871205
-0.095283
-0.531718
-0.873610
-0.130310
0.180648
-0.900803
-0.596612
-0.427002
-0.953665
-0.632429
-0.262490
-0.997718
-0.120349
-0.317277
-1.016741
-0.391852
-0.208104
-0.200411
1.065423
0.295311
-0.094414
1.108378
0.606591
0.026926
1.164106
0.307647
0.143521
1.162637
0.894639
0.260101
1.088922
0.533494
0.366399
1.187309
0.740000
0.474151
1.219467
0.529508
0.610466
1.447213
0.025569
0.744978
1.265587
-0.107289
0.878746
1.133837
-0.193478
0.981820
0.788499
-0.283123
1.052747
0.583033
-0.523964
1.112315
0.393698
-0.821450
1.157936
0.366271
-1.299763
1.182099
-0.111451
-1.423568
1.156780
-0.469426
-1.885269
1.103637
-0.720293
-2.521986
1.032601
-0.686429
-1.981090
0.966219
-0.588973
-1.429803
0.910044
-0.589025
-1.741629
0.877211
-0.421287
-2.063354
0.830905
-0.507368
-1.194465
0.771908
-0.599352
-0.290288
0.721714
-0.663182
-0.454169
0.651840
-0.824179
0.192978
0.565226
-0.704832
0.261421
0.499245
-0.591844
0.047069
0.425207
-0.771593
-0.107623
0.350248
-1.149102
-0.605694
0.227442
-1.313989
0.013673
0.092511
-1.368965
-0.370159
-0.028102
-0.783367
-0.639984
-0.118583
-0.805314
-1.035502
-0.178444
-0.603507
-1.018634
-0.239779
-0.762215
-0.719709
-0.316943
-0.724002
-1.018677
-0.404875
-1.032736
-0.699923
-0.486280
-0.498655
-0.264094
-0.546840
-0.568024
-0.017120
-0.602497
-0.498436
-0.255296
-0.660906
-0.683871
-0.380120
-0.724311
-0.731020
-0.910217
-0.801216
-0.723281
-0.788325
-0.859780
-0.474592
-0.580505
-0.907348
-0.389782
-0.043052
-0.940559
-0.267069
-0.463310
-0.976454
-0.452986
-0.372821
-1.024065
-0.480834
-0.199815
-1.069711
-0.656801
-0.235389
-1.123214
-0.418100
0.192343
0.230019
0.384219
0.197838
0.269178
0.460196
0.054264
0.303906
0.220084
-0.026662
0.339833
0.255729
-0.874961
0.389311
0.585176
-0.710553
0.453164
0.662105
-0.493658
0.534440
0.745600
-0.310350
0.625168
0.909448
-0.471570
0.720204
1.040432
-0.892478
0.818356
0.537510
-1.834199
0.874034
0.342854
-1.736191
0.894279
-0.115579
-1.254124
0.889800
-0.099543
-0.786169
0.894828
0.044216
-0.592813
0.919489
0.206937
-0.531059
0.950889
0.191033
-0.892892
0.989095
0.320175
-0.974706
1.024605
0.121420
-1.252952
1.015706
-0.257944
-1.025319
0.991870
-0.339808
-1.456088
0.958404
-0.496763
-0.974868
0.893881
-0.685911
-0.264009
0.833425
-0.717468
-0.378060
0.727954
-1.030013
-0.430956
0.625256
-1.135135
-0.280386
0.511557
-1.276878
-0.745675
0.375486
-1.422737
-0.345154
0.253975
-1.228710
-0.466708
0.164116
-0.789003
-0.123755
0.091185
-0.529979
0.521086
0.026729
-0.775233
0.771072
-0.070698
-0.897278
1.088649
-0.172288
-0.888802
1.073920
-0.271347
-0.712104
0.724691
-0.349244
-0.625739
1.610972
-0.429157
-0.710681
1.831704
-0.502514
-0.521525
1.564458
-0.562123
-0.379871
1.842115
-0.601672
-0.346222
1.210058
-0.655037
-0.390354
0.974793
-0.703079
-0.592340
0.855922
-0.749816
-0.394821
0.546800
-0.783888
-0.212592
0.685459
-0.796744
-0.114914
1.139850
-0.827099
-0.386551
0.606728
-0.867898
-0.386746
1.347847
-0.907269
-0.306284
1.460805
-0.941624
-0.316504
1.929507
-0.947680
0.340248
1.825604
-0.915691
0.778240
2.306412
-0.242010
1.243145
-1.125909
-0.109367
1.326686
-0.310037
0.036646
1.304299
-0.610675
0.190147
1.442627
0.247868
0.330746
1.332642
0.217668
0.458523
1.152315
-0.674696
0.576214
1.002906
-0.962910
0.683907
1.102823
-1.488738
0.791876
0.995831
-0.578426
0.858950
0.472209
-0.995181
0.914136
0.317047
-1.618602
0.951576
0.178029
-0.934317
0.980183
0.219285
-1.076684
0.991383
-0.077390
-0.757303
0.973692
-0.356090
-0.561427
0.949219
-0.295361
-1.079181
0.933452
-0.015631
-1.529419
0.946480
-0.091761
-1.166292
0.941256
-0.162507
-1.047250
0.919272
-0.346640
-0.715747
0.905337
-0.079739
-0.611749
0.881735
-0.240620
-0.608926
0.852330
-0.651007
-1.130415
0.776199
-0.882607
-0.593453
0.669728
-0.968107
-0.482699
0.566581
-1.131753
-0.276531
0.462892
-1.033502
-0.717910
0.358054
-1.064852
-0.357978
0.279905
-0.556950
-0.368174
0.216132
-0.752019
0.101258
0.137641
-0.920531
-0.126415
0.053247
-0.920923
-0.207034
-0.050735
-0.942090
-0.223337
-0.157042
-1.012343
-0.068780
-0.271882
-1.368373
0.009223
-0.391323
-1.013878
0.283097
-0.487584
-0.845559
0.500625
-0.570948
-0.789448
0.407698
-0.638854
-0.555211
0.031349
-0.691622
-0.506415
-0.597404
-0.738148
-0.410809
-0.614295
-0.764414
-0.222452
-0.264505
-0.775592
-0.161696
-0.324911
-0.793542
-0.158879
-0.939693
-0.815013
-0.175185
-0.739996
-0.841721
-0.375887
-0.640828
-0.863809
-0.384770
-1.280551
-0.906395
-0.615111
-1.166737
-0.969849
-0.743959
-0.561867
-1.042238
-0.587898
-0.368065
0.182781
1.013829
-1.415430
0.280823
0.746505
-1.421453
0.362300
0.683917
-1.530167
0.421966
0.386662
-1.542593
0.469771
0.507643
-2.062908
0.526848
0.685568
-1.849353
0.598756
0.745864
-1.463930
0.658650
0.291465
-1.034946
0.703015
0.530351
-1.195810
0.766197
0.439880
-0.918913
0.830888
0.497114
-0.753847
0.886080
0.480753
-0.898718
0.914971
0.140853
-1.238353
0.938790
0.420893
-0.498147
0.958820
-0.022673
-0.441877
0.949173
-0.137487
-0.061508
0.946852
-0.151548
-0.242729
0.924590
-0.277945
-0.317529
0.898464
-0.460383
-0.845185
0.868875
-0.275440
-1.236442
0.835735
-0.626382
-0.910271
0.776119
-0.499259
-0.800398
0.734019
-0.351426
-0.400744
0.680811
-0.576410
-0.587152
0.612588
-0.740511
-0.462915
0.514975
-1.010952
-0.874537
0.412491
-1.271010
-1.128750
0.308789
-0.856166
-1.590296
0.231764
-1.004201
-1.411496
0.164655
-0.644398
-1.443931
0.095082
-0.851222
-1.007492
0.028722
-0.876019
-0.645244
-0.062258
-1.006116
-0.265575
-0.164064
-0.969526
-0.039141
-0.255831
-1.091082
-0.376901
-0.354622
-1.148971
-0.042303
-0.476147
-1.234366
0.212711
-0.584669
-1.126210
0.393413
-0.699555
-0.968447
0.062527
-0.799494
-0.580512
-0.414029
-0.858760
-0.531115
-0.219604
-0.878552
-0.204417
1.225243
-0.901805
-0.121982
1.010983
-0.926511
-0.084896
1.130736
-0.953834
-0.198947
0.117524
-0.984792
-0.381649
0.394466
-1.023675
-0.607831
0.108666
-1.087623
-0.735025
0.050224
-1.157950
-0.708664
0.117872
-1.240814
-0.905052
0.189076
0.173058
1.160927
0.473912
0.277592
0.967601
0.529191
0.379119
0.961120
0.402198
0.472336
0.959130
0.736871
0.558337
0.891765
0.275785
0.651115
0.781935
-0.349294
0.730211
0.957962
-0.154171
0.821077
0.755219
-0.019841
0.902499
0.820340
-0.012752
0.997451
0.982933
-0.002260
1.057813
0.388299
-0.986508
1.096704
0.256046
-1.064261
1.119127
-0.108701
-1.091400
1.111935
0.099337
-0.212388
1.124903
0.198404
0.228214
1.134677
-0.099790
0.171078
1.126315
-0.011246
-0.005154
1.121888
-0.036874
-0.959260
1.116749
-0.188113
-0.961515
1.110274
-0.115865
-0.405183
1.071743
-0.491718
-0.636564
1.011986
-0.927429
-1.008005
0.924361
-0.874660
-0.811591
0.833111
-0.963377
-0.295454
0.726772
-0.970583
0.022539
0.628145
-0.855632
-0.466444
0.531089
-1.433108
-0.849809
0.370608
-1.564236
-0.123339
0.225994
-1.276191
0.283759
0.102453
-0.922734
0.609363
-0.000071
-1.018080
0.337850
-0.093617
-0.915153
-0.629165
-0.183165
-0.733568
-0.556029
-0.248962
-0.830693
-0.246928
-0.308836
-0.372580
0.363077
-0.351924
-0.602753
0.444182
-0.430129
-0.611155
1.244919
-0.524124
-1.165890
1.216983
-0.648543
-1.189237
1.915492
-0.770134
-0.957873
1.404299
-0.864042
-0.807510
1.086869
-0.928487
-0.501557
0.586326
-0.964910
-0.362429
0.189726
-1.000706
-0.096573
-0.128290
-1.016311
-0.110288
-0.303429
-1.029531
-0.148788
-0.922462
-1.037997
0.051753
-1.464037
-1.023653
-0.023466
-1.621255
-1.026629
-0.205653
-1.541045
-1.053604
-0.433986
-1.598025
-0.134193
2.009271
-2.505326
0.082093
1.822485
-1.709999
0.246185
1.259150
-1.333763
0.368314
1.141936
-1.266472
0.472224
0.988428
-1.596944
0.586110
0.842872
-1.857103
0.667794
0.795559
-1.944587
0.765755
0.595401
-1.487521
0.824445
0.270805
-1.732701
0.856080
0.157179
-1.083085
0.874292
0.147158
-0.601605
0.897493
0.312206
-0.617298
0.920439
0.000746
-0.679096
0.940676
0.114630
-0.304889
0.946028
-0.063552
-0.598639
0.958874
0.246304
-1.114305
0.975291
-0.153935
-0.840380
0.948600
-0.360983
-1.366666
0.915852
-0.220494
-0.934891
0.888866
-0.416317
-0.689306
0.850070
-0.382619
-0.827972
0.813995
-0.280907
-0.756048
0.768131
-0.396704
-0.892099
0.748426
-0.349168
-0.546361
0.683122
-0.890988
-0.060736
0.586097
-0.867014
0.378976
0.478673
-0.945433
0.763291
0.384667
-0.801293
0.897374
0.314459
-0.571822
1.041503
0.246215
-0.538407
1.194909
0.171527
-0.833916
0.971001
0.091700
-0.505310
1.846225
0.017177
-0.731198
1.558071
-0.079202
-1.067438
1.081268
-0.215158
-1.298423
0.630072
-0.368945
-1.537943
0.456640
-0.518386
-1.417225
0.586053
-0.644182
-0.883775
0.782364
-0.722017
-0.772746
0.604655
-0.812951
-0.975634
0.610169
-0.923823
-0.830609
0.979297
-0.981703
-0.304640
1.201795
-1.015019
-0.201153
0.934778
-1.012701
0.211968
1.449293
-1.006973
0.090283
1.391112
-1.029487
-0.397900
1.237363
-1.070817
-0.244303
1.823242
-1.096187
0.008365
1.299113
-1.099533
0.137455
1.117063
-1.073471
0.440302
0.877357
-0.076908
1.475073
-1.667804
0.084324
1.377031
-1.061607
0.216810
1.231485
-0.999874
0.338368
0.860359
-1.075175
0.434097
0.825525
-1.077407
0.525393
0.822680
-1.457418
0.615556
0.729545
-1.394854
0.699360
0.851088
-2.249956
0.794063
0.859964
-1.231115
0.878500
0.525468
-1.100446
0.931166
0.429415
-0.863890
0.961555
0.203612
-0.737137
0.974785
0.070759
-1.183017
0.994123
0.086805
-0.642225
1.008055
0.119757
-0.876785
1.019616
-0.062084
-0.717183
1.010357
-0.258215
-0.735019
0.992082
-0.060663
-0.040254
0.978252
-0.274536
-0.147216
0.931964
-0.525012
0.516189
0.870442
-0.433285
0.528765
0.809494
-0.471262
0.724320
0.761681
-0.740135
0.778894
0.666266
-1.083132
0.939060
0.550856
-1.266514
0.986031
0.425937
-0.947832
1.079219
0.327573
-0.891122
0.364077
0.251444
-0.587718
0.139612
0.188418
-0.664909
0.415716
0.119789
-0.664682
0.459580
0.057480
-0.596616
1.099254
0.004787
-0.456445
1.304433
-0.058451
-0.789864
0.940645
-0.132674
-0.649588
0.869836
-0.211188
-0.971836
0.839863
-0.310180
-0.756927
1.375368
-0.379233
-0.788284
1.938252
-0.464030
-0.767404
2.552208
-0.539127
-0.519320
3.004667
-0.582669
-0.328775
2.470017
-0.619019
-0.071130
2.885044
-0.627865
-0.023925
2.112611
-0.644805
-0.176425
1.198552
-0.679494
-0.429018
1.317788
-0.743833
-0.590690
1.421951
-0.802911
-0.613302
1.500349
-0.892019
-0.672217
2.060267
-0.986617
-0.857508
1.627675
-1.059715
-0.440387
2.103182
-1.110691
-0.316418
2.436022
-0.063321
1.510268
-0.684819
0.061343
0.912749
-0.120939
0.154746
0.923723
-0.039497
0.248650
1.122687
-0.163192
0.351583
0.796507
-0.243323
0.427080
0.689467
-0.208226
0.488043
0.445340
-0.488371
0.534689
0.441766
-0.261998
0.592643
0.619019
-1.133640
0.665635
0.542223
-1.258188
0.723126
0.693706
-0.714838
0.776966
0.507310
-0.202950
0.843685
0.946852
-0.206944
0.928856
0.660064
-0.301389
0.993649
0.559513
-0.187436
1.047188
0.321387
0.206010
1.054449
0.056502
0.819114
1.034133
-0.321302
1.063258
1.001536
-0.335281
1.115207
0.972004
-0.331286
0.480669
0.938673
-0.276688
0.472693
0.903640
-0.415639
0.996798
0.874700
-0.228864
-0.244791
0.838097
-0.474116
0.300434
0.779860
-0.442727
-0.095594
0.737624
-0.554089
-0.270316
0.665192
-0.984518
-1.060282
0.549092
-1.395191
-0.982399
0.417128
-1.087820
-0.376403
0.308324
-0.991783
-0.145234
0.207750
-0.856219
0.135149
0.115951
-0.870087
1.003000
0.026865
-0.977353
0.672499
-0.071928
-0.725428
0.277732
-0.150026
-1.036610
0.393539
-0.254335
-0.907100
0.029388
-0.339896
-0.716233
-0.140978
-0.434634
-0.894111
-0.216066
-0.537958
-1.162132
0.086516
-0.642197
-0.869118
-0.139327
-0.711291
-0.485675
0.105699
-0.770985
-0.533036
-0.012523
-0.841817
-0.766166
-0.026813
-0.922089
-0.716448
0.735419
-0.997226
-0.399669
-0.145565
-1.006844
-0.186397
0.176387
-1.038720
-0.277785
-0.272472
-1.054778
-0.188219
-0.351543
-1.070547
-0.035981
-0.803803
-1.096322
-0.666058
-1.238124
-0.155134
1.203821
-0.201982
-0.014888
1.547183
-0.062478
0.125274
1.163958
-0.189546
0.260098
1.223949
-0.866579
0.395002
1.226650
-0.755173
0.502971
0.881856
-1.080987
0.591199
0.766710
-0.767555
0.678187
0.987511
-0.149518
0.756210
0.627975
-0.849803
0.820820
0.539839
-0.716770
0.883850
0.601884
-0.514359
0.954288
0.496340
-0.589442
0.994290
0.305853
-0.657330
1.047259
0.425099
-0.971199
1.070402
-0.042164
-0.590637
1.052198
-0.353282
-0.545034
1.003344
-0.614918
-0.141805
0.955946
-0.537928
-0.779409
0.908421
-0.365563
-0.679365
0.886732
-0.043352
-0.352566
0.870287
-0.347543
-0.569371
0.817553
-0.709988
-0.372340
0.769454
-0.328465
-1.072196
0.752901
-0.281207
-1.014008
0.702334
-0.855566
-0.556274
0.631454
-0.746559
-0.170099
0.567345
-0.723379
-0.235449
0.461100
-1.192754
0.285172
0.328265
-1.326790
-0.063876
0.175122
-1.560780
0.316290
0.027645
-1.365418
0.265077
-0.098512
-1.219260
0.409060
-0.209853
-1.213886
-0.266948
-0.330485
-1.028014
-0.361331
-0.414342
-0.850011
-0.093474
-0.483317
-0.638797
0.606649
-0.557495
-0.829619
0.925518
-0.653082
-0.795003
0.528291
-0.715096
-0.547582
0.677670
-0.770200
-0.524767
0.025387
-0.803421
-0.047408
0.038852
-0.794839
0.232228
-0.132621
-0.793668
-0.006321
-0.164312
-0.787407
0.026217
0.351974
-0.806474
-0.203201
0.548934
-0.827093
-0.187613
0.780574
-0.875927
-0.533691
0.973903
-0.936514
-0.377006
1.285219
-0.958677
0.087562
1.068944
-0.928795
0.660699
0.937480
-0.072768
2.128340
-1.244639
0.127367
1.735389
-1.821564
0.283815
1.253248
-1.515042
0.420345
1.137483
-1.608459
0.533215
1.064031
-1.100833
0.628838
0.552822
-1.338460
0.699849
0.481410
-1.146890
0.741567
0.282624
-0.108917
0.778613
0.533493
-0.316983
0.851470
0.708177
-0.102815
0.922189
0.487340
-0.454393
0.948964
-0.050023
-1.021857
0.958451
0.112477
-0.758897
0.971752
0.163617
-0.114960
0.977378
-0.308938
-0.553287
0.963254
-0.146224
-0.499165
0.945480
-0.319767
-0.674790
0.905446
-0.452953
-0.717924
0.864657
-0.310744
-1.348103
0.823222
-0.335069
-1.162610
0.783678
-0.584047
-0.952990
0.719390
-0.569812
-0.914801
0.673069
-0.493316
-0.452522
0.618473
-0.713916
-0.252041
0.531568
-1.021269
0.262792
0.433509
-0.665279
0.191679
0.360718
-0.733739
-0.361221
0.280913
-0.661589
-0.657615
0.201553
-0.814589
-0.310128
0.117279
-0.857407
-0.577790
0.032231
-0.859048
-0.022019
-0.054896
-0.866946
-0.330709
-0.136269
-0.826248
-0.390337
-0.221176
-0.793164
-0.165976
-0.308757
-0.962595
0.178092
-0.394489
-0.581266
0.661657
-0.456214
-0.710296
1.021990
-0.534080
-0.672053
0.306673
-0.611148
-0.715788
0.677365
-0.651228
-0.352713
0.652385
-0.696361
-0.546518
0.785614
-0.761102
-0.558884
1.014033
-0.826666
-0.569990
0.896215
-0.892909
-0.672252
1.726237
-0.960651
-0.656828
1.420335
-1.030330
-0.338225
0.840713
-1.048651
0.092782
1.443468
-1.044073
0.143787
0.742234
-1.028657
0.273731
1.503744
-1.000190
0.430103
1.829141
-0.217937
1.210123
-0.425628
-0.100981
1.056218
0.161517
0.006432
1.126594
-0.878584
0.138612
1.242490
-1.267342
0.263279
1.218413
-1.359702
0.397062
1.132643
-1.295820
0.526684
1.067542
-0.935442
0.619657
0.765246
-1.838827
0.720742
0.987666
-1.855092
0.812529
0.674684
-1.955530
0.871000
0.429115
-2.097059
0.916135
0.362419
-2.464981
0.946782
0.034965
-2.549983
0.959389
-0.174556
-2.541565
0.951503
-0.089996
-2.089478
0.976557
0.086292
-1.928003
0.989342
-0.040489
-1.984403
0.987747
-0.275433
-2.069016
0.969886
-0.237978
-2.075373
0.949688
-0.285674
-2.500666
0.932940
-0.300177
-2.450760
0.921132
-0.320034
-2.352556
0.877796
-0.805968
-2.041576
0.796828
-0.961626
-1.429840
0.685230
-1.139538
-0.544853
0.562695
-1.129348
-0.116625
0.433592
-1.336209
0.076226
0.319938
-0.962728
-0.061292
0.240616
-0.702116
0.356350
0.162189
-0.657924
0.473386
0.086462
-1.144760
-0.313519
-0.026083
-1.138074
-0.238784
-0.151365
-1.078200
0.201997
-0.263900
-0.991460
-0.184738
-0.345461
-0.850818
-0.702334
-0.416346
-0.672391
-0.458915
-0.488913
-0.761374
0.357585
-0.563265
-0.651968
0.399909
-0.632536
-0.725818
-0.000150
-0.712304
-0.739258
-0.465065
-0.774682
-0.488563
-0.383854
-0.817768
-0.521620
-0.120886
-0.874456
-0.599736
-0.734053
-0.942651
-0.893243
-0.620067
-1.022177
-0.800314
-0.101899
-1.087282
-0.466535
0.336540
-1.121138
-0.090142
1.004912
-1.120400
0.138955
0.893407
-1.113610
0.206379
0.927075
-1.093788
0.471139
0.812434
-0.079840
0.617885
-0.396147
-0.009600
0.874310
-0.149417
0.086418
1.099333
-0.315090
0.182968
0.884046
-0.183621
0.303797
1.282972
-0.767974
0.419547
0.915278
-1.082278
0.509305
0.415886
-1.099711
0.575860
0.734339
-0.458083
0.663036
0.891260
0.033595
0.732352
0.428189
0.141428
0.775846
0.442806
-0.075730
0.833338
0.397069
-0.006122
0.886590
0.454837
0.006339
0.925506
0.394564
0.029813
0.944837
0.061454
-0.560048
0.943340
-0.162076
-1.070709
0.932943
-0.039256
-1.521539
0.935204
-0.025446
-0.897355
0.925366
-0.108389
-1.065466
0.888934
-0.656271
-1.288235
0.808281
-1.075551
-0.913024
0.716206
-0.685114
-0.707006
0.651391
-0.678020
-0.791454
0.574021
-0.943934
-1.371874
0.495963
-0.856694
-0.448465
0.399556
-1.037682
-0.110661
0.308319
-0.726902
0.392146
0.257072
-0.299448
0.550578
0.219399
-0.259465
-0.033222
0.179247
-0.490640
-0.162566
0.125852
-0.572279
0.017246
0.053617
-0.834729
-0.265174
-0.042865
-0.925157
-0.592825
-0.137212
-0.879363
-0.148419
-0.231899
-1.075298
-0.077538
-0.347180
-1.219788
-0.514338
-0.455072
-1.068434
-0.389202
-0.576215
-1.362454
-0.193521
-0.708921
-1.407241
0.774090
-0.846441
-1.237851
1.530583
-0.949039
-0.797080
1.694800
-1.028970
-0.622325
1.513844
-1.076915
-0.118235
2.042841
-1.085280
0.239572
1.882209
-1.081461
0.155126
1.946632
-1.078835
0.117736
1.594246
-1.077602
-0.003191
1.457549
-1.071506
0.062935
0.980883
-1.060863
0.411776
1.312625
-1.037605
0.214144
1.544168
0.006676
0.845427
0.043681
0.123752
1.251539
-0.477633
0.253545
1.095807
-0.328585
0.341198
0.588873
-0.032856
0.403220
0.674271
0.040899
0.470640
0.793288
-0.510443
0.563666
0.762546
-1.568861
0.624523
0.278605
-0.961624
0.648260
0.339853
-0.891985
0.705053
0.723301
-0.180020
0.753335
0.443467
-0.563111
0.826135
0.795339
-1.088324
0.908359
0.572331
-1.464831
0.938850
-0.138635
-0.743326
0.928538
-0.216404
0.089758
0.917083
-0.202397
-0.265016
0.896510
-0.367360
-0.134047
0.859604
-0.299058
-0.421900
0.826143
-0.393625
-1.579462
0.791947
-0.431156
-1.656162
0.743415
-0.527402
-0.650572
0.670471
-0.822818
-0.294793
0.594707
-0.406365
-0.791851
0.556837
-0.426702
-0.593144
0.517100
-0.431648
-0.561728
0.480464
-0.164102
-0.720054
0.449929
-0.503194
-0.858203
0.373463
-0.858165
-0.674730
0.287163
-0.875138
-0.826185
0.190647
-1.045860
-1.296656
0.088040
-1.129280
-1.057494
-0.007690
-0.786332
-0.906798
-0.098593
-0.939158
-0.741771
-0.177776
-0.693032
-0.538002
-0.244564
-0.541082
0.475568
-0.307577
-0.545662
0.451491
-0.366145
-0.458890
0.785491
-0.414522
-0.551801
0.393379
-0.478752
-0.542361
1.016559
-0.554704
-0.768247
0.816760
-0.652869
-0.754399
0.481705
-0.730945
-0.811021
0.355738
-0.815436
-0.727892
0.309235
-0.881953
-0.539631
0.279668
-0.934300
-0.512253
0.665805
-0.970635
-0.307120
0.889517
-0.999452
-0.343835
1.793002
-1.019112
0.038279
1.614941
-1.031710
-0.256920
1.516943
-1.060376
-0.250768
2.243328
0.006857
0.982957
0.886836
0.089801
0.863990
0.747768
0.193278
1.325596
0.393254
0.323641
1.346562
0.725914
0.451091
1.077020
0.164325
0.536717
0.699479
-0.145917
0.595324
0.484471
-0.593065
0.648603
0.519827
-0.694569
0.711067
0.644399
-1.112947
0.783763
0.558924
-1.613745
0.838485
0.638466
-1.534677
0.904089
0.350545
-1.772232
0.938731
0.064500
-1.482940
0.968578
0.355310
-1.492296
1.015684
0.385489
-1.617310
1.043070
0.084787
-1.517237
1.065171
0.089780
-0.692537
1.084582
0.121156
-0.998459
1.065143
-0.435790
-0.093928
0.994252
-0.879476
-0.299517
0.920267
-0.656515
0.295847
0.859946
-0.486395
0.082387
0.788202
-0.815028
0.179789
0.697953
-0.894785
0.138267
0.623308
-0.598729
-0.762594
0.565481
-0.786625
-1.254985
0.498066
-0.908549
-1.294864
0.399429
-1.186172
-0.276984
0.272115
-1.253673
-0.285134
0.149019
-0.904557
0.453697
0.063470
-0.973724
0.496405
-0.038092
-0.805539
0.346872
-0.117976
-0.821283
0.930553
-0.176271
-0.552906
0.635041
-0.253462
-0.791093
0.526421
-0.340595
-0.879292
0.208924
-0.412423
-0.646269
0.237007
-0.484913
-0.744803
0.173588
-0.568324
-1.024767
0.366901
-0.674844
-0.971095
0.166803
-0.740258
-0.643081
0.085784
-0.819423
-0.659538
0.247721
-0.877496
-0.491908
-0.732464
-0.934780
-0.740756
-0.024206
-0.992056
-0.401112
0.966670
-1.026472
-0.163921
0.066427
-1.016863
0.150745
-1.127849
-1.020714
-0.320145
-0.143784
-1.055855
-0.394626
0.245509
-1.096007
-0.559610
0.525758
-0.299818
1.708553
-0.073813
-0.144346
1.465462
-0.485348
0.006144
1.369640
-0.071714
0.136413
1.340300
-0.357502
0.277476
1.208216
-0.259925
0.403600
1.052862
-0.349839
0.497967
0.916577
-1.174110
0.589573
0.852755
-0.929595
0.664441
0.734927
-2.139160
0.737531
0.634234
-2.277599
0.816011
0.816032
-1.771120
0.900005
0.509756
-1.952488
0.955711
0.307364
-1.889771
0.976331
-0.120765
-1.481867
0.971666
-0.053522
-1.123015
0.950328
-0.425507
-0.188858
0.943885
-0.005050
-1.039747
0.928384
-0.267484
-0.763447
0.895437
-0.372276
0.367641
0.873009
-0.219915
0.315789
0.822896
-0.425348
0.376284
0.782124
-0.493781
0.489811
0.721493
-0.639135
-0.066313
0.659169
-0.639129
-0.248645
0.590627
-0.472951
-0.543903
0.546018
-0.708677
-0.772937
0.464604
-1.189453
-0.346682
0.367083
-0.935278
-0.630539
0.289330
-0.762070
-1.040138
0.214095
-0.778797
-1.213531
0.152446
-0.748748
-1.502277
0.061418
-0.904790
-0.710534
-0.040761
-1.038556
-0.323813
-0.158417
-1.121252
-0.199434
-0.285980
-1.199121
-0.177198
-0.394885
-0.807144
0.436714
-0.475978
-0.708085
-0.015534
-0.569304
-1.029069
0.364479
-0.680135
-0.895475
0.522405
-0.757411
-0.521036
0.410170
-0.832514
-0.587079
0.245492
-0.885819
-0.477735
-0.246628
-0.937306
-0.380271
-0.382724
-0.984797
-0.632366
0.505756
-1.030952
-0.313451
0.367860
-1.045828
0.217387
0.926820
-1.019813
0.260121
1.262669
-0.985245
0.384031
1.101642
-0.930704
0.736172
1.361085
-0.862931
0.737000
0.501441
0.078029
-0.152771
0.188210
0.087012
0.449724
-0.127308
0.169688
0.941119
-0.181610
0.276388
1.134997
-0.257710
0.375313
0.888608
0.306087
0.467062
0.788880
0.326798
0.540688
0.916256
0.687615
0.645481
1.276522
0.177192
0.751118
0.650885
-0.093699
0.809622
0.346065
0.044803
0.846314
0.281893
-0.284267
0.889345
0.460265
0.123431
0.925479
0.352516
0.073358
0.955837
0.313504
-0.682017
0.982930
0.134834
-0.249357
0.985068
0.011550
-0.242635
0.985907
-0.154019
0.034468
0.950772
-0.471959
0.304992
0.899712
-0.522476
0.081171
0.851134
-0.449491
0.143699
0.814428
-0.406296
0.497922
0.781471
-0.016859
0.041485
0.771615
-0.132636
-0.473633
0.741562
-0.455827
-0.878745
0.669596
-0.985922
-1.174390
0.553568
-1.283357
-1.098448
0.439489
-0.910810
0.053572
0.353096
-0.733643
-0.087847
0.261296
-1.147246
-0.642805
0.152925
-1.055645
-1.026183
0.038747
-1.107162
-1.683338
-0.041143
-0.769527
-1.618064
-0.114713
-0.885250
-1.709331
-0.206759
-1.018522
-1.443986
-0.313637
-1.228454
-1.832847
-0.414623
-0.967641
-2.619257
-0.485260
-0.923981
-1.708699
-0.568099
-0.896150
-0.952186
-0.654131
-0.688245
-1.113392
-0.720943
-0.760577
-1.273749
-0.786437
-0.581969
-0.848751
-0.820283
-0.237115
-1.500731
-0.846987
-0.371417
-1.660926
-0.908322
-0.845735
-1.512587
-0.973583
-0.754304
-1.719629
-1.018167
-0.411143
-1.948562
-1.062270
-0.550325
-1.582786
-1.121179
-0.720528
-1.704130
-1.210199
-1.123963
-2.245409
-1.317961
-1.147851
-2.597045
-0.085665
1.730134
-0.959112
0.087865
1.567452
-0.197239
0.241398
1.099654
-0.106407
0.357263
1.053547
-0.429887
0.467944
0.998091
-0.764429
0.563049
0.783852
-1.390361
0.631831
0.525035
-1.491822
0.689098
0.384316
-1.937677
0.723841
0.159824
-1.767036
0.746294
0.147629
-1.496041
0.768426
0.222946
-0.829107
0.804737
0.305001
-1.120794
0.841294
0.283263
-0.812013
0.872591
0.012515
-1.171336
0.867595
-0.242340
-0.668190
0.864571
0.169025
-1.092072
0.880567
0.127075
-1.420707
0.905088
0.323940
-1.583223
0.934962
0.220399
-2.602596
0.945817
-0.036606
-1.768978
0.936786
-0.327384
-1.125018
0.872698
-1.038376
-1.313560
0.761498
-1.211327
-0.850852
0.629041
-1.311053
-0.309056
0.489036
-1.126930
0.038216
0.377224
-0.973033
0.809579
0.289789
-0.697976
1.098525
0.218382
-0.572572
0.980464
0.148932
-0.723502
1.059092
0.087478
-0.651516
1.039664
0.028241
-0.503703
0.303818
-0.035424
-0.904844
0.747680
-0.130602
-0.782441
0.790955
-0.228994
-1.121178
0.470743
-0.355414
-1.099545
0.053136
-0.456798
-0.770151
0.467364
-0.508471
-0.335624
0.216101
-0.537611
-0.381071
-0.152378
-0.574911
-0.277227
0.023222
-0.621472
-0.623903
0.462648
-0.672357
-0.432196
0.683994
-0.731861
-0.532677
0.896860
-0.784019
-0.462068
1.158562
-0.832313
-0.621854
1.237475
-0.894523
-0.401818
1.285954
-0.943605
-0.359082
1.608451
-0.996281
-0.411953
2.069220
-1.028042
0.068066
2.463382
-1.020862
0.311075
2.502601
-0.981366
0.541031
2.530775
-0.066376
1.374741
-1.688022
0.069495
1.124203
-1.409965
0.176881
1.045853
-1.234980
0.268657
0.761230
-0.687482
0.359391
0.827625
-0.477394
0.433382
0.608900
0.418162
0.512398
1.053238
0.903616
0.604164
0.790901
0.206989
0.682639
0.823377
0.036692
0.778123
0.938431
-0.282356
0.879122
0.875846
-0.153139
0.965228
0.639406
-0.480868
1.022479
0.332184
-0.616129
1.039485
-0.083345
-0.708119
1.037575
-0.182606
-0.860170
1.053696
0.261164
-0.627142
1.104018
0.267971
-0.760058
1.109385
-0.258183
-1.578659
1.090987
-0.169985
-1.906081
1.066789
-0.614753
-1.636216
1.014935
-0.646869
-1.713416
0.914853
-1.105695
-1.600663
0.816588
-0.939788
-1.210973
0.716609
-1.081174
-0.230053
0.600515
-1.241401
-0.705441
0.484147
-0.867192
-1.046976
0.417753
-0.570904
-1.296469
0.347556
-0.899693
-0.979600
0.257382
-1.075159
-1.165918
0.134966
-1.266309
-0.614001
0.016106
-0.883528
-0.310381
-0.055377
-0.764178
0.067198
-0.128869
-0.855194
-0.312923
-0.227543
-0.813245
0.040112
-0.305573
-0.617349
-0.347628
-0.376234
-0.816310
-0.713657
-0.447238
-0.786382
-0.631617
-0.525488
-0.717411
-0.440228
-0.601071
-0.901495
-0.836640
-0.691238
-0.810025
0.380110
-0.772865
-0.803458
0.083473
-0.859123
-0.902511
0.491511
-0.944943
-0.670811
0.785822
-1.008941
-0.629587
0.299974
-1.066806
-0.418546
0.072421
-1.103449
-0.431881
0.175050
-1.137089
-0.220164
0.290963
-1.151367
-0.258613
0.203408
-1.190109
-0.523464
-0.036244
-1.231415
-0.230249
0.020570
-0.265610
1.701635
-2.443259
-0.086075
1.717565
-2.183679
0.085324
1.365745
-2.374264
0.224241
1.228059
-2.741193
0.370510
1.285227
-2.081811
0.518554
1.343924
-1.716482
0.646605
1.210346
-0.638301
0.733868
0.545396
-0.662846
0.781963
0.558055
-0.801043
0.847372
0.710720
-0.550380
0.904153
0.530755
-0.782604
0.939058
0.258204
-1.331046
0.970266
0.222303
-1.595467
1.001227
0.306830
-2.092821
1.022943
-0.173979
-2.073897
1.033819
0.168974
-2.271103
1.057433
0.127330
-1.037382
1.039457
-0.528125
-1.584697
0.973758
-0.683048
-1.698612
0.927639
-0.597152
-1.827301
0.878882
-0.438723
-1.497637
0.856820
-0.201183
-1.071602
0.837129
-0.379448
-2.012021
0.796525
-0.767520
-1.796361
0.704676
-1.088287
-1.599218
0.603461
-1.238669
-1.919611
0.481737
-1.116469
-1.430221
0.379259
-1.197031
-1.627371
0.268108
-1.166118
-0.652903
0.140727
-1.083447
-0.208535
0.023373
-1.251981
-0.717261
-0.093463
-1.152439
-0.089613
-0.211093
-1.032628
0.119672
-0.322419
-1.227683
0.024614
-0.432816
-0.924874
0.898981
-0.500715
-0.349811
1.272883
-0.567290
-0.733382
0.631429
-0.651608
-0.934638
0.867020
-0.720472
-0.453492
0.352197
-0.764383
-0.420042
0.685708
-0.802547
-0.293063
0.469053
-0.858107
-0.653845
0.218449
-0.930749
-0.570568
-0.114112
-0.984873
-0.383709
-0.288847
-1.015059
-0.177822
-0.395222
-1.046274
-0.489335
-0.792880
-1.093189
-0.373803
-0.878153
-1.120447
-0.001754
-0.938403
-1.137838
-0.342353
-0.826529
-1.191903
-0.617000
-1.210329
0.061550
1.074039
-0.902604
0.195395
1.104535
-0.088330
0.299545
0.906211
-0.694681
0.400211
1.251435
-0.628336
0.492740
0.748867
-0.361671
0.581247
0.915706
-0.719386
0.686047
0.958171
-0.738112
0.769350
0.643783
-0.486378
0.843386
0.582803
-0.750640
0.893322
0.402360
-1.958029
0.939072
0.364756
-1.780108
0.974035
0.194343
-1.902551
1.000615
0.070302
-1.862913
1.016581
0.088075
-2.383424
1.026997
-0.175582
-2.247043
0.994720
-0.487821
-1.774956
0.957523
-0.399673
-2.483063
0.926855
-0.681773
-2.168539
0.875630
-0.683867
-1.878708
0.836345
-0.459449
-1.323723
0.794117
-0.601591
-1.812932
0.737861
-0.620207
-1.699053
0.669044
-0.619017
-1.526774
0.592891
-0.873813
-1.147961
0.509813
-0.889866
-1.251297
0.416121
-1.175941
-0.862623
0.319975
-0.847894
-0.458280
0.256328
-0.638827
0.315573
0.178365
-0.927297
0.703850
0.092167
-0.714517
1.302822
0.013996
-0.723578
1.827659
-0.075147
-0.819818
1.415379
-0.158775
-0.574427
1.553635
-0.239778
-0.812356
1.032366
-0.322460
-0.956152
0.580936
-0.422374
-0.987737
0.256013
-0.526646
-0.839831
0.613285
-0.602868
-0.581841
0.938917
-0.662939
-0.653738
0.559558
-0.721826
-0.606639
-0.336770
-0.776124
-0.437903
-0.746707
-0.822293
-0.545961
-0.613903
-0.896988
-0.676931
0.092509
-0.954572
-0.556621
-0.158539
-1.019337
-0.731902
-0.997076
-1.074994
-0.673723
-0.106550
-1.121208
-0.405085
0.246910
-1.156801
-0.166331
-0.447033
-1.168304
-0.137855
-0.555421
-1.171984
-0.088983
-0.288329
-0.004067
0.894994
-1.599993
0.076804
0.656169
-1.818773
0.181064
0.998401
-1.930125
0.272901
0.660429
-1.174988
0.357948
1.014658
-2.063162
0.471520
1.013957
-2.169981
0.577221
0.829004
-2.385883
0.659750
0.619284
-2.127657
0.727830
0.416219
-1.592174
0.766660
0.238262
-1.047034
0.798763
0.289767
-1.439118
0.821370
0.093423
-1.288258
0.842449
0.197363
-1.802899
0.871007
0.113241
-1.378344
0.874719
-0.106229
-0.898478
0.875607
-0.059519
-1.167543
0.853929
-0.379463
-0.367450
0.815872
-0.490582
0.103768
0.761112
-0.813563
0.413672
0.684943
-0.508843
0.284721
0.634259
-0.459087
0.054915
0.575035
-0.593719
0.158858
0.533745
-0.234126
-0.665055
0.523373
-0.098974
-0.420986
0.514472
-0.337320
-0.722256
0.485919
-0.373663
-0.946319
0.419348
-0.819701
-1.052952
0.332341
-1.041244
-0.543119
0.253972
-0.770410
-0.833990
0.168012
-0.854158
-0.161218
0.096639
-0.775176
-0.564132
0.022156
-0.879641
-0.716796
-0.085473
-1.132492
0.307688
-0.224121
-1.360932
-0.320158
-0.361890
-1.413805
0.193359
-0.503166
-1.315110
0.698266
-0.635365
-0.974432
0.853382
-0.720928
-0.499517
1.441293
-0.776667
-0.228916
1.517773
-0.798427
-0.130636
1.545364
-0.831875
-0.324628
1.296725
-0.856431
-0.277175
1.443118
-0.884824
-0.372922
1.664984
-0.915965
-0.143846
1.785240
-0.937585
-0.259744
1.305941
-0.966329
-0.132357
0.780196
-0.979741
-0.111978
1.175579
-0.996492
-0.452675
1.261521
-1.038023
-0.405268
0.494036
-1.072902
-0.185206
1.147632
0.039867
0.507513
0.843772
0.086605
0.463045
0.911276
0.135199
0.597036
1.044377
0.198595
0.868793
1.318876
0.297976
1.261210
0.025228
0.411009
0.904812
-0.396876
0.535549
1.182790
-1.054942
0.627893
0.629297
-1.526649
0.708312
0.620395
-1.399178
0.757590
0.116364
-0.703348
0.794251
0.091429
-0.804212
0.806536
0.135690
-0.943129
0.831772
0.057625
-0.811775
0.843721
0.265518
-0.039715
0.863973
0.092360
0.114599
0.862246
-0.045610
-0.409766
0.866542
-0.019890
-0.764508
0.846849
-0.199853
-1.273340
0.822396
-0.430684
-1.827958
0.763005
-0.676308
-1.387707
0.733083
-0.419080
-0.830615
0.680768
-0.459919
-0.623982
0.633933
-0.351101
-0.550617
0.590701
-0.450215
-0.878281
0.558028
-0.094423
-0.599225
0.539721
-0.468743
-1.168988
0.476675
-0.607763
-0.932413
0.431685
-0.621722
-1.367588
0.372177
-0.618583
-1.446605
0.291889
-1.070470
-0.623494
0.184090
-1.224094
-0.614706
0.068959
-1.234235
-0.155865
-0.059576
-1.258162
0.566262
-0.187504
-1.308374
0.675683
-0.294250
-0.890564
1.041426
-0.402138
-1.109865
0.756334
-0.519626
-1.038376
0.720519
-0.612751
-0.678953
0.949168
-0.682231
-0.481158
0.834209
-0.739061
-0.367860
0.414016
-0.803334
-0.533696
0.892809
-0.869573
-0.617560
0.914013
-0.929211
-0.317040
1.026261
-0.977082
-0.245589
0.218876
-0.984634
-0.003543
-0.214234
-0.990254
0.001262
0.205423
-1.011434
-0.148565
0.378120
-1.025401
-0.079509
1.346477
-1.014828
0.524778
1.078994
-0.958424
0.893346
1.389607
-0.111267
1.035619
-0.158137
0.025774
1.577836
-0.611964
0.158895
1.371034
-0.370531
0.306895
1.344704
-0.919830
0.429507
1.088830
-0.983576
0.538355
1.036446
-1.431601
0.632242
0.874701
-1.630794
0.729856
0.925869
-0.912540
0.819264
0.538153
-1.020494
0.862525
0.273180
-0.813474
0.902970
0.404531
-0.492119
0.927462
0.025706
-0.883496
0.929518
-0.109936
-1.247702
0.927383
-0.012026
-1.118802
0.931274
-0.066552
-1.994400
0.928639
-0.093674
-1.771961
0.942466
-0.083445
-1.142555
0.947732
0.071364
-0.494907
0.961302
0.046861
-0.367813
0.961545
-0.042875
-0.371674
0.938249
-0.352222
-0.377945
0.895876
-0.540479
-0.069856
0.826951
-0.890785
-0.523256
0.730847
-1.094679
-0.910439
0.625700
-1.250803
-0.521339
0.520809
-1.066086
-1.022307
0.432493
-0.814381
-0.932389
0.336943
-1.282409
-0.534529
0.211375
-1.320651
-0.277560
0.066315
-1.398982
-0.066712
-0.069910
-1.436659
0.410374
-0.207999
-1.364723
0.770271
-0.348693
-1.140933
1.354195
-0.458699
-0.626916
1.752004
-0.531765
-0.511831
1.659859
-0.578785
-0.457807
1.592460
-0.630230
-0.397304
1.749285
-0.671123
-0.432461
2.217697
-0.736516
-0.553864
1.717649
-0.792977
-0.423820
1.696021
-0.850046
-0.179967
1.688916
-0.892005
-0.434776
1.364143
-0.938496
-0.243678
1.107911
-0.973535
-0.218075
1.270087
-0.988836
0.087679
0.824204
-0.985226
0.178547
0.894418
-0.980108
-0.118076
1.337834
-0.991345
0.074762
1.100800
-0.972037
0.324146
1.118182
-0.947973
0.591483
0.540306
0.059131
1.080871
-0.302501
0.194312
1.198569
-0.935483
0.330058
1.217452
-1.217713
0.447434
1.151935
-0.960477
0.553852
0.747716
-1.298529
0.663111
1.094753
-1.630451
0.777349
0.822814
-0.928242
0.854996
0.522340
-1.264374
0.912589
0.457939
-1.308702
0.964701
0.510340
-1.700873
0.999301
-0.115212
-1.933066
0.988601
-0.442734
-1.275378
0.944385
-0.425351
-0.920009
0.925073
-0.131584
-0.702024
0.908462
-0.181514
-0.753088
0.885131
-0.418327
-0.784630
0.840869
-0.290849
-1.821610
0.835113
0.022763
-1.578435
0.834440
-0.238673
-1.759006
0.808698
-0.350887
-1.735533
0.777597
-0.348272
-1.172259
0.714434
-0.857660
-0.320211
0.605355
-1.269245
-0.084093
0.487476
-0.974508
-0.426818
0.403323
-0.862468
-0.661731
0.339247
-0.663027
-0.701758
0.276204
-0.758851
-0.808739
0.199351
-0.634071
-0.254905
0.142645
-0.606848
-0.665008
0.101592
-0.459920
-0.310036
0.053962
-0.474553
-0.291885
0.015181
-0.669943
-0.014366
-0.054160
-0.797873
0.399913
-0.153247
-1.174565
0.302059
-0.276733
-1.123921
0.866942
-0.384457
-1.043077
0.547445
-0.481243
-0.834695
0.542940
-0.536032
-0.299421
0.482487
-0.570454
-0.403998
0.945676
-0.630616
-0.534375
0.974066
-0.704949
-0.799312
0.492751
-0.782408
-0.560491
-0.297009
-0.835513
-0.408891
-0.239668
-0.891224
-0.411470
-0.269705
-0.909371
-0.196204
-0.734924
-0.924117
-0.246779
-1.035583
-0.958204
-0.511788
-0.748445
-0.998277
-0.306851
-0.146415
-1.032525
-0.494653
0.229861
-1.086418
-0.564985
0.006420
-0.000666
0.534468
0.102296
0.080842
0.870512
-0.054605
0.187503
0.876492
-0.956769
0.291041
1.024908
-0.340464
0.384603
0.974404
-0.148283
0.478994
1.041652
0.079790
0.568898
0.415808
0.824244
0.621292
0.559143
0.555781
0.664690
0.491060
0.452823
0.717051
0.442264
0.085096
0.776073
0.556650
0.354981
0.849615
0.831324
0.547532
0.899654
0.542750
1.067433
0.956065
0.447896
0.412267
0.984301
0.479235
0.006621
1.027212
0.263964
-0.428052
1.036641
-0.019752
0.334138
1.025313
-0.042099
0.525550
1.021074
0.060027
0.020035
1.008842
-0.152938
0.157977
0.990465
-0.099759
0.243782
0.959703
-0.397752
-0.580026
0.905929
-0.545783
-0.427712
0.826914
-1.064226
-0.611684
0.739516
-0.764652
-0.938783
0.641015
-1.101379
-0.735873
0.519255
-1.241082
-0.516287
0.364760
-1.465670
-0.432316
0.227968
-1.294884
0.379802
0.100836
-1.241221
0.049059
-0.030709
-1.348659
-0.521178
-0.168867
-1.052202
0.219848
-0.269203
-0.828961
0.651282
-0.359223
-0.889869
0.558696
-0.437235
-0.718576
0.382926
-0.501531
-0.505035
0.672677
-0.517359
0.022433
0.648061
-0.537690
-0.114991
0.733759
-0.550835
-0.043292
0.290312
-0.567179
-0.224993
0.297740
-0.585342
-0.354822
-0.134167
-0.644280
-0.664696
-0.182237
-0.717832
-0.775236
0.000749
-0.799564
-0.619029
-0.203180
-0.842111
-0.266924
0.219261
-0.869895
-0.131143
0.925132
-0.897237
-0.111420
1.227935
-0.922653
-0.338987
1.148174
-0.954174
-0.455100
0.268434
-1.006925
-0.613421
0.601256
-0.218655
1.234653
-2.013987
-0.087893
1.197828
-2.092496
0.043694
0.988088
-1.602846
0.143086
1.011900
-0.723019
0.251503
1.111758
-1.289090
0.378946
1.300978
-1.025159
0.515056
1.167209
-0.979658
0.631147
0.974555
-0.933268
0.714062
0.433999
-0.736003
0.747965
0.237300
-0.761434
0.799497
0.448614
-1.316035
0.862385
0.509701
-1.508691
0.917652
0.412389
-1.116826
0.970809
0.249018
-2.315588
0.975798
-0.218252
-1.749290
0.956806
-0.419107
-1.304666
0.945993
0.089316
-1.086228
0.941554
-0.129815
-1.520505
0.911227
-0.657751
-1.945865
0.858571
-0.490479
-1.793068
0.807083
-0.667144
-1.629310
0.722192
-1.056551
-1.612433
0.630808
-0.937846
-0.828361
0.524540
-1.039257
-0.670918
0.423190
-0.858142
-0.612404
0.350799
-0.808122
-0.399175
0.298446
-0.329193
-0.847994
0.272996
-0.087120
-1.433459
0.232571
-0.776117
-0.812437
0.165325
-0.825534
-0.354492
0.069662
-0.805870
-0.383235
0.002044
-0.626980
-0.488609
-0.075446
-0.773088
-0.326151
-0.155968
-0.900799
-0.086686
-0.249317
-0.926896
-0.252946
-0.355500
-1.163309
-1.073896
-0.456769
-0.948053
-1.491052
-0.530611
-0.646796
-0.837290
-0.594273
-0.658218
-0.182165
-0.670196
-0.839442
-0.362506
-0.767426
-0.960170
-0.462560
-0.853729
-0.742481
-0.659371
-0.927886
-0.726407
-0.601519
-0.989152
-0.608555
-0.165943
-1.031474
-0.247625
0.077809
-1.066555
-0.182706
0.397145
-1.084329
-0.167482
0.297971
-1.097365
-0.061679
0.519300
-1.102637
-0.009025
0.316232
-1.131565
-0.460295
0.133166
-0.058291
0.988680
-0.207188
0.021126
0.819046
-0.613176
0.112599
0.935712
0.248057
0.227930
1.319255
-0.104914
0.357072
1.043976
-0.401244
0.465564
0.964657
-0.263448
0.538471
0.679342
-0.208567
0.620896
0.843508
-0.191874
0.688103
0.511485
-0.154833
0.732758
0.457409
0.328608
0.778704
0.549311
-0.415925
0.815810
0.174322
-0.406237
0.837244
-0.024036
-1.659507
0.865751
0.307673
-1.248060
0.895311
0.019659
-1.043691
0.902706
0.184734
-0.729990
0.917400
-0.102512
-0.943006
0.910167
-0.223981
-0.301888
0.904054
-0.144370
-0.043461
0.883179
-0.305575
-0.982049
0.855993
-0.285388
-0.981159
0.801425
-0.731950
-0.343484
0.713868
-0.939111
-0.728203
0.619144
-0.970007
-1.588058
0.544323
-0.736553
-1.984412
0.457967
-1.084406
-1.639393
0.354029
-1.108329
-1.222288
0.262411
-0.863691
-0.849886
0.197772
-0.669611
-0.302330
0.123470
-0.771634
-0.114596
0.038631
-1.045031
-0.234520
-0.071816
-1.112969
-0.564147
-0.175772
-1.005751
-0.130496
-0.278524
-0.890937
-0.256732
-0.378061
-0.916423
0.062872
-0.471564
-0.786481
0.548645
-0.557696
-0.816375
-0.041499
-0.635256
-0.564475
-0.560462
-0.668110
-0.474055
-0.713115
-0.724443
-0.613294
-0.938102
-0.764611
-0.296141
-1.183873
-0.793729
-0.291084
-0.859667
-0.817431
-0.378466
-0.536650
-0.876484
-0.647438
-0.134182
-0.905891
-0.497707
-0.208147
-0.970820
-0.758335
0.712597
-1.039630
-0.424042
1.265677
-1.109012
-0.894629
0.740953
-1.215194
-1.047975
1.433309
-1.308291
-0.724540
1.766150
0.114067
0.353814
0.609386
0.152910
0.554834
0.693205
0.208559
0.552985
0.501771
0.257511
0.443606
0.931794
0.298501
0.535336
1.145990
0.370190
0.751244
0.402282
0.450769
0.805978
0.385679
0.520251
0.560060
0.132872
0.580800
0.750164
0.167469
0.663553
0.758852
-0.041752
0.742087
0.707196
-0.645617
0.807591
0.666036
-0.523549
0.872315
0.529546
-0.802693
0.948234
0.619781
-0.455254
0.999514
0.210205
-0.931582
1.007948
0.024517
-1.071878
1.006278
-0.051721
-0.630771
0.990918
-0.224625
-1.314255
0.954351
-0.350030
-0.540004
0.900748
-0.841077
-0.199573
0.826198
-0.672984
-0.735818
0.746736
-0.735601
-1.014286
0.688420
-0.694326
-0.731105
0.631225
-0.534872
-0.322942
0.575456
-0.528243
-0.177988
0.518599
-0.707080
0.123747
0.440030
-0.823280
0.007165
0.346569
-1.162373
0.495143
0.240906
-1.046065
0.075159
0.113559
-1.270771
0.454300
-0.011353
-1.169823
0.445821
-0.120456
-0.910520
1.381427
-0.215921
-0.847058
1.203948
-0.316382
-0.742100
1.351525
-0.373555
-0.445022
0.433565
-0.424281
-0.478876
0.120540
-0.497234
-0.991416
0.808310
-0.592910
-0.827328
0.930649
-0.691288
-0.954954
0.900185
-0.784451
-0.813052
0.263848
-0.848786
-0.404637
0.643931
-0.892196
-0.406108
0.467160
-0.944110
-0.465643
0.567087
-1.011334
-0.717061
0.811648
-1.079673
-0.425276
1.504415
-1.129723
-0.465238
1.169515
-1.165739
-0.141877
1.294452
-1.177629
-0.036766
0.883142
-1.192859
-0.201177
1.403798
-1.220121
0.076575
2.187527
0.021697
0.583866
-0.568907
0.080171
0.575884
-0.289311
0.145526
0.611729
-0.052190
0.219002
0.867534
-0.077597
0.323975
1.182304
0.206233
0.447784
1.136259
-0.013821
0.553545
1.175823
-0.178814
0.678337
1.286961
-0.002825
0.797526
1.256814
-0.356657
0.895468
0.657262
-1.154103
0.942611
0.022215
-0.721255
0.949687
0.147585
-1.000710
0.962347
0.092357
-0.654557
0.956874
-0.054335
-0.632293
0.956991
0.083137
-0.487236
0.975769
-0.002026
0.097179
0.955273
-0.093521
0.046857
0.945363
-0.188190
-0.060465
0.933584
-0.149550
-0.343570
0.925015
-0.149440
-0.980539
0.881396
-0.500298
-0.353800
0.837817
-0.369571
-0.579585
0.795281
-0.596511
-0.552160
0.755742
-0.502313
-1.152630
0.695285
-0.934756
-1.754056
0.594194
-1.121035
-1.918963
0.514247
-0.677721
-1.155320
0.456726
-0.624045
-0.758401
0.369880
-0.937597
-0.824460
0.273953
-1.008607
-0.384669
0.176013
-1.078902
0.915543
0.056391
-1.108350
0.766230
-0.052896
-1.131593
0.630168
-0.178810
-1.255321
0.360489
-0.292373
-0.961156
0.429891
-0.389399
-0.946904
-0.654293
-0.519535
-1.514200
-0.133018
-0.652711
-1.129120
0.045099
-0.750301
-0.758113
0.347233
-0.820863
-0.440966
0.534078
-0.864681
-0.270715
1.078645
-0.906191
-0.319019
1.150584
-0.958960
-0.518514
0.851565
-0.999323
-0.191812
0.976215
-1.014680
0.092596
0.743582
-1.008586
-0.059830
0.818272
-1.013600
-0.126948
0.958250
-1.023929
-0.161805
0.908463
-1.029811
0.228179
1.725311
-1.009242
0.293713
1.672964
0.064202
0.560181
1.377959
0.112261
0.510686
1.409996
0.153935
0.595097
1.476740
0.218747
0.835742
1.942930
0.309651
1.018059
1.694075
0.432750
1.401906
0.867764
0.568221
1.270884
0.842799
0.697479
1.287267
1.128106
0.790228
0.699518
0.928772
0.845933
0.663075
0.180572
0.903965
0.419238
0.037628
0.921502
-0.121373
-0.697392
0.928544
0.006131
-0.106506
0.929061
-0.036474
-0.076603
0.932471
0.152324
-0.021467
0.951818
0.003969
0.275881
0.946983
-0.279153
0.792760
0.919495
0.037233
0.159364
0.914325
-0.277667
0.020770
0.888234
-0.422367
0.392124
0.856702
-0.466459
0.155418
0.792693
-0.632577
-0.088803
0.711330
-0.709441
-0.211862
0.626295
-0.816488
-0.253852
0.544160
-0.685625
-0.378095
0.497957
-0.300221
-0.093107
0.458207
-0.448179
-0.484518
0.407168
-0.617146
-0.298832
0.332613
-0.935332
-0.856608
0.253388
-0.769877
-0.851569
0.164073
-1.041886
-0.764447
0.053695
-1.245464
-1.305121
-0.085607
-1.368792
-1.035544
-0.199936
-1.003600
-0.009154
-0.314306
-1.213154
0.009343
-0.427134
-1.114384
0.270654
-0.546950
-1.159548
0.340184
-0.670402
-1.140509
0.133323
-0.772562
-0.804183
-0.511618
-0.859195
-0.850338
-0.558525
-0.937272
-0.845795
-0.712849
-0.997463
-0.432698
-0.265104
-1.026338
-0.153058
-0.918965
-1.028770
-0.324206
-1.262779
-1.049375
-0.099878
-1.072569
-1.062843
-0.361505
-0.892080
-1.092391
-0.312227
-0.441156
-1.121247
-0.378588
-0.262299
-1.132683
-0.022153
0.188546
-1.157191
-0.466750
0.131538
-0.038126
0.697799
-1.361444
0.058562
1.074094
-1.514166
0.186562
1.297807
-1.105993
0.303399
0.876423
-1.591195
0.397432
0.715904
-1.481301
0.502744
1.158122
-1.083477
0.606317
0.891685
-1.240853
0.714849
0.982513
-1.681618
0.786579
0.446220
-0.788497
0.819838
0.228288
-0.361533
0.843827
0.205229
-0.487575
0.871281
0.308943
-0.269359
0.905072
0.024374
-0.192060
0.921145
0.236960
-0.154710
0.959237
0.400874
-1.106079
0.981033
-0.015039
-0.512301
0.992080
0.226920
-0.641819
0.999256
-0.057268
-0.109990
0.996629
-0.129343
-0.544279
0.978726
-0.312425
-1.544073
0.960380
-0.327159
-1.910117
0.925685
-0.685789
-2.377501
0.866623
-0.769315
-2.000048
0.801098
-0.767838
-1.931537
0.724560
-0.862219
-1.115096
0.664925
-0.831080
-0.675119
0.546926
-1.408212
-0.654912
0.388253
-1.614051
-0.377923
0.241435
-1.375428
-0.909401
0.100264
-1.283300
-0.089845
-0.017465
-1.036278
0.659667
-0.123301
-1.156983
1.085782
-0.226214
-0.808854
1.193697
-0.320377
-0.806293
0.810763
-0.386005
-0.463409
1.053662
-0.452143
-0.764624
0.818801
-0.539639
-0.896265
0.623723
-0.625729
-0.649160
0.506527
-0.704799
-0.719063
1.094928
-0.764614
-0.442049
0.968984
-0.804414
-0.230891
0.668328
-0.824104
-0.172291
-0.922803
-0.832415
-0.249635
-1.005472
-0.866225
-0.564212
-0.937850
-0.926449
-0.817813
-2.217007
-0.997242
-0.778717
-2.329173
-1.074730
-0.890145
-2.031835
-1.133797
-0.638086
-1.424645
-1.192976
-0.525036
-1.099873
-1.207947
0.071805
-0.354875
-0.114553
0.823938
0.306934
-0.029943
0.900246
0.684012
0.048703
0.803351
0.745524
0.134141
0.869295
0.913032
0.243518
1.462040
0.695755
0.385501
1.350857
0.827106
0.496995
1.063958
0.678848
0.603073
0.881815
0.162369
0.694808
0.960438
0.175113
0.786249
0.709816
-0.183376
0.846977
0.412625
-0.287368
0.864758
0.234032
-0.056461
0.874423
0.179029
0.347426
0.890765
0.226509
0.342753
0.917537
0.188187
-0.281993
0.920490
-0.151592
-0.834772
0.904278
-0.307920
-0.867938
0.878149
-0.173080
-0.986849
0.857253
-0.337629
-0.819077
0.837408
-0.107112
-0.349478
0.829350
-0.009015
-0.547078
0.831597
-0.095831
0.053708
0.814055
-0.352188
0.214411
0.753948
-0.827519
-0.026780
0.671731
-0.949617
0.016702
0.571107
-0.866832
0.282492
0.485700
-0.824567
0.873366
0.385342
-0.916861
0.337585
0.290019
-1.007603
0.598511
0.181453
-1.028567
0.360693
0.083067
-0.920862
0.049925
-0.012805
-0.840074
0.274833
-0.088845
-0.695589
0.131545
-0.174345
-1.027583
-0.353230
-0.281412
-1.035874
-0.039199
-0.368671
-0.775585
-0.337498
-0.436322
-0.687169
0.042646
-0.509692
-0.768300
0.622923
-0.595406
-0.698657
1.109141
-0.659405
-0.582089
0.855346
-0.723073
-0.696395
0.606410
-0.792149
-0.527582
0.544994
-0.857851
-0.693252
0.587483
-0.911130
-0.257668
0.368020
-0.933100
-0.225639
0.594560
-0.951629
-0.125822
0.224984
-1.003783
-0.470526
0.821906
-1.060687
-0.590621
1.498256
-1.115577
-0.454866
1.024043
-1.173377
-0.419035
0.125202
-0.004348
1.517107
-1.496770
0.149089
1.357987
-1.200801
0.261810
0.757406
-1.538037
0.362549
0.801238
-1.613915
0.425769
0.585525
-1.528371
0.485087
0.529438
-1.525792
0.562264
0.803534
-1.286993
0.633610
0.672919
-0.868660
0.709270
0.531227
-0.592491
0.765564
0.535200
-0.668653
0.804452
0.152122
-0.367933
0.820553
0.226118
-1.235965
0.870109
0.556651
-1.398950
0.913225
-0.007807
-0.801905
0.934346
0.420946
-1.212701
0.989920
0.464590
-1.616076
1.019936
-0.134410
-1.380475
0.973866
-0.589184
-1.491567
0.928151
-0.504085
-1.978657
0.884965
-0.623604
-2.145220
0.826283
-0.653660
-1.420443
0.753284
-0.866568
-1.259362
0.675646
-0.890406
-0.768730
0.607445
-0.835255
-0.480589
0.521491
-0.859205
-0.599064
0.448834
-0.672300
-0.346618
0.363869
-0.871207
0.212777
0.243789
-1.209850
0.088339
0.157184
-0.715187
0.186988
0.076172
-0.849873
-0.003770
-0.021518
-0.958010
-0.211516
-0.104465
-0.811257
-0.629072
-0.188648
-0.911548
-0.807481
-0.278379
-0.762227
-0.624647
-0.355598
-0.607715
-0.615021
-0.431147
-0.817220
-0.700986
-0.533301
-1.004402
-0.439270
-0.617181
-0.717366
-0.373840
-0.676449
-0.528369
0.215889
-0.726434
-0.216604
0.007348
-0.751832
-0.473034
0.199471
-0.803052
-0.516826
-0.606225
-0.841790
-0.367112
-0.163297
-0.892810
-0.660125
0.237628
-0.979785
-0.931598
0.575439
-1.092075
-0.916415
0.717471
-1.178888
-0.866516
1.295435
-1.269450
-0.894825
1.230786
-1.360917
-0.773105
1.657729
-1.429889
-0.360043
1.585096
-0.134486
1.440678
-2.089537
0.005205
1.176670
-2.118607
0.138189
1.465766
-1.329298
0.261953
0.911360
-0.697075
0.356629
1.067823
-0.901010
0.463272
0.873397
-0.616499
0.535169
0.575979
-0.437061
0.612222
0.867713
-1.211214
0.698267
0.745196
-0.648205
0.763128
0.562497
-0.704701
0.815882
0.495587
0.215674
0.850354
0.382813
0.372571
0.900389
0.595692
-0.317045
0.964656
0.639914
0.326061
1.007148
0.273550
0.562811
1.025137
0.129212
0.693253
1.031702
0.129817
1.149913
1.015420
-0.345283
0.760188
1.004565
0.018183
0.889833
0.981551
-0.411476
0.649282
0.923327
-0.606730
0.541209
0.857834
-0.492845
-0.431942
0.804595
-0.595765
-1.182918
0.755359
-0.755776
-0.646056
0.701630
-0.544028
-0.417602
0.623992
-0.982594
-0.544013
0.534231
-0.960493
0.172147
0.448167
-0.883858
0.635335
0.357189
-0.841170
0.947062
0.251928
-0.835202
0.250172
0.167671
-0.878293
-0.099727
0.063104
-1.120772
0.075724
-0.046015
-1.109702
0.857465
-0.152104
-1.187924
0.365316
-0.291452
-1.274714
1.138130
-0.426758
-1.230003
1.071640
-0.530963
-1.009193
1.464787
-0.650493
-1.051231
0.980099
-0.738139
-0.557630
0.974077
-0.797710
-0.536138
0.727020
-0.852544
-0.367561
0.964683
-0.910168
-0.667345
0.489426
-0.967603
-0.630944
1.014783
-1.031283
-0.357876
1.713448
-1.068429
-0.178779
1.645651
-1.072126
0.266410
2.217288
-1.063009
0.130179
1.081705
-1.054114
0.165158
1.977755
-1.057253
0.092111
1.361961
-1.051743
0.447892
1.464768
-0.099000
1.263104
-1.094351
0.046074
1.401686
-1.286474
0.186267
1.259124
-0.926607
0.292534
0.906562
-0.966795
0.389523
1.160106
-0.975587
0.507399
1.086565
-1.493744
0.625519
1.155702
-1.297784
0.747827
1.006273
-1.315606
0.856490
0.999486
-0.866464
0.932977
0.484996
-0.834485
0.960698
0.202949
-0.006937
0.966206
-0.353752
-0.164388
0.949843
0.009411
-0.564372
0.945390
-0.165094
-0.318546
0.951185
0.311718
-0.705332
0.957827
-0.133737
-1.204362
0.937925
-0.376993
-0.848593
0.912576
-0.344249
-1.335529
0.901064
-0.152266
-1.531434
0.873454
-0.479895
-1.625917
0.811927
-0.832269
-1.445190
0.738044
-0.907801
-0.951270
0.673646
-0.519971
-1.197626
0.620261
-0.599469
-1.464361
0.564156
-0.640361
-1.059403
0.496022
-0.797629
-0.547140
0.419498
-0.781832
0.063075
0.332987
-0.935832
0.156753
0.223803
-0.966765
0.079517
0.105692
-1.139185
0.117588
0.004865
-0.974341
0.452355
-0.081967
-0.797614
0.442158
-0.185283
-1.238822
0.431234
-0.316791
-1.276461
-0.105331
-0.450673
-1.318591
0.428719
-0.546475
-0.639515
0.501175
-0.598825
-0.327380
-0.022302
-0.632774
-0.341620
0.288243
-0.662386
-0.439678
-0.203738
-0.716454
-0.655100
-0.224418
-0.784048
-0.587537
-0.920891
-0.843542
-0.370871
-0.200916
-0.887960
-0.479767
-0.181579
-0.914618
-0.242620
-0.503009
-0.933377
-0.170388
-0.576551
-0.948848
-0.310525
-0.547900
-0.991673
-0.402226
-0.785287
-1.039126
-0.541675
-0.947168
-1.090922
-0.586853
-0.729381
-1.139615
-0.552062
-0.930478
-0.002898
0.922215
1.457086
0.071801
0.804028
1.213553
0.152315
1.054888
0.873487
0.265481
1.287675
0.583548
0.384854
1.060531
0.330186
0.493978
1.306655
0.231725
0.623980
1.111084
-0.777819
0.742348
0.978781
-0.427374
0.817401
0.505245
-0.594383
0.881376
0.577852
-0.691399
0.912074
-0.036491
-0.741971
0.911047
-0.160754
-0.254667
0.912999
0.116115
0.307120
0.924339
0.124252
-0.000216
0.936297
0.171317
-0.227833
0.964381
0.271164
-0.260083
0.958654
-0.146165
-0.683957
0.952872
-0.243386
-1.275551
0.922928
-0.570244
-1.092154
0.870930
-0.584967
-0.777686
0.817123
-0.636029
0.223422
0.746107
-0.678125
0.981281
0.674084
-0.638153
0.672327
0.607408
-0.593744
0.343243
0.537196
-0.796571
0.320726
0.449611
-0.710367
-0.142773
0.375798
-0.979445
0.373440
0.302270
-0.476965
-0.123147
0.264929
-0.485804
-0.255388
0.218997
-0.494342
0.305434
0.153807
-0.892210
0.685512
0.061337
-1.112330
0.654894
-0.057762
-1.135580
0.683084
-0.187085
-1.156817
0.815124
-0.301409
-1.005508
0.597979
-0.405244
-0.977239
0.592014
-0.522828
-1.211915
1.387718
-0.627492
-0.728051
1.251788
-0.676347
-0.231209
0.879884
-0.705274
-0.224472
0.675303
-0.737151
-0.360092
0.688665
-0.754489
0.063898
-0.116222
-0.768378
-0.138734
-0.044586
-0.795461
-0.314418
0.028806
-0.832264
-0.510177
-0.909824
-0.878651
-0.702854
-1.275470
-0.926963
-0.835422
-0.943585
-1.019481
-1.176148
-1.245918
-1.140442
-1.433558
-0.491022
-1.273410
-1.402261
0.037379
0.102111
0.915220
-0.863665
0.208150
1.051899
-1.370345
0.321013
1.189570
-0.746355
0.442361
1.086281
-0.178424
0.554927
0.783625
-0.437274
0.656395
1.168310
-0.468668
0.756143
0.478733
-0.410525
0.818397
0.451413
0.269435
0.861584
0.308875
0.525473
0.880911
0.283817
0.157416
0.905269
0.186275
0.333600
0.921508
0.071664
-0.451871
0.939685
0.166822
0.235458
0.950181
-0.036950
-0.180146
0.956733
0.221868
-0.232179
0.980734
0.106805
0.093745
0.973603
-0.314702
0.581958
0.941640
-0.218064
0.990835
0.917882
-0.016237
1.592764
0.907665
-0.059207
1.283095
0.879246
-0.347041
1.567212
0.839096
-0.445607
1.264576
0.788232
-0.219011
1.175861
0.731257
-0.634551
0.857986
0.646291
-0.795931
0.477271
0.550072
-1.092465
0.716524
0.442625
-1.037412
0.119401
0.335296
-0.961054
-0.172124
0.256418
-0.618403
0.706809
0.202559
-0.407747
1.131695
0.173430
-0.111227
0.797138
0.153208
-0.138725
0.556384
0.129223
-0.322728
0.293830
0.092151
-0.540087
0.175862
0.025009
-0.670018
-0.097393
-0.061905
-0.875073
-0.166222
-0.167293
-1.225113
-0.061943
-0.281328
-1.219783
0.195158
-0.413262
-1.459172
0.148878
-0.556325
-1.299481
-0.084933
-0.682516
-1.299651
0.066970
-0.811974
-1.217482
-0.278665
-0.911530
-0.599657
0.288825
-0.973705
-0.570530
-0.264479
-1.017441
-0.405717
-0.165705
-1.056321
-0.448209
0.258791
-1.102407
-0.294830
0.156889
-1.138843
-0.258981
0.300454
-1.143939
0.079825
0.381633
-1.117795
0.440479
-0.165129
-0.492508
2.106992
-0.999233
-0.271527
2.034198
-1.277187
-0.062839
1.977069
-1.278823
0.124803
1.713970
-1.774592
0.293811
1.292704
-1.934185
0.421555
1.138046
-1.116078
0.540953
0.945700
-0.990475
0.636488
0.907757
-0.826613
0.751868
1.129901
-0.578274
0.832918
0.523407
-0.750652
0.891533
0.667723
-0.772492
0.936603
0.290450
-0.113970
0.957075
0.042854
-0.194862
0.960209
-0.040495
-0.425948
0.957650
-0.224506
-0.572300
0.927472
-0.400603
0.080615
0.883320
-0.271008
0.265512
0.861102
-0.145659
0.448898
0.847085
0.107809
0.237896
0.847505
-0.003858
0.223737
0.855555
0.008218
-0.043627
0.838328
-0.283488
0.318007
0.792550
-0.674418
-0.184433
0.706651
-0.865186
0.203749
0.612625
-0.916589
0.520136
0.511441
-0.891598
0.529187
0.416466
-0.836901
0.616408
0.340006
-0.720826
0.506808
0.252292
-0.999642
0.417536
0.133711
-1.089838
-0.042867
0.014619
-1.217687
0.002976
-0.104763
-1.037674
0.269829
-0.218203
-0.875909
1.221831
-0.295307
-0.727442
0.621719
-0.375015
-0.885938
0.673628
-0.459963
-0.562433
0.534277
-0.507929
-0.352774
0.616722
-0.556475
-0.556983
0.397146
-0.630285
-1.009815
0.395284
-0.706559
-0.645395
0.643053
-0.785554
-0.662437
0.870315
-0.858141
-0.528059
0.787813
-0.920664
-0.581337
0.793314
-0.964128
-0.133669
1.149816
-0.990915
-0.225213
1.276844
-1.044685
-0.407833
1.686585
-1.099368
-0.352882
1.397429
-1.121708
-0.123942
1.151573
-1.142069
-0.089367
1.460580
-1.160852
-0.064751
2.200391
-0.048344
1.411762
-2.319828
0.092987
1.178369
-2.273237
0.211553
1.011770
-2.021456
0.317679
0.952934
-1.830212
0.421412
1.155869
-1.014696
0.546620
1.151010
-1.158236
0.652248
0.912047
-1.022120
0.746508
0.814464
-0.772438
0.850816
0.874657
-0.919831
0.932467
0.483633
-1.155476
0.980562
0.327270
-1.271093
1.006448
0.152189
-0.988047
1.015676
0.188335
-1.095393
1.045553
0.238611
-0.350709
1.064989
0.137791
-0.782389
1.075608
0.005195
-0.987887
1.081305
0.011475
-1.121136
1.076570
-0.120316
-1.260114
1.048109
-0.409263
-1.094878
0.986838
-0.733357
-0.969205
0.895388
-0.903005
-1.379096
0.807520
-1.040997
-0.671991
0.709893
-0.821118
-0.739039
0.627581
-1.131422
-0.983665
0.540801
-0.855226
-1.369000
0.453879
-1.029569
-0.681591
0.369495
-0.587039
-0.070282
0.309300
-0.663943
-0.454202
0.221889
-0.988731
-0.231570
0.100908
-1.438523
-0.388669
-0.013437
-0.930950
-0.715205
-0.074472
-0.654433
0.295347
-0.155713
-0.843185
0.934322
-0.257599
-1.015807
1.093851
-0.347185
-0.678872
1.380883
-0.420949
-0.689534
1.185049
-0.496194
-0.616366
0.949149
-0.563529
-0.668616
0.813917
-0.637147
-0.673067
0.579928
-0.694707
-0.546729
0.632697
-0.749959
-0.558680
0.659870
-0.806785
-0.446332
0.804766
-0.855977
-0.233175
1.103231
-0.873544
-0.032929
1.503233
-0.875175
0.101161
1.049929
-0.857576
0.267475
0.615980
-0.817458
0.491115
0.755912
-0.794241
0.074469
0.701175
-0.778395
0.127880
1.800674
-0.749759
0.359130
1.848074
0.061209
0.735020
0.461516
0.136560
0.733465
0.372789
0.213842
0.930849
0.936926
0.302339
1.135317
0.910431
0.434429
1.589137
0.651815
0.570915
1.034857
0.275668
0.679221
1.094908
-0.268237
0.753195
0.402409
-0.253705
0.802554
0.276839
-0.338498
0.811137
0.132813
-0.414116
0.816496
0.160069
-0.387410
0.834673
0.326595
-0.403808
0.866858
0.323621
-0.260263
0.901623
0.271577
-0.681259
0.915617
0.125583
-0.247379
0.949077
0.314999
-0.160680
0.964661
0.085608
-0.618651
0.989900
0.222719
-0.382464
0.992784
-0.288394
0.219095
0.954141
-0.263217
-0.054479
0.923472
-0.368817
0.051246
0.873585
-0.589975
-0.358562
0.807377
-0.764194
-0.232462
0.743915
-0.583417
-0.053617
0.671902
-0.976831
-0.194358
0.576030
-0.990705
0.227436
0.465332
-1.147019
0.413903
0.350420
-1.066660
0.563879
0.260641
-0.873084
0.335135
0.158179
-0.898065
-0.021564
0.064560
-0.855366
0.153447
-0.018209
-0.728011
0.310471
-0.079485
-0.672397
0.168229
-0.170811
-0.930108
0.053098
-0.261784
-0.711009
0.253089
-0.347490
-0.915121
0.501147
-0.420699
-0.423568
0.359755
-0.471869
-0.763479
0.362979
-0.542464
-0.731530
0.320510
-0.607761
-0.717732
1.055095
-0.693215
-0.664084
0.739787
-0.766737
-0.816994
1.011060
-0.842952
-0.754385
1.138751
-0.913692
-0.533028
1.126858
-0.957300
-0.318892
0.578172
-0.997364
-0.216426
0.320788
-1.020842
-0.330780
0.123221
-1.047959
-0.045241
0.277536
-1.043819
0.188572
0.366431
-1.017424
0.271212
0.167001
-0.144102
1.305221
0.577191
-0.029729
1.153034
1.450457
0.091954
1.472612
0.708286
0.231206
1.254942
0.564959
0.370884
1.509471
1.058103
0.508773
1.108095
1.249436
0.607003
0.817766
0.607074
0.687272
0.874147
0.463458
0.758911
0.757950
0.017100
0.845468
0.882409
-0.602253
0.919869
0.668217
-1.135623
0.967097
0.208022
-0.645850
0.995255
0.391449
-0.928679
1.013260
0.039293
-1.740612
1.014994
-0.087382
-0.836595
1.017847
0.014418
-0.727384
1.020775
-0.048466
-0.599421
1.022858
-0.072804
-0.172667
1.007378
-0.447328
0.153127
0.954014
-0.602491
0.342549
0.876202
-0.807698
0.750568
0.815374
-0.405519
0.515072
0.752559
-0.661518
0.465685
0.673560
-0.809511
0.115645
0.584957
-0.850531
-0.194685
0.498993
-0.932035
-0.825049
0.400838
-0.855215
-0.077206
0.292545
-1.190088
0.106855
0.170389
-1.204731
-0.153078
0.067781
-0.758871
0.635079
-0.023196
-0.796340
0.528826
-0.093681
-0.717392
0.938355
-0.177766
-0.944448
0.528733
-0.276982
-0.981496
-0.519012
-0.370157
-0.692717
-0.764811
-0.433084
-0.744337
-0.761813
-0.499607
-0.676076
-0.462362
-0.539580
-0.219651
-0.111958
-0.559234
-0.285437
-0.373345
-0.591962
-0.373272
-0.750464
-0.627821
-0.431066
-1.166904
-0.669739
-0.442000
-1.975146
-0.713891
-0.693428
-2.828578
-0.780569
-0.895571
-2.501869
-0.865180
-1.135506
-2.284130
-0.962403
-1.110259
-2.366462
-1.062934
-1.060442
-2.680301
-1.161593
-1.078045
-2.494621
-1.265502
-1.332611
-1.804562
-1.417831
-1.581381
-2.280255
0.084178
1.249093
0.132640
0.181407
0.761758
-0.150921
0.257678
0.626732
0.160260
0.324550
0.569122
-0.422282
0.397671
0.750609
-0.586000
0.477797
0.806810
-1.055291
0.563308
0.781231
-1.207661
0.644697
0.595185
-1.668895
0.720273
0.673525
-1.821620
0.796199
0.547963
-1.868107
0.833355
0.096244
-1.245315
0.849886
0.049338
-1.755514
0.868261
0.109355
-1.183025
0.873402
-0.049867
-1.379027
0.872083
-0.195881
-2.116299
0.872416
-0.031100
-2.321608
0.895358
0.175942
-2.298389
0.911672
-0.198886
-1.626337
0.903315
-0.252755
-1.587299
0.859900
-0.715588
-1.469954
0.803378
-0.613069
-1.125656
0.744497
-0.710988
-0.567552
0.679660
-0.642091
-0.286628
0.597934
-1.055677
-0.869985
0.512964
-0.795744
-0.973500
0.465840
-0.425376
-0.797858
0.403300
-0.835378
-0.768986
0.330970
-0.491895
-0.855739
0.292720
-0.496181
-1.026625
0.247795
-0.494066
-0.703564
0.185873
-0.645667
-0.953751
0.132482
-0.497857
-0.580160
0.063596
-0.827005
-1.235748
-0.035888
-1.178705
-1.471706
-0.146210
-1.096316
-0.959878
-0.275739
-1.411910
-0.598116
-0.413047
-1.356176
-0.526187
-0.534484
-1.121249
0.237086
-0.645212
-1.116207
0.409794
-0.778251
-1.287155
0.813267
-0.909624
-1.121462
0.908871
-1.003819
-0.804858
1.254969
-1.065314
-0.502175
0.967699
-1.082866
0.125886
1.341679
-1.070933
0.269968
1.616861
-1.046998
0.500812
0.886903
-0.999506
0.483592
1.009099
-0.956619
0.737480
1.462777
-0.898331
0.581829
1.453127
-0.839759
0.766165
0.762804
-0.133334
1.246372
-1.783787
-0.012953
1.010075
-1.143153
0.110920
1.262245
-0.725506
0.228254
1.143527
-0.001357
0.325145
1.160200
0.496236
0.430644
0.993955
0.091264
0.552378
1.146430
-0.113017
0.648250
0.821710
0.805079
0.726046
0.811295
0.533352
0.820761
0.972627
1.125395
0.898130
0.421461
0.236084
0.947749
0.306485
-0.141949
0.976509
0.363213
-0.150848
1.009827
0.388937
-0.734370
1.035135
0.038187
-0.258969
1.050642
0.257090
-0.867052
1.070272
-0.153086
-1.320422
1.039964
-0.486097
-0.883524
1.000563
-0.399827
-1.626290
0.960900
-0.473590
-2.243779
0.892610
-0.943307
-1.272546
0.830977
-0.551672
-0.932605
0.782784
-0.493440
-1.398980
0.702688
-1.100987
-0.447677
0.591292
-1.129386
-0.689294
0.472642
-1.527831
-0.999349
0.344957
-1.137967
-0.031787
0.236282
-1.160897
-0.461100
0.133930
-0.977101
-0.194340
0.041332
-0.813804
-0.541457
-0.030750
-0.684068
-0.563234
-0.094012
-0.807686
-0.381041
-0.173401
-0.701098
-0.778368
-0.236190
-0.627654
-1.656148
-0.295091
-0.680974
-2.014347
-0.373689
-1.088850
-1.727003
-0.462039
-1.004910
-1.501071
-0.583539
-1.466830
-1.183731
-0.725339
-1.394463
-1.287528
-0.836926
-1.035585
-0.489557
-0.917553
-0.587501
-0.504277
-0.960054
-0.480782
-0.779296
-1.009925
-0.287906
-0.936530
-1.022730
-0.222158
-1.070099
-1.032140
-0.175188
-1.025943
-1.050963
-0.219870
-0.976742
-1.068597
-0.050975
-1.174819
-1.063885
-0.141847
-0.564892
-1.106252
-0.592113
-0.433138
-1.182553
-1.007824
-0.159772
-0.234671
1.230991
-0.508599
-0.089699
1.488429
-0.207484
0.065461
1.372947
-0.203105
0.196464
1.159583
-1.303725
0.305665
0.891026
-1.087664
0.405180
0.953383
-0.851751
0.489044
0.703460
-0.909789
0.575084
0.646488
-0.699469
0.669791
0.969849
-1.097973
0.788954
1.240971
-1.336987
0.869205
0.360637
-0.993599
0.895979
0.092700
-1.153104
0.924577
0.281708
-0.730532
0.941551
0.139713
-0.898305
0.967786
0.074938
-0.794852
0.982942
0.054091
-0.756493
0.968073
-0.406644
-0.856830
0.935995
-0.559018
-0.804955
0.899078
-0.290738
-0.341864
0.861082
-0.315787
-0.439369
0.830009
-0.556792
-0.122946
0.767963
-0.471536
-0.835554
0.708023
-0.769730
-1.048419
0.639862
-0.801453
-1.221668
0.576812
-0.407553
-1.127314
0.539817
-0.634860
-1.525165
0.444002
-1.208029
-1.695440
0.323003
-1.436345
-1.741677
0.184477
-1.298083
-1.948942
0.062558
-0.956262
-1.619349
-0.017005
-0.829796
-1.261864
-0.097711
-0.856254
-1.567380
-0.174085
-0.825686
-0.982946
-0.232817
-0.471695
-0.313237
-0.302485
-0.710949
-0.180306
-0.387866
-1.018691
0.675200
-0.490074
-0.833856
1.152442
-0.564349
-0.559877
0.449982
-0.626787
-0.557310
0.396104
-0.677663
-0.281440
0.983997
-0.695450
-0.104139
0.878984
-0.726211
-0.439150
0.360593
-0.782293
-0.515685
0.383854
-0.818858
-0.446477
0.212814
-0.860537
-0.438384
0.345531
-0.894371
-0.212943
0.750316
-0.921525
-0.319820
0.923303
-0.954640
-0.100665
1.294038
-0.958551
0.070078
1.500134
-0.954194
-0.048270
1.086341
0.144579
0.015310
1.443315
0.157119
0.481324
1.620110
0.201595
0.728187
1.730611
0.278470
0.850028
0.930142
0.353088
0.671889
0.906082
0.415885
0.654490
2.035936
0.481739
0.819407
2.133136
0.564194
0.910246
2.123761
0.660527
1.286481
2.294905
0.772200
0.982155
1.605831
0.847894
0.705109
0.790605
0.898251
0.259620
0.475653
0.928167
0.286765
0.596066
0.940256
0.019369
0.567865
0.927832
-0.204534
0.505586
0.886937
-0.646012
-0.321226
0.848569
-0.174249
-0.647813
0.830171
-0.364136
-1.066961
0.790936
-0.383680
-0.369411
0.780764
-0.041438
-0.720325
0.754934
-0.200815
-0.323878
0.753919
0.070161
-0.478352
0.756411
-0.146668
-0.027591
0.723702
-0.463560
-0.283437
0.664223
-0.760556
-0.024738
0.579808
-0.803774
0.136141
0.482232
-1.008049
0.053372
0.366208
-1.149204
-0.010423
0.242504
-1.207618
-0.253747
0.136914
-0.839610
-0.614887
0.043988
-0.938209
-0.252392
-0.041632
-0.714141
-0.468233
-0.116567
-0.724637
-0.474588
-0.195052
-0.787133
-0.511335
-0.276237
-0.817547
-0.579224
-0.379770
-1.186268
-0.012900
-0.463358
-0.379366
0.198723
-0.506256
-0.654302
0.048054
-0.570058
-0.499512
-0.668635
-0.612846
-0.564918
-0.479488
-0.668070
-0.513577
-0.879038
-0.712852
-0.296213
-0.944059
-0.760725
-0.611272
-0.448697
-0.823098
-0.493060
-0.567905
-0.875884
-0.925234
-1.260427
-0.946854
-0.684979
-1.321885
-1.009964
-0.557208
-1.356983
-1.027128
-0.081069
-2.071955
-1.037773
-0.413968
-1.740221
-1.077048
-0.324015
-1.679215
-0.245579
0.950213
-0.579887
-0.169535
0.532763
0.512910
-0.108632
0.666894
0.548644
-0.026376
1.133874
0.275171
0.112161
1.517102
-0.164489
0.272862
1.672224
-0.230422
0.443411
1.441875
-0.494140
0.590316
1.244973
-0.656714
0.713529
1.011915
-1.351053
0.805847
0.647947
-1.424374
0.873331
0.461027
-1.439799
0.934653
0.646867
-1.135997
1.015376
0.696322
-0.900071
1.072736
0.291500
-0.533365
1.089750
-0.065853
-0.830390
1.079577
-0.189002
-0.677134
1.035540
-0.645443
-0.128060
0.963526
-0.702371
0.641719
0.901765
-0.294315
0.473600
0.854301
-0.389715
0.622917
0.800492
-0.419457
0.899205
0.742056
-0.586233
0.751807
0.681915
-0.562278
0.739712
0.636022
-0.251532
0.942670
0.605239
-0.313348
0.926346
0.562076
-0.470084
0.863811
0.519422
-0.274347
1.311315
0.459172
-0.704366
0.878258
0.376914
-0.903993
1.231906
0.271757
-1.010471
0.729125
0.183446
-0.811143
0.353125
0.091462
-1.064410
0.431943
-0.030164
-1.261924
0.622828
-0.167224
-1.397888
0.564439
-0.301507
-1.313642
0.011829
-0.441576
-1.156573
0.211472
-0.556425
-1.034357
0.476006
-0.651657
-0.798421
0.797676
-0.710312
-0.386135
1.531574
-0.750218
-0.058417
1.746260
-0.781501
-0.225557
0.897823
-0.824723
-0.480277
0.552084
-0.893768
-0.733358
1.350022
-0.957179
-0.312278
1.876176
-0.973174
-0.261759
1.749491
-0.994803
0.141603
1.046963
-0.990041
-0.058575
1.049695
-0.978457
0.431771
1.302118
-0.932062
0.471713
1.528985
-0.872269
0.803590
1.653008
-0.047292
0.545671
-1.388715
0.035011
0.990688
-1.512839
0.163526
1.251567
-1.732875
0.310151
1.285894
-1.241710
0.423935
0.908031
-1.030043
0.519136
0.836156
-1.370628
0.625172
1.069833
-1.577881
0.726346
0.773915
-2.397934
0.822481
0.900718
-1.959666
0.922944
0.645398
-1.721363
0.972040
0.138471
-2.397883
0.995882
0.148874
-2.178264
1.009403
-0.202934
-2.529877
1.011882
0.139609
-2.529657
1.029073
-0.072313
-2.547721
1.024301
-0.195026
-1.870827
1.012683
-0.376558
-2.147586
0.966637
-0.736581
-1.838594
0.872888
-1.040154
-1.444447
0.798767
-0.633057
-1.133255
0.732201
-0.747490
-1.124223
0.672558
-0.382484
-0.391596
0.628882
-0.487468
-0.487732
0.573207
-0.573023
-1.070629
0.510656
-0.570763
-0.721776
0.459859
-0.452585
-0.536054
0.399716
-0.652191
-0.400354
0.337769
-0.793791
-0.804775
0.251718
-0.894628
-0.475358
0.164876
-0.771573
-0.996895
0.097847
-0.699495
-0.259014
0.015367
-0.943397
0.445193
-0.082454
-0.876003
-0.158415
-0.176385
-1.012883
0.031883
-0.295274
-1.160128
0.640502
-0.427393
-1.081248
1.372293
-0.550611
-1.131410
1.229617
-0.651932
-1.013427
1.084325
-0.769166
-1.076475
1.132013
-0.861240
-0.439541
1.360975
-0.900254
-0.195099
1.530302
-0.914149
0.190927
1.870238
-0.894068
0.221915
1.936911
-0.888916
0.207888
0.840950
-0.864448
0.243768
0.531944
-0.858114
-0.232073
0.672958
-0.887041
-0.375354
-0.125622
-0.912704
-0.420140
-0.749366
-0.953110
-0.572806
-0.686040
-1.012155
-0.575765
-1.299612
-0.081916
0.584335
0.160727
0.003202
0.908431
0.176243
0.111364
1.233369
0.098056
0.241150
1.181148
0.544901
0.348954
1.164630
0.608889
0.470442
1.068772
0.213919
0.582359
1.098900
-0.128954
0.681103
0.856074
-0.441191
0.769147
0.574730
-0.514725
0.829869
0.487387
-0.806366
0.882020
0.540369
-0.767687
0.933968
0.292852
-0.192545
0.975971
0.385361
-0.328644
1.003341
0.077383
-0.890548
1.033909
0.272115
-1.290401
1.037503
-0.303610
-0.930565
1.024512
-0.348645
-0.721218
0.988911
-0.471398
-0.555080
0.936741
-0.499032
-0.603770
0.877430
-0.874805
-0.820501
0.813310
-0.732396
-1.266291
0.760001
-0.414678
-0.580881
0.720304
-0.421881
-0.728859
0.665732
-0.672471
-0.475009
0.578705
-0.826550
-0.260780
0.498541
-0.889581
-0.491064
0.424582
-0.803997
-1.078708
0.357855
-0.636001
-1.408868
0.277252
-1.131998
-1.776044
0.148626
-1.386346
-1.313364
0.024711
-1.182016
-0.713163
-0.082215
-0.987540
-1.434595
-0.163216
-0.837492
-1.118022
-0.242708
-0.863091
-0.412402
-0.328667
-0.744064
-0.645327
-0.408605
-0.524392
-0.338608
-0.469713
-0.671836
-0.538490
-0.548085
-0.882721
-0.745162
-0.636777
-0.763580
-0.609191
-0.705478
-0.780291
-0.204744
-0.772666
-0.643388
-0.174578
-0.817110
-0.456963
0.436663
-0.868827
-0.390121
0.998190
-0.920712
-0.423919
0.136330
-0.943459
-0.195744
-0.054972
-0.956573
-0.153024
-0.423685
-0.968216
-0.101063
-0.275240
-0.981373
-0.067916
0.612889
-0.983409
0.045987
0.596430
-0.974837
0.109075
0.017068
-0.031878
1.696316
-2.704595
0.124938
1.222261
-1.960582
0.246706
1.048061
-1.919453
0.350779
1.050103
-1.855533
0.475426
0.963751
-0.869677
0.565929
0.837799
-0.665079
0.638993
0.522916
-0.655796
0.691320
0.317964
-1.351898
0.734953
0.318708
-1.672842
0.773197
0.280855
-2.051643
0.816457
0.289402
-1.916762
0.865302
0.427237
-2.534896
0.907116
0.227530
-2.236749
0.925419
-0.025567
-1.712831
0.925275
-0.043774
-1.072689
0.921408
0.127929
-1.245119
0.929381
-0.054154
-1.291893
0.919248
-0.286844
-2.156671
0.904255
-0.202356
-1.657685
0.843459
-0.732734
-1.303572
0.791488
-0.606427
-0.946243
0.741527
-0.789682
-0.808522
0.669521
-0.810809
-0.232520
0.589779
-0.775110
-1.219070
0.528254
-0.494545
-1.687730
0.470165
-0.659685
-1.003602
0.411524
-0.464913
-1.368724
0.360241
-0.739856
-1.384374
0.297653
-0.591773
-0.623902
0.229740
-1.010327
-0.364210
0.098391
-1.468237
0.286789
-0.055930
-1.460304
0.320495
-0.202685
-1.326261
0.068499
-0.347672
-1.428680
0.104021
-0.496036
-1.455091
0.378204
-0.629885
-1.179597
1.330340
-0.741536
-0.665211
1.737604
-0.827830
-0.548848
1.552234
-0.875794
-0.324826
1.314691
-0.898232
-0.181673
0.415192
-0.898825
0.066009
-0.177899
-0.881320
0.170903
-0.301663
-0.874604
-0.119040
0.029087
-0.882691
-0.151746
-0.017951
-0.910827
-0.510172
0.148635
-0.969367
-0.645115
-0.230277
-1.051287
-0.875246
0.070555
-1.141166
-0.970501
0.589482
-1.240900
-0.782892
0.379311
-1.303346
-0.649406
0.989413
-0.175501
1.418384
-1.334200
-0.029999
1.249357
-1.190151
0.095908
1.128318
-1.495156
0.225910
1.163295
-1.773807
0.356541
1.076555
-1.452690
0.465491
0.973230
-1.264176
0.582851
1.279307
-0.929058
0.729025
1.299502
-1.655950
0.844962
0.820469
-1.959498
0.932685
0.790138
-0.976707
1.011360
0.736387
-0.684642
1.081606
0.456138
-1.198900
1.099434
0.060453
-2.060543
1.097986
-0.235986
-2.159060
1.071457
-0.416365
-1.613312
1.037473
-0.434361
-1.560005
1.007329
-0.420073
-1.123180
0.974335
-0.325810
-1.238280
0.944306
-0.397254
-0.172500
0.883380
-0.954929
0.544439
0.791965
-0.780674
0.433232
0.728476
-0.502374
1.069909
0.655586
-0.718773
1.183134
0.600595
-0.313211
1.433825
0.546991
-0.498058
1.332710
0.499699
-0.385691
0.528551
0.451758
-0.774864
0.333935
0.367654
-0.884528
0.054380
0.250340
-1.065506
-0.361464
0.142897
-1.088065
-0.534830
0.024517
-1.121246
-0.635613
-0.085069
-0.997677
0.041559
-0.167961
-0.732392
-0.037095
-0.248350
-0.836663
-0.302631
-0.329869
-0.852370
0.251119
-0.427893
-0.981175
0.023866
-0.525741
-1.019498
0.393278
-0.618847
-0.806371
1.151717
-0.702126
-0.802731
1.073983
-0.796243
-0.807009
0.359794
-0.882198
-0.757933
0.947909
-0.959434
-0.669301
0.733616
-1.015589
-0.653139
1.087304
-1.071673
-0.391534
1.015591
-1.104532
0.016767
1.638353
-1.089564
0.339454
0.937660
-1.057647
0.371272
1.096432
-1.044635
0.207225
0.590167
-0.999708
0.823525
0.955966
-0.954198
0.308190
0.167618
-0.089132
1.553646
-1.190875
0.071628
1.649019
-1.346841
0.227655
1.386471
-1.557021
0.355508
1.055650
-1.540710
0.484824
1.273900
-1.449071
0.588101
0.778286
-1.466645
0.661804
0.551768
-1.144430
0.732052
0.701257
-0.675200
0.805876
0.617632
-0.983615
0.827864
-0.170746
-0.392111
0.842045
0.212242
0.316672
0.858289
0.082678
0.781281
0.868859
0.303810
0.069130
0.895132
0.322036
-0.299125
0.947159
0.454957
-0.592592
0.990503
0.270074
0.026424
1.024477
0.065639
-0.120849
1.033276
-0.001908
-0.444649
1.019823
-0.373359
-1.360025
0.995323
-0.370404
-0.461748
0.972408
-0.409611
-0.560920
0.898995
-1.089630
-0.157317
0.806302
-0.646757
-0.799981
0.726875
-1.053589
-1.176526
0.644226
-0.866884
-0.840005
0.526465
-1.496090
-0.484490
0.391227
-1.331517
-0.852472
0.266383
-1.241737
0.061974
0.154454
-0.955647
-0.098260
0.078114
-0.721101
0.214387
0.015227
-0.566910
0.114576
-0.065425
-0.905342
0.069169
-0.162662
-0.917284
0.098313
-0.263831
-1.040501
0.066223
-0.363296
-0.988042
-0.423465
-0.463863
-0.939443
0.071139
-0.542347
-0.776346
0.579932
-0.616035
-0.530530
0.857755
-0.659846
-0.382531
0.656185
-0.706791
-0.577190
0.893866
-0.777608
-0.729097
1.079182
-0.854069
-0.840885
0.398536
-0.926809
-0.707004
0.186136
-0.974484
-0.280151
-0.018499
-1.001296
-0.293088
-0.341544
-1.039540
-0.534190
-0.630131
-1.080088
-0.362859
-1.003945
-1.130838
-0.732382
-0.737118
-1.192829
-0.661581
0.207314
-1.261129
-0.719775
0.290251
-0.171818
1.830983
-0.245046
0.029903
1.966058
-0.722967
0.211126
1.599307
-0.704795
0.343763
1.086835
-0.779267
0.445209
0.974617
0.078254
0.539495
0.840264
0.597796
0.614227
0.898711
0.438728
0.710169
0.756661
-0.018428
0.777850
0.564382
-0.093757
0.834879
0.482535
0.282597
0.874432
0.397073
0.695934
0.891027
0.146169
0.378019
0.902169
0.204245
-0.415939
0.906165
-0.205734
0.175948
0.884065
-0.032076
0.660779
0.881642
-0.125214
0.508623
0.877231
0.005963
0.537602
0.870599
-0.305425
0.758188
0.843298
-0.092802
0.805001
0.834011
-0.058978
0.771681
0.814560
0.003602
0.237137
0.785407
-0.430263
0.531473
0.748046
-0.308688
0.241891
0.701613
-0.713013
-0.224688
0.610757
-1.028730
-0.308269
0.515425
-1.074636
-1.118309
0.398504
-1.174396
-0.874481
0.267539
-1.523610
-0.468142
0.136200
-1.023151
-0.474910
0.027746
-1.145950
0.121710
-0.075104
-0.812539
0.225228
-0.149332
-0.861067
0.223268
-0.239339
-0.971167
0.094605
-0.336263
-1.104151
-0.266561
-0.423565
-0.730926
-0.341494
-0.490194
-0.694174
-0.197353
-0.566201
-0.577733
0.686619
-0.626948
-0.571248
-0.186858
-0.653010
-0.085257
-0.058265
-0.664555
-0.019296
-0.527269
-0.665757
-0.003814
-0.936664
-0.677670
-0.314662
-1.121222
-0.699818
-0.196933
-0.461228
-0.715492
-0.244460
-0.887114
-0.752018
-0.574435
-1.643629
-0.804157
-0.734240
-2.632932
-0.866108
-0.697609
-1.883849
-0.978872
-1.442302
-1.973040
-1.118125
-1.500320
-2.294796
-1.266952
-1.625647
-2.104839
0.138406
-0.022090
1.405797
0.147590
0.268824
0.981661
0.188068
0.568848
1.025311
0.260440
0.898847
0.847291
0.335528
0.759251
0.730549
0.401308
0.942356
-0.028603
0.479018
0.745225
0.479272
0.581720
1.193576
0.671074
0.701558
1.180322
-0.152114
0.833779
1.200781
-0.679337
0.926766
0.715080
-0.217784
0.979781
0.441849
-0.663579
1.003417
0.012228
-0.707809
0.988769
-0.410905
-0.361946
0.947969
-0.341520
-0.277731
0.922976
-0.314625
-0.549097
0.888363
-0.371143
-0.635496
0.856496
-0.336894
-0.595436
0.827886
-0.362729
-0.291617
0.799689
-0.160358
-0.995549
0.791308
-0.185839
-0.846513
0.756711
-0.690618
-0.268881
0.696248
-0.515329
0.511286
0.638936
-0.510829
0.376867
0.572157
-0.644550
0.061183
0.505553
-0.654937
-0.197462
0.449181
-0.518093
0.624808
0.385485
-0.540330
0.662198
0.315555
-0.613019
1.300615
0.225734
-1.002681
1.469459
0.121369
-0.934058
1.506773
0.033127
-0.567173
1.750756
-0.051384
-0.692695
1.043354
-0.116365
-0.588793
0.536070
-0.202922
-0.904035
0.457149
-0.299897
-0.763091
0.914780
-0.378224
-0.674186
0.235525
-0.456067
-0.757431
0.100422
-0.523676
-0.603135
0.321572
-0.566016
-0.370442
1.058997
-0.622424
-0.590105
0.825120
-0.707958
-0.920010
1.969441
-0.816048
-0.873723
1.306619
-0.873695
-0.372860
1.314744
-0.898541
-0.153280
1.311744
-0.925933
-0.365344
0.970878
-0.967228
-0.223344
0.515359
-0.982156
-0.108530
1.516484
-0.988776
0.365959
1.577726
-0.953012
0.552512
1.545540
-0.069520
1.400832
-1.640873
0.071914
1.295561
-1.094938
0.190558
0.919364
-0.685746
0.272012
0.645462
-0.176181
0.362189
0.960208
-0.818841
0.454443
0.856700
-0.098899
0.548597
1.021579
0.324497
0.623132
0.532678
-0.186745
0.697497
0.972474
-1.267845
0.777906
0.532216
-1.716870
0.828721
0.459612
-0.877474
0.869412
0.380560
-0.788680
0.898280
0.032228
-0.951447
0.935915
0.274712
-0.497251
0.958857
0.013549
-0.147432
0.938479
-0.468233
-0.036768
0.885272
-0.398209
0.851395
0.838484
-0.261297
1.094724
0.808828
-0.118654
1.049519
0.787785
-0.168691
1.131974
0.756612
-0.251233
1.297595
0.731440
-0.059890
1.352137
0.724610
0.184599
0.546891
0.724160
-0.231057
0.243260
0.680331
-0.634418
0.331168
0.590516
-1.174081
-0.020317
0.465308
-1.146356
-0.022699
0.350464
-1.134139
0.390529
0.218641
-1.280797
0.111893
0.092859
-1.060395
0.269749
-0.003014
-0.734276
0.180323
-0.085711
-1.042258
0.078840
-0.199553
-1.088461
-0.376238
-0.297702
-1.013695
-0.163771
-0.380293
-0.840595
0.688245
-0.478216
-0.825607
1.696357
-0.553345
-0.540410
1.465449
-0.613446
-0.569342
2.036005
-0.653682
-0.127362
1.212900
-0.689478
-0.326262
0.907103
-0.725883
-0.497466
0.475541
-0.778988
-0.467412
0.588718
-0.853242
-0.975538
-0.202282
-0.924455
-0.456180
-0.700916
-0.968907
-0.323116
-1.370145
-0.992246
-0.448837
-1.298785
-1.038829
-0.557968
-1.773600
-1.062593
-0.153659
-1.163682
-1.101600
-0.676290
-0.906109
-1.152431
-0.552856
-0.722411
-0.014384
0.430423
-0.320032
0.058284
0.824465
0.273063
0.149646
1.075952
-0.293032
0.270054
1.041018
-0.333070
0.369656
0.915948
-0.228508
0.455353
0.680319
-0.742648
0.537516
0.749427
-0.612190
0.608356
0.447510
-0.171241
0.676389
0.839799
-0.998023
0.765704
0.726213
-0.684225
0.837957
0.582387
-0.786696
0.887521
0.314533
0.203778
0.942659
0.685681
-0.258333
0.977738
0.035638
-0.502723
0.983553
0.079485
-0.673427
1.002637
0.351862
-0.473233
1.028121
-0.027206
-0.882397
1.024016
-0.136343
-0.594502
1.004303
-0.161381
-0.389811
0.992005
-0.350216
-0.494104
0.972639
-0.117871
-0.819162
0.949028
-0.543349
-1.392824
0.881957
-0.659632
-1.244614
0.815693
-0.830978
-1.763667
0.744871
-0.851537
-0.798046
0.654674
-0.847128
-0.393927
0.569627
-0.787449
-0.383744
0.459517
-1.157708
0.011473
0.343529
-1.215313
-0.092690
0.227962
-0.948123
-0.516096
0.118595
-1.184127
-1.148830
0.013275
-1.110594
-0.736500
-0.078673
-0.801026
-0.511112
-0.158605
-0.731268
-0.290401
-0.231480
-0.657040
-0.647624
-0.301823
-0.703151
-0.234005
-0.374153
-0.981170
-0.733346
-0.474364
-1.017362
-0.116150
-0.559596
-0.876012
0.222981
-0.626758
-0.325681
0.206040
-0.693495
-0.814945
0.641581
-0.775756
-0.875875
0.848863
-0.866025
-0.855467
0.970116
-0.941726
-0.645044
0.378943
-0.989639
-0.377871
0.558973
-1.019204
-0.093522
-0.559871
-1.008605
0.286427
0.397258
-0.986747
0.148225
0.761440
-0.969243
0.213050
0.816118
-0.948501
0.474579
1.046321
-0.228169
1.437281
-0.529717
-0.077962
1.332505
-0.469052
0.057623
1.322837
-0.242673
0.203730
1.212616
-0.935785
0.334697
1.408950
-0.417469
0.476157
1.422538
-0.985710
0.604294
0.945240
-0.521593
0.687284
0.581307
-0.509823
0.758577
0.583508
-0.799003
0.807995
0.171100
-0.677916
0.825266
0.024046
-0.244172
0.844961
0.313226
-0.784558
0.892825
0.423819
-0.157128
0.945661
0.490188
-0.135975
0.981442
0.091536
-0.124393
0.970979
-0.212954
-0.478688
0.953474
-0.311725
-1.215174
0.919651
-0.151874
-1.713161
0.918657
0.003692
-0.956005
0.918081
-0.230114
-1.214071
0.888420
-0.393178
-1.015511
0.856397
-0.524042
-0.855976
0.785159
-0.770185
-0.976296
0.693739
-0.954992
-1.365799
0.605287
-0.715718
-0.628461
0.522343
-0.756490
-0.404575
0.443416
-0.588666
-0.955260
0.390658
-0.638073
-0.855892
0.330684
-0.739431
-0.993642
0.284744
-0.333630
-1.123469
0.240755
-0.787217
-0.876204
0.138990
-1.171813
-0.744172
0.028902
-1.173558
-0.809296
-0.089102
-1.149991
0.127608
-0.226378
-1.610299
0.052617
-0.381889
-1.281937
0.027482
-0.519889
-1.253489
0.826314
-0.639683
-1.026225
0.606756
-0.748828
-1.123444
0.518406
-0.847701
-0.675520
0.858889
-0.894520
-0.433079
1.010678
-0.931810
-0.248059
1.142685
-0.946503
0.021240
0.958413
-0.945179
0.002395
0.330522
-0.938839
0.254452
0.320854
-0.943175
-0.110707
-0.113970
-0.979111
-0.521311
0.342888
-1.060500
-0.861649
0.318470
-1.164856
-1.077050
0.588080
-1.273312
-0.891183
0.620162
-0.000418
0.896228
-1.825388
0.115729
1.204198
-1.342594
0.242944
1.197560
-1.484660
0.347810
0.831850
-2.075088
0.455097
1.045000
-1.824952
0.558031
0.866997
-1.943973
0.662909
0.827234
-1.766208
0.764959
0.741498
-2.011480
0.829263
0.380803
-2.483432
0.880813
0.440309
-1.700761
0.932207
0.420451
-1.976957
0.980256
0.511482
-1.038973
1.029420
0.419107
-1.140545
1.065585
0.241529
-0.911005
1.110332
0.479449
-0.543048
1.135349
-0.112751
0.097526
1.137805
0.207733
-0.144765
1.139321
-0.110754
-0.058488
1.118045
-0.294904
0.551015
1.072304
-0.599743
0.010413
0.994069
-0.942335
0.142973
0.899756
-0.783676
0.169281
0.823291
-0.789639
0.295817
0.732722
-0.883861
0.631247
0.631916
-1.095248
0.527359
0.506680
-1.299621
0.557930
0.370268
-1.241232
0.262183
0.243529
-0.935144
0.035265
0.135273
-0.968603
-0.299781
0.048753
-0.826140
0.052331
-0.050566
-1.042162
-0.167132
-0.153772
-0.971485
0.095311
-0.223177
-0.679789
-0.376849
-0.285428
-0.641190
-0.544463
-0.363405
-0.760799
-0.405975
-0.428004
-0.538511
-0.350128
-0.493416
-0.824380
-0.185389
-0.574047
-0.857536
-0.247656
-0.643667
-0.531285
-0.066012
-0.713223
-0.729394
-0.386214
-0.782180
-0.808872
-0.250281
-0.855957
-0.712708
-0.482775
-0.902038
-0.465920
-0.697876
-0.950665
-0.737592
-1.029460
-1.022218
-0.660852
-0.723861
-1.049232
-0.204616
-0.240826
-1.058215
-0.104351
-0.174582
-1.067277
0.017686
-0.013564
-1.052032
0.210551
-0.118883
-1.038449
0.082113
0.147088
0.240972
0.597133
-0.692848
0.291823
0.667460
-0.112333
0.349253
0.351551
-0.423384
0.380844
0.169664
-0.399249
0.405515
0.363544
-0.442438
0.451545
0.488315
0.023393
0.503086
0.583410
-0.662777
0.550662
0.434843
-0.960294
0.608881
0.571943
-0.681687
0.672379
0.439564
-0.696616
0.694630
0.103740
-0.632706
0.696311
-0.082703
-0.248097
0.694926
-0.069575
-0.770925
0.708818
0.265320
-0.786135
0.753281
0.426653
-0.890425
0.794198
0.108195
-1.075248
0.823181
0.278045
-0.861538
0.855154
0.225851
-1.226746
0.882062
0.203325
-0.505289
0.880226
-0.249694
-0.563451
0.839482
-0.726660
-0.158900
0.744151
-0.918106
0.774371
0.643249
-0.977930
0.955783
0.552855
-0.875043
0.369955
0.455438
-1.026678
0.036920
0.359806
-0.735079
0.104392
0.273849
-0.802591
0.459182
0.206467
-0.275506
0.755638
0.166115
-0.502338
-0.010964
0.094499
-0.611996
0.053934
0.021787
-0.820806
-0.033093
-0.042402
-0.618602
0.073876
-0.109202
-0.741767
-0.281526
-0.187536
-0.721517
0.139891
-0.278806
-0.946026
-0.323463
-0.373788
-0.933470
0.336214
-0.464106
-0.935202
0.474990
-0.563410
-1.096233
0.064570
-0.673172
-1.051669
-0.653767
-0.757330
-0.752025
-0.708653
-0.835950
-0.723348
-1.171251
-0.884130
-0.384333
-1.609444
-0.921389
-0.635598
-1.740180
-0.963816
-0.351003
-2.568943
-0.999558
-0.706082
-2.565289
-1.062662
-0.877251
-1.939667
-1.138572
-1.101235
-1.636166
-1.257144
-1.213434
-1.797969
-1.366258
-1.057772
-2.185426
-1.464881
-1.253756
-2.396814
0.128664
0.571224
-0.391282
0.194467
0.471524
-0.655396
0.253606
0.670855
-1.057245
0.332530
0.745085
-1.305356
0.399114
0.659236
-1.324275
0.482111
0.597256
-1.508534
0.547336
0.685894
-1.790552
0.606308
0.333535
-1.417085
0.657666
0.640946
-0.736475
0.740349
0.952120
-1.496320
0.849293
0.987405
-2.200272
0.948004
0.696019
-2.681916
1.005809
0.438261
-2.431623
1.049309
0.268418
-2.182827
1.061646
0.035885
-1.713092
1.039920
-0.434042
-0.938279
0.997685
-0.529415
0.216297
0.942309
-0.543207
0.118685
0.905179
-0.171230
0.079495
0.880228
-0.392476
0.089857
0.844506
-0.322707
-0.031116
0.816106
-0.246269
-0.338412
0.798319
-0.135563
-0.872335
0.752564
-0.852053
-1.314441
0.662664
-1.031622
-1.049779
0.558536
-0.971271
-0.764458
0.456538
-0.951210
0.850769
0.330339
-1.386301
0.627913
0.205878
-1.063480
0.055224
0.099000
-0.786859
0.368237
0.029841
-0.858836
0.645017
-0.067382
-0.900746
0.553835
-0.187992
-1.179011
1.122732
-0.292794
-0.847752
0.975154
-0.380386
-0.612114
0.663728
-0.424503
-0.293928
0.169864
-0.455422
-0.281566
0.449505
-0.494215
-0.526500
0.391058
-0.543116
-0.316250
-0.485076
-0.597165
-0.740012
0.072217
-0.692303
-0.912214
0.244053
-0.782326
-1.000806
-0.450351
-0.881768
-1.073447
-0.509563
-0.983822
-1.163767
-0.298399
-1.064434
-0.644050
-0.475055
-1.099308
-0.273074
-0.948173
-1.112758
-0.276475
-0.150544
-1.117805
0.220771
-0.558088
-1.097447
0.385562
-0.817662
-1.072978
0.349206
-0.772910
0.141552
0.762102
-0.880808
0.206078
0.435260
-0.566043
0.248717
0.372849
-0.818930
0.295509
0.322784
-0.328823
0.357761
0.701035
-0.242324
0.431233
0.576546
-0.267650
0.508851
0.750894
-0.302961
0.554824
0.320054
-0.220305
0.602614
0.500845
-0.302809
0.683819
0.989026
-0.381674
0.769651
0.685198
0.041603
0.838441
0.647214
-0.431090
0.909247
0.516322
-0.216224
0.958845
0.486857
-0.370878
1.035089
0.860260
-0.751480
1.101576
0.205203
-0.988262
1.150265
0.355934
-1.118822
1.185897
0.207086
-1.386557
1.220494
0.309327
-1.310352
1.241688
-0.144543
-1.305782
1.204074
-0.736055
-1.111708
1.099011
-1.322792
-1.493936
0.961977
-1.419772
-1.235280
0.826630
-1.319899
-0.736991
0.696799
-1.202047
-0.740909
0.564637
-1.452284
-0.876887
0.433664
-1.293523
-0.370034
0.320618
-1.014722
-0.338888
0.234013
-0.892810
-0.311968
0.152126
-0.876867
0.154352
0.057771
-0.938192
-0.182955
-0.029815
-0.760585
-0.572464
-0.110600
-0.751273
-0.492479
-0.198056
-1.019551
-0.141451
-0.299312
-0.950802
0.589046
-0.396491
-0.822664
0.288821
-0.486055
-0.859664
-0.057644
-0.550872
-0.418114
0.199775
-0.597486
-0.662590
0.501308
-0.669491
-0.730388
0.530475
-0.755433
-0.727675
-0.131396
-0.825593
-0.546481
-0.649589
-0.879880
-0.552092
-0.897477
-0.942488
-0.851371
-0.855799
-1.025072
-0.763925
-1.233246
-1.107205
-0.763439
-1.303149
-1.168355
-0.618530
-1.019107
-1.244277
-0.753213
-1.783473
-1.317831
-0.961003
-1.938541
-1.436483
-1.456667
-2.462926
0.152273
0.569646
1.181435
0.209597
0.493227
1.029837
0.262714
0.571902
0.582737
0.320704
0.862124
0.541069
0.416112
0.928849
0.676342
0.518540
0.901848
0.523058
0.605317
0.620109
-0.044923
0.664959
0.600061
0.005154
0.731899
0.672988
-0.025299
0.810879
0.752923
-0.375280
0.896478
0.736372
-1.070384
0.976588
0.738947
-0.850029
1.048225
0.674796
-1.227794
1.125679
0.577561
-1.266859
1.147061
-0.175632
-2.264454
1.133448
-0.340781
-2.075894
1.113371
-0.449668
-1.188858
1.087005
-0.270490
-1.035564
1.046817
-0.726874
-0.858968
0.974244
-0.619956
-0.616305
0.920623
-0.520380
-0.399840
0.864697
-0.668829
-0.604571
0.793967
-0.751320
0.084710
0.709411
-0.651565
0.477781
0.648753
-0.653280
0.411848
0.577245
-0.698833
1.333482
0.494271
-0.739676
0.930817
0.414190
-0.817512
1.318058
0.342245
-0.534533
1.173817
0.260418
-0.788853
0.740716
0.167810
-0.702305
0.667437
0.080747
-0.869075
1.008406
-0.021670
-0.965751
1.307438
-0.106967
-0.604728
1.369285
-0.194508
-0.838812
0.699468
-0.284849
-1.084990
0.052028
-0.370250
-0.635422
-0.026876
-0.463325
-0.968523
-0.762924
-0.552191
-0.823163
-1.003857
-0.635202
-0.915273
-0.778880
-0.726121
-0.806647
-1.162739
-0.823570
-0.896350
-0.764992
-0.903854
-0.671543
-0.798993
-0.969725
-0.499556
-0.091301
-1.017470
-0.377836
0.163571
-1.045064
-0.141746
0.121600
-1.040639
0.081778
0.825405
-1.046516
-0.035095
0.514870
-1.053454
-0.082395
0.978101
-1.064409
-0.097173
0.714163
-0.082280
0.914660
-0.650219
-0.000755
0.712996
-0.548452
0.075232
0.818158
-0.257281
0.161301
0.955890
-0.260924
0.272002
1.064535
-0.153384
0.382079
1.081392
-0.036262
0.505792
1.197027
-0.384088
0.623327
1.160128
-0.263666
0.728539
0.979154
-0.407259
0.817308
0.719896
-0.584712
0.885376
0.639184
-0.822638
0.951052
0.289609
-0.579662
0.993207
0.353711
-0.285937
1.009294
0.174726
-0.245419
1.017300
-0.019161
0.071731
1.016110
-0.111453
0.171670
0.992424
-0.286559
0.125339
0.962757
0.005489
0.514167
0.972867
0.143812
0.222290
0.992599
0.042792
-0.474406
0.990256
-0.335326
-0.096588
0.964115
-0.054155
0.245914
0.945409
-0.411909
-0.118590
0.901096
-0.589776
-0.276549
0.813806
-0.974089
-0.508685
0.735097
-0.761676
-0.793220
0.651876
-1.019731
-1.135773
0.538661
-1.240373
-0.666433
0.421251
-1.171563
-0.666507
0.288974
-1.327588
0.125685
0.149142
-1.568749
0.638431
-0.004920
-1.437025
1.108946
-0.147249
-1.468165
0.798161
-0.289946
-1.311862
0.887386
-0.414224
-1.207077
1.202263
-0.545159
-1.306091
1.896061
-0.682677
-0.924945
1.491690
-0.778010
-0.798843
0.973470
-0.860318
-0.745768
0.789342
-0.931224
-0.347747
0.668580
-0.958908
-0.067797
0.310546
-0.971658
0.015559
0.294088
-0.985588
-0.452916
0.044299
-1.029372
-0.444080
-0.327725
-1.092261
-0.730730
0.109984
-1.159293
-0.494398
-0.066522
-1.210940
-0.368579
0.367837
-1.257977
-0.648438
-0.366061
-1.338817
-1.155526
-0.438535
-1.467855
-1.516084
-0.341634
0.073373
2.002423
-1.897929
0.272731
1.668687
-1.533984
0.420979
1.051332
-1.286186
0.550934
1.148723
-1.311394
0.645525
0.873144
-1.210794
0.736267
0.655992
-0.732763
0.785708
0.406743
-1.046893
0.832403
0.446856
-1.357674
0.873069
0.243789
-0.928484
0.893912
0.282005
-1.626139
0.945222
0.291521
-1.332727
0.999678
0.676034
-1.588437
1.053845
0.175263
-1.766926
1.066947
-0.028431
-1.947171
1.049666
-0.423236
-0.926176
0.999763
-0.599223
-1.104420
0.953622
-0.500456
-1.125549
0.929458
-0.102704
-1.482138
0.923062
-0.182230
-1.693482
0.905370
-0.260926
-1.674480
0.876690
-0.537364
-2.100978
0.841331
-0.395493
-2.406608
0.809577
-0.255932
-2.216580
0.762649
-0.809462
-1.881019
0.668168
-1.091183
-2.040499
0.572869
-1.063805
-2.340942
0.489460
-0.895639
-2.047501
0.412129
-0.817746
-1.592646
0.326889
-0.924453
-1.629098
0.241195
-0.720614
-1.711287
0.157871
-0.967214
-2.023693
0.077946
-0.798033
-1.849110
0.016982
-0.856962
-1.151142
-0.068946
-1.168498
-0.834803
-0.168264
-0.775632
-0.046026
-0.244216
-0.720009
-0.089314
-0.316907
-0.752328
-0.220510
-0.414405
-1.043106
-0.058647
-0.520674
-0.970914
0.475339
-0.615611
-0.738535
1.298895
-0.708664
-0.871684
1.700133
-0.793659
-0.536862
2.016881
-0.846188
-0.447695
2.248422
-0.905928
-0.491749
1.921673
-0.963898
-0.150550
0.767026
-0.979735
0.091030
1.150429
-0.967791
0.016693
1.146363
-0.983503
-0.263954
1.152191
-0.992281
0.181111
1.610692
-0.979649
0.369536
1.660472
-0.114536
0.758318
-0.179582
-0.011576
1.155590
-0.597336
0.103499
1.084179
-0.542779
0.202386
0.900112
0.085023
0.277786
0.737899
-0.134844
0.350450
0.824329
0.105729
0.420760
0.590361
-0.336352
0.471014
0.415160
-0.131052
0.527018
0.593667
0.007194
0.599433
0.776124
-0.044562
0.659794
0.658477
-0.750143
0.708478
0.277750
-0.878863
0.754401
0.350758
-1.275680
0.790604
0.157830
-1.089591
0.826355
0.356584
-1.021998
0.858005
0.275484
-1.315096
0.875688
0.103224
-1.456293
0.879961
0.040996
-1.476992
0.894978
0.016719
-1.701347
0.906879
-0.023489
-1.582154
0.885795
-0.553008
-1.496087
0.842272
-0.262717
-1.236177
0.831415
-0.199707
-0.916610
0.802319
-0.361629
-1.130069
0.751309
-0.691266
-1.074282
0.677701
-0.910241
-1.236541
0.586749
-1.182041
-0.749695
0.467787
-1.171698
0.163334
0.346652
-1.036639
0.588706
0.243337
-1.007216
-0.077433
0.133428
-1.267289
0.907685
0.006481
-1.047493
0.439578
-0.107926
-1.073304
0.650715
-0.201723
-0.806389
0.952212
-0.290561
-0.768605
0.884859
-0.379879
-0.897417
0.877388
-0.471740
-0.940415
0.866199
-0.548377
-0.695354
0.851521
-0.618884
-0.691096
0.947748
-0.707224
-0.742297
1.239345
-0.762817
-0.389064
1.594351
-0.791506
0.094748
0.694528
-0.807498
-0.222425
-0.045186
-0.835752
-0.394011
-0.571874
-0.896072
-0.951854
-0.122374
-0.986926
-0.729481
0.111771
-1.046308
-0.318789
0.552741
-1.093761
-0.472054
0.114418
-1.156011
-0.652877
0.355398
-1.237252
-0.883808
0.613168
-0.072131
1.343887
0.504277
0.053521
1.300620
-0.414197
0.181237
1.062078
-0.878315
0.290968
0.823889
-0.690064
0.379740
0.868341
-1.185023
0.511426
1.440872
-0.296474
0.649990
1.277620
-0.267591
0.797729
1.471767
0.176884
0.914023
0.812288
0.057748
0.991895
0.691903
-0.354708
1.043425
0.283999
-0.088451
1.066341
0.041556
-0.708734
1.088913
0.211192
-1.165725
1.112193
0.147993
-1.027345
1.127759
0.129928
-0.219345
1.143883
0.289468
-0.095136
1.158898
-0.035859
-0.199415
1.122474
-0.548066
0.175863
1.055245
-0.658123
0.005807
0.977068
-0.771406
0.138911
0.895914
-0.651404
0.436536
0.835980
-0.635441
0.549611
0.777464
-0.704500
0.151029
0.681953
-0.867847
0.530965
0.609991
-0.501199
0.412892
0.542677
-0.739839
0.706731
0.467106
-0.814939
0.714805
0.384230
-0.716176
0.269225
0.308850
-0.791613
-0.219160
0.222539
-0.661030
-0.159243
0.157332
-0.718196
-0.960023
0.077187
-0.805179
-0.548598
0.010483
-0.751653
-0.749269
-0.081450
-1.095637
-0.771118
-0.186004
-0.964265
-0.808126
-0.293851
-1.154222
-0.026105
-0.418758
-1.290705
0.053256
-0.549638
-1.273482
0.637348
-0.663191
-0.896280
0.844275
-0.760620
-0.808399
0.918225
-0.839744
-0.711788
1.653958
-0.912017
-0.660106
1.348024
-0.975893
-0.386038
1.830430
-1.029869
-0.426562
2.137394
-1.080645
-0.547783
2.336050
-1.116036
-0.123094
2.767930
-1.127957
0.289271
2.941523
-1.086477
1.003626
3.282582
-0.991188
1.172435
3.760023
-0.888033
1.246918
3.194767
-0.110627
1.604374
-1.553730
0.038920
1.236644
-1.575044
0.171401
1.253191
-1.973236
0.298324
0.974844
-1.562133
0.413989
0.976800
-1.592619
0.507712
0.722848
-2.046306
0.588953
0.780101
-1.587496
0.690850
0.943748
-1.478389
0.810656
1.183262
-1.106738
0.908162
0.449944
-1.491806
0.957319
0.237687
-1.287525
0.993613
0.394343
-1.996724
1.014922
-0.063746
-1.760192
1.014188
-0.208395
-1.658467
1.013107
-0.042768
-1.424688
1.006154
-0.235455
-1.906616
0.995607
-0.306045
-1.716963
0.982030
-0.184164
-0.997539
0.969404
-0.249099
-0.908893
0.940135
-0.308180
-1.072617
0.912805
-0.307053
-1.179443
0.866148
-0.768264
-1.176355
0.779329
-0.917060
-0.774828
0.683892
-0.865292
-1.317465
0.580603
-1.090686
-1.477702
0.487239
-0.944239
-1.507046
0.400690
-0.906907
-1.279953
0.317814
-0.817220
-0.706471
0.249329
-0.540822
-1.411398
0.196680
-0.472995
-0.940142
0.147813
-0.547920
-1.105242
0.061667
-1.035213
-0.012963
-0.043784
-1.137244
0.006163
-0.148207
-0.910535
0.095407
-0.243352
-0.942490
0.868333
-0.332907
-0.748726
0.552985
-0.405858
-0.750575
0.567309
-0.465835
-0.407004
0.141929
-0.498690
-0.650227
0.925273
-0.568677
-0.637236
1.242052
-0.634676
-0.370865
1.570424
-0.684912
-0.482612
1.187461
-0.745313
-0.564913
0.367608
-0.833036
-1.003032
0.134959
-0.927897
-0.695050
-0.278245
-0.985367
-0.698683
-0.120042
-1.038883
-0.426456
0.167715
-1.114151
-0.909089
-0.246375
-1.181615
-0.532263
0.153245
-1.229903
-0.387420
0.080303
-0.054723
1.436950
-1.018218
0.096905
1.244385
-0.938984
0.193672
0.778501
-0.911377
0.281216
0.863681
-0.135604
0.376991
1.033716
-0.640734
0.474693
0.809614
-0.547748
0.557249
0.801946
-0.422224
0.644630
1.079599
-0.653989
0.746222
0.664389
-0.939787
0.804222
0.683042
-0.409650
0.877549
0.780143
-0.510130
0.951777
0.679972
-0.682229
0.993444
0.233744
-0.523323
1.019632
0.130378
-0.170892
1.015270
0.110387
-0.973610
1.016547
-0.217954
-0.893907
0.993093
-0.416895
-0.842942
0.952426
-0.671209
-0.857766
0.897001
-0.406504
-0.479363
0.863222
-0.438013
-0.813955
0.818836
-0.426357
-0.540367
0.782940
-0.403835
-0.620105
0.747737
-0.395615
-1.083771
0.696972
-0.691882
-0.669186
0.631875
-0.565357
-1.051336
0.547314
-1.112398
-0.599168
0.443218
-1.101358
-0.338162
0.305438
-1.251033
0.120402
0.186385
-1.063004
0.353050
0.074237
-1.132016
0.033551
-0.045162
-1.139941
-0.227196
-0.157598
-1.084760
0.295320
-0.265609
-0.889977
1.127403
-0.355849
-0.784759
0.720154
-0.439527
-0.824803
1.017170
-0.530768
-0.783711
0.832756
-0.588738
-0.332786
0.148617
-0.633747
-0.393735
-0.046620
-0.683293
-0.404640
-0.773376
-0.736665
-0.661059
-1.441342
-0.777268
-0.530842
-1.987348
-0.806997
-0.304505
-1.387785
-0.822641
-0.262016
-0.842818
-0.853821
-0.434841
-0.842501
-0.903173
-0.643926
-1.411325
-0.971713
-0.902459
-1.413591
-1.053694
-0.947339
-1.272399
-1.119240
-0.668883
-1.456298
-1.176725
-0.798306
-1.445586
-1.241033
-0.681261
-0.928124
-0.219587
1.836133
-2.057303
-0.048567
1.398378
-1.186912
0.106866
1.515265
-0.597517
0.279574
1.585703
-0.460698
0.418425
1.097971
-0.079304
0.534880
1.021244
-0.464908
0.642444
1.222537
-1.274208
0.757068
1.002074
-0.963822
0.843887
0.495111
-1.130919
0.889153
0.309401
-1.937177
0.921546
0.324393
-1.846099
0.990203
0.639718
-1.555595
1.055356
0.307787
-1.891578
1.092422
0.230433
-1.744112
1.113389
-0.017191
-1.613626
1.103747
-0.155956
-0.837009
1.095690
-0.405991
-0.843852
1.058546
-0.442819
-0.586352
1.030120
-0.317143
-1.045424
0.979290
-0.616600
-1.203884
0.920034
-0.740872
-0.756522
0.842736
-0.553324
-0.607934
0.779363
-0.864587
-0.579291
0.698532
-0.635638
-0.328857
0.603265
-1.170258
-0.455735
0.498584
-1.034819
0.674423
0.401085
-0.887653
0.620689
0.325064
-0.912770
0.981603
0.250032
-0.496748
1.293118
0.183145
-0.687689
1.084263
0.115441
-0.571668
0.716456
0.036489
-0.710353
1.246248
-0.046543
-0.818879
0.319546
-0.131736
-0.901170
0.174205
-0.220479
-0.887486
0.589082
-0.325715
-1.019368
0.606725
-0.439968
-1.408314
0.668577
-0.588548
-1.310648
0.878137
-0.703875
-1.119030
0.297654
-0.808783
-0.896250
-0.051846
-0.865695
-0.329379
0.461043
-0.908469
-0.270270
-0.155375
-0.933430
-0.268990
-0.347799
-0.957963
-0.222279
-0.973057
-0.967945
-0.123548
-1.314283
-0.991420
-0.347886
-1.564173
-1.009413
-0.266926
-2.031574
-1.047149
-0.567781
-1.930497
-1.107390
-0.690890
-2.654086
-1.145522
-0.351522
-3.023420
0.024758
0.564114
-0.743135
0.105269
0.629192
-0.476157
0.167767
0.663836
-0.581049
0.242495
0.986672
-0.001423
0.348246
0.772545
-0.015394
0.422310
0.629886
-0.299989
0.500399
0.955874
-0.924939
0.590644
0.806415
-0.315490
0.682914
0.723715
-0.438453
0.760152
0.589393
0.019308
0.815101
0.734372
-0.229513
0.888109
0.543586
-0.332710
0.938730
0.342805
-1.393344
0.969192
0.188698
-2.558394
0.989328
0.123436
-2.026322
0.994588
-0.392590
-2.257619
0.962660
-0.539652
-2.650077
0.935397
-0.356431
-2.763266
0.897817
-0.801688
-2.742498
0.823412
-0.729897
-1.967818
0.744778
-0.902605
-1.849280
0.669905
-0.761933
-2.021976
0.593024
-0.799807
-2.090370
0.548489
-0.198562
-3.085772
0.523867
-0.550081
-2.843326
0.460563
-0.915265
-2.641936
0.379093
-0.834499
-1.931729
0.293860
-0.940152
-2.195202
0.194576
-1.153471
-2.401092
0.083265
-1.019412
-2.896730
-0.012000
-1.020263
-1.342869
-0.098505
-1.084070
-0.440661
-0.213451
-1.158850
-0.464051
-0.301910
-0.684595
0.035205
-0.386407
-1.017215
0.233389
-0.467488
-0.654433
0.162105
-0.541493
-0.884959
0.420167
-0.637309
-0.936177
0.541613
-0.741864
-0.956973
1.050193
-0.821401
-0.487617
1.621817
-0.864011
-0.339286
1.132100
-0.894435
-0.221500
0.916793
-0.936269
-0.313162
1.407151
-0.956458
-0.253267
1.347884
-0.977563
-0.118256
1.180736
-0.998187
-0.256645
0.816251
-1.038821
-0.542464
0.210547
-1.095023
-0.448571
0.227461
-1.152678
-0.708194
0.134125
-1.250673
-1.257300
0.224228
0.134570
0.615699
-0.622734
0.216757
0.783999
-0.055461
0.316967
1.050970
-0.034051
0.435085
1.230804
0.150542
0.560365
1.094117
0.146567
0.655360
0.775513
0.325990
0.711390
0.516885
-0.075821
0.767080
0.378161
0.362921
0.804711
0.466485
0.043901
0.869343
0.497641
-0.044258
0.915841
0.358032
-0.846883
0.947280
0.044009
-0.896897
0.953513
0.185532
-1.437336
0.960154
0.063381
-1.060455
0.963234
-0.108399
-1.532730
0.971591
0.302334
-1.327311
0.966395
-0.282674
-0.946571
0.929814
-0.410101
-1.247755
0.899210
-0.342575
-0.767422
0.873544
-0.368301
-0.409353
0.845068
-0.389897
-1.608648
0.806755
-0.556984
-1.435273
0.736606
-0.922439
-0.636614
0.624398
-1.103687
-0.662226
0.511083
-1.221810
-0.803116
0.410123
-0.969651
-0.378668
0.317028
-0.732238
-0.014242
0.250513
-0.565970
0.339229
0.208971
-0.404786
0.014128
0.162388
-0.491837
-0.005027
0.089224
-0.842829
-0.496771
-0.009210
-1.144700
-1.227735
-0.125883
-1.048385
-1.087397
-0.218584
-1.034186
-1.176523
-0.330215
-1.250697
-1.076356
-0.402939
-0.310423
-0.932911
-0.422680
-0.398912
-1.261088
-0.452755
-0.429010
-1.598053
-0.480196
-0.354486
-1.297254
-0.540263
-0.924032
-0.926202
-0.620468
-0.613343
0.077423
-0.686748
-0.671031
-0.127643
-0.762811
-0.705452
0.522961
-0.824580
-0.396809
0.549449
-0.857164
-0.522669
0.545400
-0.913605
-0.333485
0.862621
-0.945236
-0.479089
0.189227
-0.995949
-0.493340
0.414515
-1.057905
-0.573848
0.477104
-1.136877
-0.938294
0.281616
0.034961
0.756865
1.240959
0.095112
0.671970
1.209233
0.187277
1.229197
1.672537
0.275009
0.712016
0.961674
0.334235
0.576685
0.765832
0.395205
0.567862
0.625186
0.464706
0.974892
0.235211
0.570482
1.096415
-0.206527
0.679618
0.907995
-0.774407
0.768796
0.591957
-0.422220
0.822091
0.457248
-0.563351
0.873291
0.352808
-0.150572
0.896271
0.441952
-0.464378
0.949612
0.437468
-0.576584
0.978982
0.184923
-0.201802
0.979122
-0.288055
0.504068
0.965198
-0.071719
0.599881
0.946322
-0.167797
0.345643
0.938415
0.112016
-0.651710
0.932704
-0.036199
-0.740552
0.915229
-0.457177
-0.403464
0.881275
-0.293450
0.169358
0.841512
-0.572914
-0.333589
0.772285
-0.721827
-0.066237
0.681870
-0.955182
0.195835
0.589074
-0.844664
-0.344836
0.505807
-0.853781
0.160572
0.400900
-1.063446
0.132869
0.295433
-1.087653
-0.555089
0.179680
-1.095545
0.233665
0.053509
-1.168687
-0.189244
-0.063805
-1.068208
0.441211
-0.165180
-0.819622
1.905290
-0.255616
-0.947080
1.085138
-0.333653
-0.635927
0.492736
-0.419142
-0.969396
0.864265
-0.519169
-0.902596
0.400324
-0.615049
-0.868598
1.009245
-0.700710
-0.775389
0.488966
-0.780943
-0.595390
0.586596
-0.827830
-0.322858
0.405739
-0.850685
-0.545929
0.795054
-0.910662
-0.449174
0.941936
-0.954079
-0.453135
0.951196
-1.023913
-0.716632
0.785323
-1.094670
-0.571742
0.069091
-1.156345
-0.507442
0.320872
-1.239126
-1.005277
0.127904
-1.343164
-1.444286
0.521927
-1.491407
-1.267360
0.275683
-0.010148
0.655098
0.395238
0.059704
0.836000
0.666077
0.156144
1.043051
0.384764
0.242890
0.829112
0.544443
0.313926
0.770608
-0.335823
0.407621
1.166634
-0.263593
0.528134
1.110826
-0.796626
0.632429
0.993896
-1.130713
0.726048
0.648951
-0.884704
0.797881
0.804063
-1.563976
0.885082
0.707700
-1.518200
0.968714
0.742919
-2.024853
1.049739
0.587347
-1.942216
1.110520
0.460866
-2.091556
1.139749
-0.101057
-1.978920
1.127631
-0.437609
-2.315250
1.094162
-0.610046
-1.949965
1.044065
-0.538332
-1.410109
1.005098
-0.591732
-1.331381
0.949094
-0.668478
-1.484766
0.886892
-0.636027
-1.231516
0.798976
-1.085127
-1.373483
0.717379
-0.722737
-0.833016
0.632838
-0.988724
-0.739916
0.545756
-0.926019
-0.375393
0.464730
-0.796433
-0.529097
0.393279
-0.639431
0.598755
0.314934
-0.794026
0.246001
0.234953
-0.754653
0.058048
0.147021
-0.861128
-0.141139
0.053826
-1.237938
-0.562502
-0.055564
-0.952299
-0.147186
-0.141923
-0.793322
0.097994
-0.233468
-0.848051
0.068590
-0.331545
-1.025183
-0.819777
-0.444864
-1.280774
-0.609166
-0.549688
-1.116159
-0.176465
-0.655924
-1.050718
-0.400964
-0.761274
-0.820356
-0.784853
-0.848595
-0.909295
-0.165166
-0.935194
-0.858522
-0.366988
-0.994465
-0.445625
-0.087539
-1.030016
-0.107056
0.271791
-1.056902
-0.193412
0.137170
-1.060822
0.060679
-0.562229
-1.012555
0.583303
-1.043752
-0.968617
0.304576
-1.137799
-0.930558
0.201896
-1.349312
-0.934045
-0.255007
-1.817107
-0.943981
-0.202204
-1.661948
-0.066594
1.275924
-1.185433
0.064674
1.187133
-1.342175
0.180867
0.994399
-1.325125
0.271563
0.773316
-0.788166
0.350882
0.887301
-1.123343
0.424332
0.552764
-1.246725
0.483381
0.335883
-1.052994
0.560747
0.935623
-0.686448
0.673617
1.016777
0.211650
0.775745
0.944849
0.225961
0.855188
0.471049
-0.296515
0.917710
0.740191
-0.336822
0.980426
0.408730
-0.509085
0.997020
0.037436
-0.166144
1.003396
0.130113
-0.601597
1.015024
0.065228
-1.024290
0.989675
-0.478246
-1.131890
0.950046
-0.490025
-1.109478
0.893086
-0.754684
-1.591714
0.823492
-0.847363
-0.925894
0.739256
-0.881428
-1.125560
0.661088
-0.913670
-1.172760
0.597670
-0.517205
-1.480922
0.537480
-0.893494
-0.931735
0.454712
-1.023469
-0.686360
0.350405
-0.958923
-0.509209
0.274566
-0.666328
-1.205576
0.214040
-0.469053
-0.562122
0.149674
-0.578325
-1.037892
0.098510
-0.412335
-0.637135
0.050206
-0.537254
-0.983033
-0.006830
-0.699452
-0.849912
-0.089764
-0.926261
-1.013055
-0.156332
-0.617638
-0.572877
-0.237231
-1.007582
-0.608418
-0.325009
-0.916371
-0.530371
-0.406530
-0.970054
-0.758743
-0.497561
-0.846084
-0.812776
-0.590586
-1.102479
-0.781396
-0.690536
-0.784084
-0.396704
-0.781624
-1.066600
-0.013896
-0.880639
-0.868677
0.191818
-0.955346
-0.692054
1.065659
-1.019155
-0.446011
1.322539
-1.051597
-0.096335
1.942092
-1.069367
-0.033724
1.609662
-1.059915
0.360475
0.719233
-1.016948
0.465999
0.152830
-0.938077
0.879770
0.664153
-0.829106
1.188921
0.306015
-0.079739
2.046005
-2.549488
0.115459
1.657054
-2.543557
0.280481
1.552832
-2.364233
0.422248
1.050275
-2.680664
0.537431
1.059043
-1.930693
0.609563
0.581036
-1.753455
0.653008
0.245829
-2.033754
0.713146
0.816721
-2.017717
0.770336
0.511263
-2.424262
0.822287
0.389546
-1.046880
0.878197
0.623413
-1.110536
0.946196
0.346459
-1.072086
0.962377
-0.121624
-1.389289
0.957767
-0.207624
-1.266451
0.950187
-0.363718
-0.691256
0.919086
-0.339097
-0.054052
0.909443
-0.107643
-0.011627
0.897068
-0.067923
-0.057492
0.886075
-0.234617
-0.516331
0.851979
-0.454452
-0.729364
0.821591
-0.318042
-0.888925
0.770066
-0.664264
-0.445140
0.718866
-0.386875
-0.612519
0.684480
-0.490723
-0.910337
0.632706
-0.557549
-0.743512
0.579103
-0.671959
-0.886761
0.523321
-0.709723
-0.320789
0.450807
-0.851555
-0.959351
0.348681
-1.187705
-0.571245
0.219394
-1.545842
-0.484180
0.071218
-1.327756
0.238324
-0.067047
-1.215061
0.871556
-0.195330
-1.001812
0.244667
-0.286602
-0.950864
1.115363
-0.409213
-1.142366
1.381744
-0.531828
-1.135546
1.196095
-0.618232
-0.793219
1.335195
-0.668835
-0.385164
1.157691
-0.714289
-0.374643
0.680861
-0.750749
-0.408096
0.629091
-0.793845
-0.266197
1.575253
-0.847233
-0.475313
0.588164
-0.884799
-0.193639
1.068743
-0.912599
-0.215630
1.239266
-0.931083
-0.223259
0.749467
-0.965566
-0.215164
0.315022
-0.993207
-0.260338
1.077797
-1.017377
-0.069765
0.433620
-1.007590
0.089673
0.066891
-1.012757
-0.048934
0.086388
-0.062989
0.829970
-1.391489
0.038504
0.728879
-1.666838
0.111597
0.607319
-1.890086
0.191945
0.887126
-1.802666
0.291327
0.977918
-2.179400
0.390108
0.677740
-1.731314
0.484290
1.007263
-1.592413
0.590049
1.046683
-1.442399
0.676617
0.771531
-1.954277
0.755960
0.669884
-2.627760
0.825370
0.550881
-2.506627
0.897955
0.474351
-2.877122
0.953325
0.236964
-2.702016
0.973886
-0.225579
-2.030082
0.967086
-0.107276
-1.558521
0.981549
-0.051381
-2.029744
0.970261
-0.336755
-1.922343
0.956555
-0.374734
-1.126036
0.928040
-0.397986
-0.405661
0.891730
-0.398487
0.525498
0.849588
-0.536534
-0.286051
0.788923
-0.656599
-0.120768
0.720258
-0.698329
-0.132391
0.639184
-1.040777
-0.095984
0.550775
-0.891823
0.260540
0.441955
-1.180922
0.369924
0.305412
-1.013776
0.677124
0.199254
-0.784588
0.743039
0.114934
-0.789334
-0.229290
0.036131
-0.635174
-0.718566
-0.023068
-0.676661
-0.249407
-0.117220
-1.160401
-0.595033
-0.224647
-0.880513
-0.940849
-0.289833
-0.434023
-0.846996
-0.346499
-0.752318
-0.772815
-0.410397
-0.724908
-0.433125
-0.469682
-0.832828
-0.479714
-0.561096
-0.817384
0.252255
-0.632053
-0.511079
-0.197418
-0.685910
-0.656272
-0.468495
-0.749168
-0.442243
-0.751485
-0.785138
-0.310776
-1.016211
-0.814520
-0.453770
-1.608740
-0.867830
-0.536239
-1.763716
-0.911361
-0.481964
-1.056054
-0.943059
-0.156158
-1.511716
-0.935909
-0.060959
-1.579754
-0.917267
0.165993
-1.695028
-0.901176
-0.241514
-1.288567
-0.932053
-0.232936
-1.986678
-0.097801
0.985861
-2.475365
0.004082
0.851068
-1.635809
0.100993
0.995822
-1.328718
0.194013
0.760940
-0.644481
0.285377
1.118795
-0.020781
0.409861
1.260518
0.090303
0.523041
1.131414
-0.302368
0.630785
1.015227
-0.359819
0.738967
0.918896
-0.718942
0.831987
0.702641
-1.098476
0.903073
0.787669
-1.002054
0.989731
0.656098
-1.311973
1.047485
0.217291
-0.914998
1.062687
-0.072126
-1.228633
1.051641
-0.301543
-0.887262
1.021022
-0.177697
-0.890604
1.001156
-0.355331
-0.853551
0.977145
-0.228950
-1.067962
0.946424
-0.496150
-0.113067
0.897824
-0.390714
0.294464
0.844032
-0.517554
-0.168420
0.786607
-0.577215
-0.259712
0.735583
-0.620848
0.032993
0.643504
-1.061010
-0.072477
0.537268
-1.038901
0.131940
0.455274
-0.677439
0.478490
0.365617
-1.102502
0.366254
0.277925
-0.707234
0.507035
0.214104
-0.406160
-0.122111
0.162147
-0.540997
-0.855313
0.102733
-0.629557
-0.510316
0.055115
-0.793058
-0.501076
-0.030401
-0.822770
-0.084256
-0.148720
-1.410602
0.127402
-0.276860
-1.163571
0.640909
-0.374766
-0.689607
-0.078105
-0.458277
-0.646835
-0.046140
-0.521469
-0.510196
-0.062382
-0.576595
-0.765861
-0.491186
-0.647046
-0.590611
0.029111
-0.698175
-0.452575
-0.218005
-0.750235
-0.600880
-0.720833
-0.809837
-0.683223
0.077478
-0.874075
-0.677747
0.111301
-0.940577
-0.587120
-0.318387
-0.997746
-0.350076
-0.355750
-1.006465
0.062423
0.049601
-1.008750
-0.045283
-0.668807
-1.018947
-0.249872
-0.403744
-1.019854
0.211310
-0.123710
-0.140824
1.562478
-0.069686
0.011284
1.354542
-1.109596
0.152804
1.127854
-1.357876
0.274165
1.095964
-1.212188
0.386924
1.221523
-0.669008
0.504481
0.991686
-0.995261
0.600681
0.730507
-1.046637
0.670817
0.683574
-0.001686
0.711221
0.516124
-0.212906
0.769822
0.688418
-0.234100
0.838728
0.738870
0.175136
0.917066
0.817987
0.030047
0.970005
0.231182
0.072197
0.991689
0.265999
0.500254
1.006150
0.136003
-0.230236
1.010273
0.098843
0.047556
0.997489
-0.267042
0.099700
0.943574
-0.633215
0.251359
0.891336
-0.454327
-0.266476
0.855182
-0.376689
-0.473982
0.819517
-0.329987
0.203117
0.775271
-0.524342
0.037364
0.723446
-0.760754
0.427926
0.634393
-0.705684
0.677616
0.575405
-0.412262
-0.365114
0.539245
-0.133348
-0.708547
0.481169
-1.003139
-1.303777
0.388923
-0.831160
-0.603856
0.300903
-1.031325
-0.393688
0.194826
-1.061073
0.162812
0.077793
-1.085833
-0.509566
-0.036697
-1.043854
-1.351531
-0.150878
-1.226231
-0.587559
-0.261533
-1.125566
0.159246
-0.362482
-0.817001
-0.347550
-0.451595
-0.787998
0.243514
-0.529030
-0.680125
0.037306
-0.586222
-0.626277
-0.258832
-0.654290
-0.749716
0.449819
-0.741343
-0.760374
-0.180701
-0.806180
-0.506237
0.303096
-0.854112
-0.491574
0.538115
-0.889297
-0.150243
0.242133
-0.911590
-0.489965
0.361298
-0.930681
-0.107117
0.476583
-0.950782
-0.253392
-0.350738
-0.969833
-0.269742
0.111129
-1.009610
-0.599177
0.138544
-1.072146
-0.727571
0.051986
-1.148259
-0.683978
-0.267174
-0.080921
0.861029
1.448552
0.012939
1.129408
0.782024
0.127281
1.209562
0.018135
0.236284
1.023942
-0.340268
0.345149
1.206374
-1.113525
0.452430
0.812876
-1.182244
0.544263
0.852617
-1.488072
0.635012
0.693780
-1.380413
0.715154
0.551719
-2.092534
0.770129
0.452934
-2.154504
0.835063
0.345185
-1.569244
0.857016
0.047417
-0.948822
0.881575
0.317819
-0.980573
0.915718
0.365315
-0.052702
0.935044
0.023013
-0.286924
0.926676
-0.119067
-0.213373
0.899205
-0.331875
-0.766504
0.855876
-0.460546
-0.345719
0.819394
-0.325947
-0.044310
0.809934
0.139024
-0.080372
0.828810
0.137705
-1.119577
0.834031
-0.240281
-0.340901
0.808846
-0.286156
-1.200378
0.751193
-0.953304
-1.013381
0.660862
-1.010765
-0.735000
0.573774
-0.808718
0.082429
0.475532
-1.047650
0.128060
0.366106
-0.849032
0.592068
0.262991
-0.772917
-0.260585
0.189102
-0.684340
-0.569551
0.131886
-0.543778
-0.322964
0.081089
-0.534385
-0.391907
-0.003660
-1.102380
-0.146478
-0.107599
-1.123784
0.094363
-0.234302
-1.154058
-0.057722
-0.348152
-1.168175
-0.086385
-0.458598
-0.970846
0.245666
-0.555936
-0.706888
1.132841
-0.641088
-0.731243
1.481601
-0.730976
-0.721558
1.613150
-0.800746
-0.580204
0.709694
-0.846783
-0.305901
1.186236
-0.879663
-0.269240
0.913366
-0.926939
-0.449985
1.112476
-0.964858
-0.204182
0.386138
-0.980936
-0.157110
0.325462
-0.995431
-0.137668
-0.057755
-1.003306
-0.054605
-0.370006
-1.000386
-0.168779
-0.840075
-1.018124
-0.386096
-0.263051
0.055943
1.110893
-0.097136
0.158359
0.773958
-0.003067
0.242389
0.860488
-0.251232
0.350114
1.242226
-0.906340
0.479984
1.261199
-1.005633
0.592470
0.698963
-1.091330
0.676408
0.900828
-0.786709
0.779073
0.960748
-0.888834
0.863218
0.781907
-0.819950
0.913377
0.286525
-1.031073
0.931804
0.241152
-1.137397
0.962378
0.428977
-0.743537
0.994305
0.306932
-0.342190
1.031251
0.282963
-0.909619
1.050858
-0.046373
-0.752067
1.057211
-0.155670
-0.545619
1.043696
-0.423584
-0.822772
1.021461
0.066677
-0.524568
1.018272
-0.407707
-1.256967
0.995962
-0.188661
-1.298962
0.960726
-0.480378
-1.528268
0.914837
-0.520454
-1.735189
0.865110
-0.687703
-1.649520
0.813454
-0.607676
-1.436773
0.731696
-1.088853
-0.551010
0.614877
-1.335203
0.066566
0.502773
-0.954751
0.413027
0.397383
-1.112302
0.080958
0.287017
-0.989128
-0.278414
0.189518
-1.082323
-0.654228
0.082213
-1.078351
-0.218862
-0.040857
-1.132797
0.598517
-0.144899
-0.983816
1.061845
-0.228454
-0.692026
1.243540
-0.282126
-0.452933
1.592318
-0.355370
-0.519801
1.340163
-0.398597
-0.388013
0.468241
-0.443657
-0.655551
0.670728
-0.502833
-0.525462
0.595742
-0.573719
-0.827005
0.143229
-0.651983
-0.848207
0.416044
-0.760100
-1.367555
0.489401
-0.869026
-0.713052
1.103744
-0.918690
-0.353864
0.933007
-0.970337
-0.466121
1.224798
-1.025455
-0.627374
1.839807
-1.092753
-0.367410
1.592378
-1.146628
-0.537534
1.934711
-1.184514
-0.109715
1.634259
-1.199717
-0.077945
1.604327
-0.167058
1.858786
-1.721615
0.029270
1.653207
-2.368587
0.200827
1.703037
-2.394043
0.356147
1.211847
-2.195008
0.464843
0.769169
-2.398803
0.563265
0.858528
-2.211817
0.637961
0.609798
-1.932903
0.693566
0.314695
-1.761861
0.759441
0.667991
-1.499862
0.853040
0.806468
-1.534514
0.934198
0.792205
-1.398244
1.023752
0.566519
-1.121419
1.078773
0.162520
-1.760370
1.085737
-0.208843
-2.023089
1.075227
-0.422064
-2.161935
1.033301
-0.562218
-2.081551
0.983835
-0.803624
-2.365993
0.932053
-0.482981
-2.418275
0.904727
-0.409878
-1.715893
0.866170
-0.450004
-1.166730
0.831969
-0.368824
-1.571902
0.760333
-0.834492
-1.638267
0.686059
-0.982230
-1.826096
0.614051
-0.816721
-2.000026
0.561521
-0.590053
-1.612737
0.496708
-0.933141
-1.474559
0.403619
-0.891212
-1.256864
0.319727
-0.684298
-0.892504
0.259210
-0.860882
-0.911715
0.188009
-0.442853
-0.905304
0.130659
-0.603668
-1.766944
0.060468
-0.678167
-1.986758
-0.017846
-1.002181
-2.137043
-0.116153
-0.956628
-1.684223
-0.197300
-0.783504
-0.943304
-0.273147
-0.886185
-0.561180
-0.362902
-1.044457
-0.427696
-0.465225
-1.025735
-0.460686
-0.571586
-0.895064
-0.132932
-0.651708
-0.857779
0.440792
-0.714560
-0.428245
1.294128
-0.777708
-0.428634
1.487104
-0.799887
-0.108420
0.800176
-0.824326
-0.321319
0.451713
-0.877403
-0.593208
0.074015
-0.931775
-0.474065
0.139086
-0.984546
-0.622123
0.227080
-1.063957
-0.627788
0.030386
-1.136372
-0.711026
-0.205426
-1.208527
-0.650181
-0.187051
0.050848
1.134681
0.637898
0.172835
1.051495
0.753115
0.284671
1.129080
1.024712
0.380155
0.860248
0.689394
0.474293
1.054243
0.399872
0.582562
0.981671
0.186436
0.661909
0.637602
0.099139
0.733861
0.746787
0.418696
0.802069
0.597260
0.004908
0.865247
0.444395
-0.527452
0.895614
0.019724
-0.700196
0.922340
0.435453
-1.290359
0.950075
0.153516
-0.949004
0.963885
0.162100
-0.693181
0.989453
0.095245
-0.097388
0.994761
0.105227
-0.132972
1.003726
-0.061504
0.132020
1.004214
0.071338
0.574250
0.998982
-0.149147
-0.262590
0.966057
-0.443151
-0.247601
0.908588
-0.674894
-0.000506
0.827210
-0.808279
0.297588
0.757540
-0.663281
0.101732
0.683519
-0.556529
-0.646573
0.626075
-0.594606
-1.003755
0.569608
-0.661831
-0.578270
0.486263
-0.847663
-1.036939
0.411471
-0.759512
-1.496304
0.323391
-1.014747
-0.884203
0.196391
-1.490667
-0.631778
0.050324
-1.423889
-0.064676
-0.087036
-1.370280
-0.403976
-0.202607
-0.971459
-0.921751
-0.311391
-0.973230
-0.787604
-0.418776
-1.053455
-0.559253
-0.516740
-0.832044
-0.117280
-0.598459
-0.836839
0.578857
-0.679059
-0.657775
0.651650
-0.737374
-0.304461
1.545033
-0.753297
0.026543
0.934038
-0.759616
-0.238486
0.625621
-0.796886
-0.408649
1.229079
-0.871930
-0.743103
1.005691
-0.953830
-0.577628
0.942636
-1.018349
-0.682023
1.244317
-1.100998
-0.733177
1.227711
-1.156953
-0.196576
0.996662
-1.171558
-0.100573
0.891642
-1.187687
-0.107809
0.937023
-1.183572
0.209381
1.527523
-0.118876
1.368479
-1.792200
0.012440
1.154390
-0.783875
0.127347
1.114424
-1.187687
0.240989
1.038804
-1.540890
0.357198
0.930734
-1.714086
0.472273
0.988204
-1.591660
0.574433
0.817870
-1.290720
0.666906
0.811733
-1.354120
0.743194
0.804410
-1.312883
0.827719
0.637629
-1.979343
0.907928
0.700572
-2.329742
0.985792
0.401474
-2.487794
1.019014
0.056957
-1.854471
1.008777
-0.107306
-1.639321
0.978749
-0.562728
-1.213114
0.917368
-0.898145
-0.753534
0.843903
-0.646811
-0.792703
0.778460
-0.697847
-0.469047
0.726587
-0.255449
-0.631729
0.700199
-0.354795
-0.837946
0.682024
-0.051784
-0.976925
0.686439
0.028521
-0.798356
0.676299
-0.289258
-0.472449
0.656144
0.054470
-0.222132
0.632049
-0.393549
-0.991891
0.592496
-0.603467
-1.403724
0.516971
-0.946911
-1.462002
0.421856
-1.287680
-0.855762
0.294912
-1.470633
-0.187230
0.171616
-1.029159
-0.187902
0.083326
-0.850537
-0.076145
-0.016434
-1.050579
-0.357705
-0.104096
-0.727261
-0.679595
-0.187186
-0.856429
-0.669355
-0.298194
-1.133049
-0.646445
-0.414712
-1.085581
0.182146
-0.522956
-1.172164
0.517704
-0.626639
-0.899587
1.142324
-0.710391
-0.600057
0.908859
-0.772980
-0.549519
0.435690
-0.816432
-0.332147
1.219462
-0.836173
0.008089
0.707241
-0.842180
-0.211630
0.309374
-0.870102
-0.111570
0.091588
-0.880724
-0.251778
0.674343
-0.922672
-0.502093
0.149836
-0.953005
-0.218782
-0.399092
-0.973089
-0.325016
0.346183
-1.010940
-0.261153
0.259825
-1.043148
-0.310479
0.414253
-0.166549
1.488525
0.654944
-0.009729
1.566595
0.270633
0.152706
1.630982
-0.279546
0.308265
1.416889
0.209566
0.455759
1.407438
-0.196528
0.600330
1.243237
-0.833400
0.698418
0.665268
-0.387990
0.746195
0.398993
-0.531377
0.790127
0.585604
-0.369100
0.863292
0.702682
-0.228670
0.933431
0.602340
0.101504
0.979312
0.347207
0.286626
1.037628
0.641909
-0.093467
1.091577
0.378766
0.096534
1.129820
0.220810
-0.737564
1.154324
0.084782
-1.305082
1.138051
-0.317720
-1.268026
1.105575
-0.414196
-1.121904
1.066432
-0.504510
-1.272448
1.015611
-0.484687
-1.229525
0.958846
-0.768417
-0.642754
0.894750
-0.535112
-0.757221
0.848885
-0.331991
-1.013504
0.812527
-0.389997
-0.287224
0.748943
-0.636334
-0.308066
0.661576
-1.054286
-0.115309
0.549945
-1.058918
-0.354040
0.464770
-0.890553
-0.780194
0.381493
-0.882353
-0.798306
0.293639
-0.956352
-0.538811
0.202634
-0.819562
-0.563449
0.113767
-1.160530
-0.153681
-0.004551
-1.265723
0.324005
-0.142293
-1.409561
0.351835
-0.264425
-0.947229
0.200295
-0.358976
-0.917071
0.408434
-0.467605
-1.049835
0.473181
-0.564460
-0.968056
0.687444
-0.691054
-1.181391
0.048281
-0.807194
-1.114878
0.457423
-0.908871
-0.782621
0.163597
-0.975299
-0.307720
0.662448
-1.015945
-0.457065
0.714076
-1.043501
0.041292
0.801358
-1.019451
0.480408
0.206845
-0.968990
0.482165
0.564481
-0.894779
0.744819
0.909835
-0.809836
0.954688
0.876298
-0.732261
0.678911
1.918381
-0.647237
1.112215
1.666261
0.189466
0.487269
-0.063428
0.243806
0.609420
0.035905
0.309947
0.717188
0.029459
0.377716
0.432538
-0.175453
0.424679
0.544600
-0.452045
0.475657
0.398889
0.186371
0.534422
0.698004
-0.235950
0.630763
0.961418
-0.684367
0.708196
0.705458
-1.319995
0.776376
0.575411
-1.778160
0.819863
0.443353
-1.485948
0.873734
0.441272
-1.492024
0.913663
0.128528
-1.980754
0.944879
0.365744
-1.699009
0.979650
0.279851
-1.222087
1.000520
-0.026153
-1.053612
1.005012
-0.028997
-1.279126
1.032215
0.165111
-1.425281
1.019311
-0.498265
-1.217911
0.944473
-0.968253
-0.871414
0.854558
-0.905032
-1.053771
0.780204
-0.887076
-1.371864
0.685451
-1.088706
-0.958828
0.583542
-1.156080
-1.182971
0.472341
-1.174531
-0.549900
0.347380
-1.210810
-0.223126
0.238203
-0.788832
-0.168104
0.181046
-0.423738
-0.869191
0.116579
-0.795010
-0.609470
0.061043
-0.473199
-0.232401
0.018898
-0.237270
-0.671746
-0.002783
-0.353473
-0.423145
-0.055409
-0.646615
0.005532
-0.116986
-0.779886
-0.090708
-0.200160
-0.693708
0.395326
-0.264416
-0.765782
0.188060
-0.348859
-0.976187
0.376650
-0.449543
-0.907647
0.212981
-0.553520
-0.818439
0.971811
-0.629691
-0.662971
1.468922
-0.698297
-0.607837
0.800051
-0.745083
-0.478057
0.433193
-0.794750
-0.487465
0.460530
-0.831134
-0.242800
0.484039
-0.852572
-0.167243
0.205058
-0.883082
-0.305626
0.587217
-0.927709
-0.619250
1.051007
-1.003118
-0.530716
1.392440
-1.053739
-0.382637
1.209606
-1.090716
-0.250747
1.184673
-0.206614
1.850758
-1.460930
-0.020961
1.817579
-1.413709
0.146540
1.363624
-1.042602
0.292487
1.270864
-0.636539
0.419410
1.165813
-0.703526
0.527896
0.809285
-1.069175
0.618178
0.812749
-0.831038
0.694961
0.521803
-1.009848
0.747762
0.324004
-1.277384
0.803564
0.489949
-0.877072
0.858695
0.478089
-0.488101
0.911926
0.316302
-0.851690
0.936473
0.126275
-0.631157
0.953316
0.098038
-0.503648
0.978902
0.112897
-0.787758
0.999631
-0.092006
-0.380475
0.988814
-0.054539
0.186403
0.957388
-0.404314
-0.037525
0.898278
-0.630699
-0.829535
0.840890
-0.652410
-0.539651
0.784319
-0.658189
-0.411358
0.713180
-0.822778
-0.395351
0.644676
-0.760899
0.423575
0.573205
-0.649743
0.736171
0.492276
-0.781453
0.540556
0.420185
-0.660227
0.329202
0.355378
-0.631321
-0.158898
0.283186
-0.878499
-0.601166
0.206550
-0.636568
-0.079644
0.133982
-0.710832
-0.093965
0.064742
-0.640550
-0.119635
0.006159
-0.517856
0.824392
-0.081517
-0.930669
1.326072
-0.160761
-0.589785
0.348727
-0.222342
-0.492869
0.547872
-0.297168
-0.813035
0.926339
-0.401030
-0.925997
0.883464
-0.503125
-0.891443
0.844366
-0.595200
-1.022696
0.602477
-0.707161
-0.917243
0.607974
-0.804290
-0.942001
0.837831
-0.902145
-0.972027
0.436053
-0.987335
-0.722488
0.207542
-1.039109
-0.492452
0.170458
-1.076710
-0.130455
0.382459
-1.093859
-0.082983
0.669893
-1.078753
0.284857
0.756382
-1.049607
0.312062
0.397951
-1.026654
0.317905
0.740481
-0.991775
0.337480
1.484534
-0.265746
1.664452
-2.048209
-0.092201
1.490609
-1.296108
0.077217
1.462775
-1.244937
0.223823
1.237676
-0.316821
0.344593
1.258858
-0.405072
0.448804
1.043253
-0.456334
0.576243
1.306261
-0.811787
0.712910
0.995451
-0.142159
0.813589
0.947026
0.217988
0.901416
0.732524
-0.689459
0.964161
0.277266
-0.368174
0.980740
0.187033
-0.241544
1.003008
0.081552
-0.445542
0.999012
-0.205994
-0.546035
0.981438
-0.274015
0.175156
0.956828
-0.190961
-0.273108
0.948312
0.134923
-0.741225
0.961772
-0.028969
-0.707362
0.976401
0.080318
-0.735852
0.976261
-0.140819
-0.480166
0.943587
-0.529893
0.201809
0.875253
-0.866649
0.574798
0.786904
-0.858265
0.067010
0.686469
-1.019476
0.115092
0.590326
-0.909898
-0.186552
0.509412
-0.794073
-0.370550
0.436487
-0.948709
-0.408464
0.332698
-1.136466
-0.715144
0.237876
-0.714032
-0.658817
0.154853
-1.019319
-0.219970
0.042251
-1.135740
-1.281841
-0.077975
-1.357909
-1.343486
-0.199502
-1.259376
-0.891963
-0.328326
-1.215078
-0.558059
-0.451070
-1.154349
-0.383120
-0.552201
-1.065001
-0.388621
-0.648997
-0.821142
-0.692540
-0.729819
-0.866212
-1.246331
-0.792943
-0.664743
-1.308026
-0.842190
-0.344128
-0.918498
-0.878197
-0.313046
-0.930469
-0.912674
-0.407469
-0.371861
-0.950806
-0.357311
-0.979475
-0.978970
-0.261898
-0.640437
-1.004947
-0.257275
-0.104014
-1.021073
-0.225874
-0.372332
-1.048878
-0.475594
-0.532437
-1.101736
-0.600169
-0.508103
-1.140175
-0.229962
-0.380712
-1.159517
-0.153217
-0.719618
0.259316
-0.063525
0.096724
0.246976
0.022630
0.601731
0.265741
0.241427
1.789082
0.297024
0.639111
2.008404
0.375524
0.963205
1.445749
0.462629
0.823766
0.599291
0.552705
0.948658
-0.163847
0.649131
1.022130
0.201551
0.728392
0.924115
-0.674392
0.805966
0.393019
-0.905152
0.864979
0.728362
-0.546638
0.947712
0.906816
-0.355034
1.035749
0.782517
-0.176068
1.090001
0.453423
-0.261770
1.111458
-0.063422
-0.983952
1.098042
-0.201104
-1.020921
1.080407
-0.354059
-0.414929
1.023129
-0.726122
-0.445911
0.939852
-0.774851
-0.980987
0.850509
-0.892866
-0.426457
0.764520
-0.673845
-0.494334
0.729885
-0.173867
-0.089630
0.711372
-0.195559
-0.473747
0.683736
-0.427196
-1.152378
0.646351
-0.520708
-0.848406
0.576305
-0.707784
-0.201819
0.471690
-1.229171
-0.251921
0.341930
-1.332717
0.007179
0.214904
-1.007138
-0.265118
0.131502
-0.791133
0.129972
0.057889
-0.629728
-0.086440
-0.005516
-0.640911
0.062737
-0.060770
-0.674288
0.361132
-0.147930
-0.853841
-0.090547
-0.236993
-0.897142
0.298130
-0.324531
-0.783796
-0.263512
-0.396613
-0.592303
-0.298359
-0.454074
-0.769420
-0.472584
-0.535278
-0.923139
0.241086
-0.630760
-0.982138
1.182415
-0.742491
-1.122566
1.201962
-0.848091
-0.865358
1.074062
-0.924362
-0.380090
1.196034
-0.947920
0.148184
1.232157
-0.905992
0.822771
1.159724
-0.828638
0.689271
1.210190
-0.783458
0.461781
1.575005
-0.727037
0.767645
1.963041
-0.630371
1.370690
1.929645
-0.497242
1.656378
1.989922
0.159205
-0.236540
1.429313
0.153618
0.220520
1.131553
0.194125
0.488789
1.222310
0.266749
0.970524
0.965128
0.359959
1.043110
0.682263
0.447728
0.860341
0.210550
0.521111
0.918008
0.682887
0.599529
0.749308
0.203853
0.659135
0.528645
-0.484609
0.723118
0.750424
-0.807714
0.797150
0.784635
-0.823224
0.865155
0.613551
-1.151130
0.929013
0.612103
-1.629068
0.986948
0.206691
-1.164328
0.999426
-0.000986
-1.150131
0.991873
-0.267560
-1.673521
0.947041
-0.579561
-1.550435
0.896368
-0.653094
-1.484644
0.870152
-0.197874
-1.208325
0.858687
-0.159436
-1.088628
0.842423
-0.256443
-1.649347
0.825583
-0.278318
-2.030328
0.783596
-0.804273
-2.055339
0.693381
-1.229148
-1.984617
0.611416
-0.774459
-1.573838
0.548267
-0.602775
-1.201672
0.476697
-0.885385
-0.822101
0.377243
-1.190824
-0.668572
0.257857
-1.434627
-1.876894
0.131821
-1.321645
-1.934523
0.024046
-1.088524
-1.210733
-0.087057
-1.118090
-0.805863
-0.196890
-1.181782
-1.211397
-0.297184
-0.950653
-0.726948
-0.388799
-1.092029
-0.657328
-0.479995
-1.081306
-0.580475
-0.581327
-1.004166
-0.381348
-0.686977
-0.989173
0.114248
-0.790962
-0.895972
0.711069
-0.891760
-0.825608
0.872664
-0.968545
-0.687424
1.112279
-1.039807
-0.653548
1.626110
-1.095701
-0.125074
1.931072
-1.096565
0.206259
1.924914
-1.088331
0.143861
2.897541
-1.061861
0.616949
2.722634
-0.997957
0.885219
2.843032
-0.926513
0.974574
2.743048
-0.819193
1.474772
2.450451
-0.671898
1.691723
2.912691
-0.126985
1.633064
-3.418366
0.059494
1.427723
-2.944671
0.194758
0.993381
-2.463574
0.308607
1.067348
-2.714429
0.422533
0.910686
-2.075780
0.525088
0.947224
-2.280406
0.618725
0.868016
-2.312767
0.713469
0.805493
-2.786999
0.791410
0.535155
-2.522209
0.842082
0.204555
-1.756233
0.874723
0.285703
-0.641117
0.907296
0.392621
-0.666630
0.944259
0.378561
-0.789688
1.010311
0.586929
-0.505496
1.062698
0.492045
-0.349164
1.091930
0.252514
-0.654515
1.106237
-0.070887
-0.785402
1.087361
-0.304996
-0.817389
1.048825
-0.412318
-0.309530
1.032062
-0.183881
-0.028105
0.998751
-0.278277
0.048729
0.953222
-0.927150
-0.142825
0.844784
-1.061985
-0.524506
0.728714
-1.357409
-0.044667
0.599790
-1.362263
0.516235
0.446274
-1.564314
0.141512
0.291692
-1.325095
-0.240671
0.175820
-0.980771
0.685924
0.080965
-0.885387
1.026415
0.002392
-0.690090
1.213380
-0.090001
-0.982067
0.443609
-0.189450
-0.849971
0.657869
-0.258662
-0.183513
0.989277
-0.300057
-0.325816
0.209786
-0.346470
-0.429897
-0.312075
-0.419106
-0.965394
-0.409590
-0.514895
-0.919149
-0.135490
-0.597942
-0.559272
-0.068032
-0.653642
-0.333993
-0.150134
-0.678607
-0.145983
-0.671910
-0.700433
-0.319743
-0.630548
-0.740581
-0.457018
-0.895513
-0.787233
-0.666050
-0.008932
-0.863976
-0.727419
-0.211808
-0.912451
-0.394472
-0.193540
-0.946944
-0.057301
-0.215291
-0.973477
-0.363724
-0.383406
-1.012536
-0.544438
-0.089889
-1.039119
-0.082063
-0.338330
-1.069874
-0.192838
-0.171104
-0.161547
0.938427
-0.440129
-0.068132
0.855544
-0.771849
0.050631
0.922363
-0.566221
0.141303
0.855790
-0.035015
0.240612
1.227342
0.389620
0.373977
1.434131
-0.159558
0.516356
1.291718
-0.468118
0.651685
1.147972
-1.377466
0.770985
0.834776
-1.120187
0.843544
0.498174
-0.994912
0.886951
0.415896
-1.389169
0.927833
0.303637
-1.078512
0.973101
0.368150
-1.534649
0.991452
0.053187
-1.073628
0.996283
-0.014892
-0.618800
1.003171
0.131970
-0.517347
1.001645
-0.328409
-0.389646
0.962789
-0.611723
-0.575904
0.904468
-0.315320
-0.375179
0.860958
-0.555293
-0.214616
0.810818
-0.595895
-0.339695
0.761395
-0.458288
-0.328302
0.720030
-0.398033
-0.524398
0.662749
-0.763154
-0.141840
0.583145
-0.719383
0.029156
0.511941
-0.772203
-0.005110
0.428741
-0.716706
0.679846
0.346030
-0.852229
0.837823
0.275591
-0.636170
1.057445
0.197136
-0.848281
0.886627
0.125399
-0.724981
1.054587
0.052932
-0.442780
1.356785
-0.005486
-0.564214
1.409593
-0.078080
-0.576421
1.910886
-0.148039
-0.712623
1.367538
-0.241235
-0.876350
1.011296
-0.330116
-0.952465
0.382829
-0.435356
-0.995782
0.882768
-0.543936
-1.051846
1.295645
-0.637379
-0.650704
1.184121
-0.725197
-0.721773
0.799563
-0.822269
-0.971343
0.677835
-0.920440
-0.981610
0.227595
-1.011198
-0.750669
1.020332
-1.089267
-0.562222
1.255888
-1.153677
-0.429562
0.998392
-1.214038
-0.586881
1.152547
-1.268713
-0.187485
0.893045
-1.273989
0.077866
0.195815
-1.263600
0.079550
0.062510
-0.112023
1.308047
-0.426798
-0.008904
0.957557
0.371410
0.087172
1.061494
0.448741
0.205218
1.228029
0.845769
0.310968
1.003314
-0.042158
0.408190
0.825119
-0.721462
0.494839
0.799995
-1.560663
0.592474
0.848405
-1.236638
0.669327
0.548150
-1.541679
0.755784
0.622976
-1.998464
0.839357
0.724046
-1.612786
0.903626
0.148212
-2.029465
0.936430
0.206380
-2.351032
0.951913
-0.120211
-2.411683
0.943799
-0.286305
-2.069048
0.943350
-0.125103
-1.989764
0.935688
-0.340308
-1.686913
0.917541
-0.183013
-1.996937
0.913192
-0.209111
-1.527872
0.889134
-0.372435
-0.700898
0.846639
-0.341035
-1.132492
0.811258
-0.601818
-0.876101
0.747884
-0.572033
-0.545802
0.701986
-0.383175
-0.954632
0.642519
-0.706842
-1.444914
0.601574
-0.355542
-2.086775
0.547038
-0.861720
-0.833802
0.461625
-0.909790
-0.905440
0.379016
-1.011471
-0.526590
0.281996
-1.061491
-0.603736
0.180391
-1.108180
-0.714516
0.092715
-0.922792
-0.216226
-0.006317
-0.964326
0.865516
-0.114375
-0.967350
0.337782
-0.226451
-1.296350
0.209861
-0.344260
-1.043775
0.637045
-0.465088
-1.206068
1.087675
-0.591277
-1.285781
1.718304
-0.734546
-1.341614
1.888897
-0.864230
-1.136883
2.441113
-0.959991
-0.573170
2.134697
-1.017797
-0.267119
1.919524
-1.056333
-0.278703
1.915887
-1.086563
-0.102429
1.521706
-1.103736
0.096632
0.684939
-1.098113
0.155430
0.522791
-1.074840
0.197858
0.158027
-1.050855
0.227507
0.056093
-1.018217
0.432103
0.533955
-0.975466
0.440142
0.775413
-0.193345
2.121932
-1.650055
0.003597
1.613566
-2.147428
0.164099
1.363560
-2.169426
0.301083
1.133721
-1.815818
0.425018
1.095723
-2.746290
0.552434
1.044407
-2.464889
0.642776
0.674982
-2.652497
0.731333
0.985391
-1.842682
0.808135
0.483280
-1.916406
0.863539
0.504105
-2.036916
0.914917
0.121984
-1.587063
0.952153
0.538441
-1.617335
1.004513
0.314089
-1.914087
1.047095
0.207909
-1.911342
1.073667
0.049455
-2.035702
1.083265
-0.226748
-1.683022
1.074973
-0.342282
-1.315525
1.060202
-0.383128
-1.243920
1.019129
-0.803506
-1.274535
0.950895
-0.767638
-1.760048
0.883646
-0.801524
-1.565768
0.804165
-0.875676
-1.724915
0.736877
-0.690893
-1.264308
0.682518
-0.592903
-1.275540
0.607906
-0.768627
-0.548397
0.541013
-0.760598
-0.616331
0.454777
-0.673226
-0.461877
0.364372
-0.946026
-0.284708
0.303185
-0.688031
0.239049
0.231538
-0.678403
0.468909
0.149291
-0.868695
0.135434
0.054788
-1.013558
0.245963
-0.058681
-1.114723
-0.049404
-0.171039
-1.027634
0.171013
-0.282128
-1.169969
0.475538
-0.416768
-1.323111
0.497997
-0.527321
-0.582174
0.228166
-0.595186
-0.843318
-0.501066
-0.683850
-0.974818
-0.459263
-0.757729
-0.591735
-1.197228
-0.823251
-0.466302
-1.643036
-0.862828
-0.332019
-1.138624
-0.888516
-0.294152
-0.848582
-0.921035
-0.525443
-0.370385
-0.967600
-0.603343
-0.153963
-1.008246
-0.113451
0.080986
-1.015131
0.094853
0.129339
-0.999808
0.244904
0.017646
-0.943140
0.488027
0.391067
-0.919359
0.212612
0.609404
-0.066697
1.008497
-1.079785
0.057230
1.252242
-1.131593
0.193212
1.024827
-1.017813
0.310317
0.997804
-1.203818
0.386262
0.505810
-1.138519
0.436357
0.211555
-0.974906
0.456387
0.144281
-1.334750
0.506107
0.570540
-1.749489
0.585585
0.661992
-1.109076
0.671350
0.913245
-0.751337
0.760074
0.673525
-1.164506
0.829672
0.451700
-1.386651
0.895471
0.429871
-1.569316
0.939692
0.044262
-1.212443
0.955188
0.121808
-1.211068
0.978310
0.389781
-1.175529
1.004373
-0.005093
0.024959
0.982509
-0.364583
-0.250746
0.931195
-0.688863
-0.568488
0.863965
-0.863944
0.131306
0.795424
-0.494671
-0.128795
0.769736
-0.048932
-0.594121
0.741074
-0.405994
-0.606144
0.678584
-0.798507
-0.881084
0.620247
-0.332546
0.070509
0.587079
-0.549925
0.225064
0.512585
-0.933475
0.417531
0.407929
-1.079510
0.668999
0.285243
-1.240738
0.142264
0.150622
-1.399142
0.123778
0.010938
-1.377276
0.197994
-0.123378
-1.229400
0.765397
-0.252571
-1.236778
0.430148
-0.372538
-1.051239
0.673149
-0.460277
-0.936541
0.255721
-0.530351
-0.587343
0.403585
-0.585847
-0.336098
1.199900
-0.625686
-0.421265
1.153222
-0.655350
-0.291254
1.116192
-0.721159
-0.887276
1.233987
-0.804492
-0.625929
1.142358
-0.881215
-0.766109
1.621268
-0.951329
-0.516301
1.096057
-1.003558
-0.414929
1.353489
-1.057377
-0.460288
1.725180
-1.099086
-0.216050
1.554921
-1.115947
-0.070934
1.811954
-1.110975
0.352125
1.467095
-1.092291
0.315983
1.849817
-1.063918
0.424152
1.967353
-0.351651
1.521100
1.282411
-0.204847
1.597555
1.805156
-0.049061
1.611791
1.385473
0.106073
1.560679
0.991420
0.251552
1.507394
0.494824
0.395425
1.424182
0.295761
0.530890
1.289808
0.461196
0.659445
1.283756
0.559445
0.794629
1.165229
0.699008
0.888382
0.799670
0.372982
0.970709
0.689214
-0.730061
1.031662
0.571057
-0.386733
1.091720
0.413039
-0.434136
1.104846
-0.247463
-0.538647
1.070488
-0.374942
0.035916
1.049849
-0.093440
0.732712
1.026103
-0.153542
0.603865
0.998713
-0.252695
-0.003102
0.962828
-0.355705
-0.711744
0.915714
-0.615577
-0.154554
0.844679
-0.826883
-0.412102
0.769391
-0.652845
-0.345353
0.702731
-0.669046
0.065421
0.643990
-0.604209
0.431243
0.578703
-0.695307
0.883016
0.519873
-0.491647
0.968541
0.465754
-0.590044
1.081979
0.396164
-0.623955
0.211911
0.326538
-0.715209
0.092698
0.250044
-0.464318
1.208240
0.171748
-0.902661
0.829727
0.065827
-0.908536
1.162129
-0.028733
-0.952099
1.387658
-0.134654
-1.205544
0.951880
-0.247571
-0.912660
0.711740
-0.360112
-1.283985
0.699386
-0.471289
-0.822676
0.679821
-0.563622
-0.946201
0.908858
-0.683149
-1.181422
0.924835
-0.802622
-0.892784
1.003910
-0.859485
-0.400746
0.521471
-0.908892
-0.406693
0.469172
-0.955742
-0.493286
0.715255
-1.006994
-0.472389
0.149951
-1.050454
-0.289955
0.149088
-1.058126
0.270259
0.510426
-1.022614
0.566106
1.111785
-0.949501
0.911597
0.243522
-0.858086
0.954343
0.277070
-0.758533
1.306793
0.332794
-0.085910
1.200900
-0.136939
0.018226
0.872750
-0.025941
0.122542
1.394468
0.025400
0.271189
1.371639
0.189200
0.410778
1.156493
0.333760
0.542244
1.358955
0.040029
0.673384
1.208078
-0.770323
0.782243
0.785213
-1.163270
0.850368
0.343455
-0.968783
0.871793
0.056312
-1.574905
0.872254
-0.205206
-1.705025
0.870869
0.111745
-1.580683
0.902743
0.187625
-0.985627
0.909593
0.059061
-1.362594
0.911964
-0.110515
-1.312293
0.911006
-0.001854
-0.359179
0.926360
0.304935
-0.802808
0.960159
0.555656
-1.246999
0.994872
0.066716
-2.157834
1.006134
-0.187755
-1.405424
0.988704
-0.532540
-1.083135
0.936817
-0.652051
-0.845903
0.870648
-0.907957
-1.233929
0.767771
-1.328441
-0.799269
0.636019
-1.160587
-1.331493
0.500055
-1.409561
-0.899798
0.351554
-1.607521
-0.700266
0.190284
-1.509962
-0.797402
0.046335
-1.338145
-0.200506
-0.070184
-1.149612
-0.439428
-0.186502
-1.174714
-0.148183
-0.306220
-1.049144
0.020580
-0.397491
-0.648875
-0.740553
-0.465319
-0.647746
-0.724146
-0.512104
-0.120944
0.041993
-0.539391
-0.379371
-0.050540
-0.595087
-0.546481
0.415865
-0.649550
-0.242465
0.842580
-0.680310
-0.290371
0.813356
-0.722541
-0.172468
0.457370
-0.764324
-0.473905
-0.254119
-0.808387
-0.449298
0.654322
-0.862851
-0.616252
0.817016
-0.926689
-0.580835
0.382828
-0.982153
-0.389914
-0.162316
-1.026350
-0.477328
0.179988
-1.062980
-0.241055
-0.204434
-1.097889
-0.239356
0.139630
-1.094097
0.300657
0.470904
-1.069435
0.423379
1.217806
0.007155
1.419404
-1.044255
0.141084
1.182795
-1.060346
0.259216
0.934412
-0.824498
0.352064
0.934549
-1.335418
0.445421
0.825005
-1.571990
0.525187
0.685915
-1.220911
0.598272
0.546596
-0.928014
0.658152
0.405454
-0.656329
0.698304
0.446739
-0.231937
0.760284
0.728281
0.279670
0.820959
0.493655
0.157730
0.844108
0.155128
0.124720
0.862160
0.257386
-0.158807
0.896071
0.353598
0.003756
0.923042
0.251014
0.272600
0.951052
0.118933
0.669815
0.967385
0.228189
1.456737
0.955439
-0.180277
0.725056
0.932293
-0.243682
0.463706
0.893534
-0.455643
-0.069655
0.839030
-0.489369
0.765244
0.780527
-0.536214
0.824036
0.720344
-0.733715
0.932908
0.631965
-0.876387
0.653410
0.519822
-1.046324
1.414139
0.413626
-0.812829
0.889841
0.307554
-0.875572
0.950120
0.220410
-0.743568
1.556685
0.142817
-0.666689
1.406367
0.067086
-0.802046
1.122147
-0.017467
-0.792479
1.156917
-0.094356
-0.652430
1.310329
-0.175802
-0.652577
1.429132
-0.248895
-0.642671
0.753456
-0.337662
-0.968392
0.566676
-0.417273
-0.911760
1.080584
-0.504273
-0.746783
1.428494
-0.576679
-0.447292
1.289460
-0.625348
-0.313519
0.692716
-0.675341
-0.311532
0.765270
-0.734442
-0.792831
0.889682
-0.811591
-0.736065
0.846027
-0.881279
-0.487165
1.395871
-0.925605
-0.466466
1.147733
-0.987150
-0.423671
1.659243
-1.032018
-0.330192
1.182898
-1.054151
-0.292100
0.599608
-1.110988
-0.724855
-0.287557
-1.178771
-0.832985
0.124997
-1.272145
-0.967572
1.315125
0.113172
0.351473
-0.648806
0.143776
0.178460
0.006136
0.174502
0.704281
0.676612
0.238137
0.759806
0.315399
0.311329
0.615621
0.114597
0.381306
0.896835
0.338371
0.467586
0.883045
0.478041
0.561004
0.927504
0.162485
0.645767
0.631339
-0.101025
0.702052
0.514716
0.148531
0.739974
0.352866
0.173239
0.774702
0.546011
-0.285196
0.828760
0.555054
-0.351185
0.873356
0.494809
-0.457565
0.910179
0.251873
-0.846465
0.937915
-0.069191
-1.442850
0.947698
0.157020
-0.693904
0.944204
-0.342146
-1.239110
0.909250
-0.368468
-1.317806
0.881750
-0.424656
-0.956763
0.838932
-0.546802
-0.677463
0.775052
-0.922947
-0.622458
0.689546
-1.059927
-0.265078
0.588851
-0.919104
0.916819
0.515194
-0.361144
0.277713
0.469716
-0.466591
0.744816
0.398201
-0.827324
0.497457
0.288823
-1.090220
0.139382
0.161844
-1.320460
0.494433
0.047308
-0.898708
0.454051
-0.059252
-0.945992
0.367053
-0.152688
-0.915245
0.296447
-0.231521
-0.730186
0.415214
-0.297840
-0.691099
0.822902
-0.378994
-0.693467
0.998117
-0.441381
-0.639909
1.118894
-0.519009
-0.585370
1.098451
-0.584776
-0.497145
0.471664
-0.637054
-0.328954
-0.329891
-0.671894
-0.320827
-0.112981
-0.726064
-0.673034
-0.533938
-0.776083
-0.495167
-0.646160
-0.821541
-0.548834
-0.888272
-0.846256
-0.292286
-1.035704
-0.865424
-0.235488
-0.805506
-0.876745
-0.206383
-0.322475
-0.900498
-0.398954
-0.843396
-0.943303
-0.535419
-0.564044
-1.014594
-0.722024
-0.638742
-1.086930
-0.685901
-0.859593
-0.231977
2.217854
-2.884757
-0.026775
1.552977
-2.980860
0.146147
1.448326
-2.563201
0.297593
1.198091
-1.983091
0.425451
1.147512
-2.300663
0.540648
0.748995
-1.850659
0.625196
0.864235
-1.570141
0.700141
0.577940
-2.288299
0.776693
0.692018
-2.505548
0.854492
0.718344
-2.471934
0.925242
0.457333
-1.822840
0.956001
-0.102169
-2.100771
0.942338
-0.244681
-1.840141
0.938805
-0.078368
-1.336050
0.954781
0.229604
-1.399021
0.980233
0.190305
-1.643975
1.002153
-0.030590
-1.073414
0.992717
-0.220011
-1.038052
0.974493
-0.423674
-1.306951
0.949253
-0.193072
-1.035410
0.939298
-0.213014
-1.622069
0.885507
-0.836614
-1.625057
0.795438
-1.139986
-1.525765
0.697878
-1.048448
-1.148642
0.600823
-1.084090
-1.228043
0.499380
-0.880375
-2.126487
0.412771
-0.926750
-1.425140
0.330679
-0.999715
-1.976969
0.231532
-0.981033
-1.363896
0.144429
-0.740495
-1.292862
0.076225
-0.704140
-2.182512
0.027488
-0.634614
-1.214187
-0.047746
-0.957669
-1.559415
-0.143004
-1.181167
-1.258911
-0.268695
-1.468334
-0.461384
-0.419164
-1.427265
-0.141467
-0.571415
-1.659076
0.786475
-0.718193
-1.201141
-0.037295
-0.837341
-1.040695
0.311242
-0.932480
-0.846691
-0.001912
-0.996391
-0.412090
0.408596
-1.041690
-0.244848
0.468358
-1.060990
-0.218241
0.764235
-1.106659
-0.431172
1.119902
-1.161715
-0.422586
1.193861
-1.201494
-0.319282
0.647858
-1.214927
0.018432
0.787805
-1.206403
0.151742
0.554294
-1.200505
0.199233
1.477731
-1.169555
0.244071
1.000746
-0.050248
1.013347
0.371023
0.063308
1.122892
0.622370
0.170710
1.024121
0.411833
0.252872
0.730851
-0.548931
0.324447
0.720303
-1.303043
0.401276
0.733208
-1.182466
0.490242
1.021718
-1.314186
0.616539
1.197411
-0.920288
0.749460
1.488045
-1.491957
0.886769
0.985021
-1.146769
0.968357
0.760827
-1.709223
1.047524
0.554845
-1.999068
1.093055
0.392615
-0.874837
1.133012
0.339305
-0.021084
1.159927
0.268778
0.082219
1.160460
-0.078748
-0.321164
1.129353
-0.501879
0.062462
1.084615
-0.467422
0.391259
1.029761
-0.546863
0.851899
0.973195
-0.506048
0.076833
0.915468
-0.665522
-0.260423
0.848536
-0.792306
0.544040
0.746936
-1.095826
1.020513
0.643691
-0.940262
1.110364
0.519033
-1.299607
-0.015510
0.402581
-0.957177
0.334718
0.329125
-0.567926
0.843723
0.257523
-0.479633
0.550589
0.214501
-0.324883
-0.063122
0.190558
-0.233021
0.170778
0.132392
-0.772888
0.243651
0.031447
-1.053659
0.431193
-0.078417
-1.189122
0.220360
-0.204221
-1.239895
0.777335
-0.333683
-0.993342
0.507701
-0.419854
-0.791302
1.282895
-0.512170
-1.006481
0.239617
-0.624650
-1.208299
0.243761
-0.746722
-0.917380
0.784089
-0.842912
-0.896072
0.834803
-0.937727
-0.913476
1.076862
-1.025380
-0.760850
0.386417
-1.085816
-0.292081
1.194782
-1.098026
0.212728
1.017960
-1.086058
0.232154
0.564708
-1.064669
0.440355
0.293702
-1.020585
0.391641
0.121333
-0.999207
0.282774
0.400280
-0.939853
0.736712
0.844109
-0.868903
0.665672
0.089556
-0.169641
2.279534
-1.160813
0.054100
1.791916
-0.898098
0.226018
1.452555
-0.955828
0.345550
1.118462
-0.950646
0.471573
1.237598
0.277659
0.579845
0.838167
-0.270649
0.654146
0.645314
-0.816780
0.722562
0.687202
-0.746026
0.801280
0.885814
-0.912058
0.899832
0.798817
-1.156230
0.961061
0.218159
-1.845588
0.997273
0.173872
-1.214261
1.007039
-0.419333
-0.847576
0.989767
-0.139435
-1.097551
0.976622
-0.077705
-1.298538
0.970077
0.003848
-0.560262
0.974848
0.094439
-0.775159
0.990941
0.060432
-1.144814
0.970133
-0.369270
-0.597312
0.939556
-0.515838
-0.069115
0.871717
-0.742352
0.562801
0.790035
-0.787232
0.413049
0.716409
-0.563244
0.450478
0.643392
-0.578131
-0.147120
0.570276
-0.587615
-0.055412
0.512175
-0.372976
0.035100
0.459260
-0.792893
-0.448100
0.368224
-0.887136
-0.446975
0.269960
-0.958190
-0.179376
0.181985
-0.891492
0.405647
0.088021
-0.836804
-0.171382
-0.002023
-1.026879
-0.395375
-0.138516
-1.413391
0.005615
-0.259159
-1.126392
0.471270
-0.377300
-1.024060
0.973424
-0.490178
-1.100461
0.292751
-0.595211
-1.086887
0.212304
-0.687712
-0.668157
0.384792
-0.743218
-0.284787
0.495321
-0.774029
-0.195420
0.070804
-0.799983
-0.404839
-0.203613
-0.849707
-0.443288
0.011141
-0.900672
-0.679295
0.136146
-0.972295
-0.529784
0.069022
-1.014040
-0.394655
0.625283
-1.031149
0.104299
0.251465
-1.013429
0.165151
-0.377419
-0.996657
0.201280
0.151104
-0.983527
-0.157485
-0.646828
-0.993250
-0.164118
-1.194601
-0.239688
2.005357
-1.509087
-0.030759
1.879591
-1.554592
0.142247
1.399641
-1.273144
0.291315
1.236986
-1.205510
0.421250
1.259127
-0.857122
0.531821
0.807822
-0.846370
0.634585
1.227531
-0.928656
0.761542
1.045164
-0.867278
0.859576
0.636362
-1.429231
0.933685
0.422773
-0.755780
0.978764
0.639688
-0.405265
1.036223
0.397986
-0.952663
1.064802
0.211259
-0.823837
1.084544
-0.086675
-0.769218
1.087789
-0.010471
-0.991415
1.103868
0.226698
-0.857090
1.097777
-0.249685
-1.057125
1.062839
-0.675426
-1.054346
1.004967
-0.577625
-0.244309
0.971884
-0.186527
0.258059
0.941800
-0.376979
-0.257064
0.905856
-0.414171
0.171871
0.848011
-0.746816
0.177158
0.749196
-1.147549
-0.128369
0.620654
-1.471410
-0.775731
0.512138
-0.861383
-0.753772
0.411953
-1.046741
-0.634609
0.322069
-0.628115
0.010857
0.247146
-1.086019
-0.016722
0.130449
-1.355448
-0.336636
-0.007184
-1.316050
-0.525128
-0.123303
-0.934430
0.133770
-0.201093
-0.733228
-0.096172
-0.270173
-0.581269
0.095607
-0.328506
-0.542180
0.140696
-0.386066
-0.557616
0.366699
-0.464834
-0.852485
0.549358
-0.544120
-0.724948
0.841777
-0.594079
-0.449408
0.238635
-0.649635
-0.460184
-0.229468
-0.707523
-0.460904
0.071713
-0.743305
-0.343926
0.043609
-0.792965
-0.302462
0.343367
-0.831195
-0.456471
0.273328
-0.878383
-0.528417
0.390939
-0.922196
-0.272282
0.287103
-0.941994
-0.254204
0.891628
-0.968328
-0.163410
0.033506
-0.986028
-0.300736
-0.340864
-1.044345
-0.653710
-1.011123
0.031370
1.377772
-1.227244
0.152249
0.891680
-1.342746
0.241289
0.691096
-1.349104
0.315462
0.746712
-1.388354
0.407543
0.932514
-1.944337
0.498339
0.792461
-1.420153
0.594523
0.747859
-0.953907
0.667602
0.635532
-0.263661
0.753644
0.800660
-0.020434
0.848994
0.886563
-0.328215
0.935664
0.696917
-0.277692
0.984826
0.366556
-0.069413
1.039490
0.727317
-0.307220
1.092579
0.371678
-0.653392
1.115497
0.308444
-0.050471
1.121844
-0.073645
0.251503
1.127965
0.065929
-0.777702
1.136181
-0.053660
0.182546
1.102736
-0.435969
0.182485
1.045686
-0.625965
0.417356
0.976807
-0.743385
-0.217376
0.890252
-0.889215
-0.028350
0.794271
-1.168881
0.244336
0.670645
-1.120020
0.084436
0.546117
-1.176550
0.298817
0.442243
-0.855407
0.328613
0.333948
-1.035527
-0.131512
0.231935
-1.035681
-0.230821
0.160262
-0.565591
0.484858
0.098572
-0.607954
0.157003
0.021439
-0.994988
0.325853
-0.075237
-0.763842
-0.252595
-0.151146
-0.623458
0.205455
-0.222925
-0.666651
0.715277
-0.276860
-0.584508
-0.281039
-0.363106
-1.088676
0.294975
-0.475895
-0.938782
0.216602
-0.549692
-0.574420
0.115568
-0.627713
-0.880324
-0.262897
-0.721676
-0.948764
-0.469482
-0.812584
-0.823525
-1.261735
-0.889741
-0.807918
-1.225239
-0.961313
-0.673219
-0.765099
-0.996686
-0.413289
-1.187157
-1.035932
-0.529029
-0.972412
-1.089129
-0.547223
-0.289075
-1.145591
-0.480785
-0.502506
-1.183060
-0.553134
0.268544
-1.226865
-0.538593
0.026657
-1.278711
-0.456497
0.502873
0.019628
0.944173
0.127280
0.107417
0.981639
0.175045
0.204120
0.984457
-0.402823
0.312023
1.246436
-0.173454
0.445705
1.124487
-0.242983
0.545442
0.931157
-0.040032
0.644775
1.025626
-0.407229
0.742540
0.807216
-0.582699
0.823194
0.641660
-0.292880
0.886522
0.628006
-0.612577
0.940228
0.361792
-1.103403
0.966024
-0.055472
-0.455247
0.977584
0.082815
-0.536988
0.998041
0.171893
0.800869
1.013099
0.123489
0.791021
1.029442
0.143291
0.703718
1.046198
0.160007
-0.016749
1.035603
-0.287145
-0.339164
0.998058
-0.389070
-0.596255
0.941572
-0.666979
-1.291259
0.872981
-0.745771
-1.935303
0.802565
-0.736812
-1.439908
0.718963
-0.774899
-1.165722
0.657713
-0.784269
-1.145207
0.580292
-0.657440
-0.496321
0.498228
-0.837411
-0.889292
0.425454
-0.644557
-0.200743
0.339068
-1.104299
0.525632
0.238924
-0.776101
0.436097
0.126218
-1.199043
0.586731
0.001061
-1.172630
0.653610
-0.103949
-0.818873
0.785354
-0.200894
-0.713390
-0.034954
-0.261755
-0.538524
-0.387150
-0.309328
-0.514169
-0.517704
-0.377088
-0.774018
-0.619249
-0.470848
-0.937125
-0.061489
-0.563226
-0.840287
0.290257
-0.639874
-0.523518
0.836889
-0.704120
-0.732315
0.690007
-0.766647
-0.547540
0.638288
-0.813187
-0.375408
0.947383
-0.852314
-0.527061
0.180741
-0.916910
-0.517136
-0.126842
-0.958049
-0.280462
-0.331041
-1.012095
-0.657995
-0.573775
-1.044429
-0.384931
-0.337492
-1.068296
-0.114319
-0.017593
-1.078024
-0.206771
0.137722
-1.092573
0.024121
-1.111074
-0.069998
1.007420
-0.078913
0.034928
0.825151
-0.132732
0.120371
0.963428
0.475553
0.225861
1.047631
0.683326
0.323630
0.997467
0.776540
0.432360
1.219884
0.304997
0.544546
0.981977
0.498508
0.631288
0.925436
0.446899
0.717897
0.858807
0.040671
0.818202
0.940193
-0.341549
0.920466
0.894944
-0.691610
0.991363
0.520301
-0.615642
1.038124
0.332852
-0.667454
1.071527
0.336433
-0.706785
1.094896
0.042248
-0.568791
1.103623
0.061962
-0.748439
1.111954
-0.098472
-0.765233
1.106145
-0.450427
-0.921957
1.084293
-0.298878
-0.793666
1.053869
-0.548066
-1.143866
0.991528
-0.401932
-0.847670
0.936632
-0.617959
-0.599186
0.879578
-0.558995
0.290107
0.831348
-0.490820
0.027347
0.808135
-0.252198
-0.506129
0.783406
-0.454090
-0.644813
0.722710
-0.696828
-0.984139
0.634288
-1.001285
-1.002985
0.530201
-1.095699
-0.524255
0.388755
-1.460356
-0.520473
0.240319
-1.517227
-0.150451
0.082615
-1.540619
0.431563
-0.075464
-1.474754
0.995461
-0.217259
-1.221362
0.804154
-0.335455
-0.932494
0.920860
-0.446742
-0.837398
1.107964
-0.529293
-0.786773
1.470805
-0.620300
-0.860582
1.538064
-0.729710
-1.032087
1.408608
-0.815459
-0.541596
1.563150
-0.878110
-0.738028
1.283000
-0.949136
-0.461831
0.580697
-0.991730
-0.344074
0.275826
-1.010803
-0.196916
-0.160401
-1.039104
-0.299371
-0.844020
-1.089958
-0.780696
-0.943656
-1.150632
-0.557386
-0.786780
-1.192260
-0.375571
-0.940503
-1.254540
-0.792246
-1.217461
-1.335551
-0.803355
-1.093724
0.044130
0.894167
-1.651216
0.125270
0.620561
-1.448516
0.201873
0.899506
-1.935031
0.291240
0.586003
-1.908571
0.361696
0.536499
-1.668580
0.454889
1.058041
-1.718913
0.553419
0.896101
-1.856428
0.642250
0.650012
-1.538605
0.706190
0.575621
-0.777409
0.782729
0.591320
-0.761938
0.840702
0.295011
-1.313818
0.866425
0.082415
-1.308702
0.891514
0.199617
-0.790392
0.912066
0.180326
-0.528351
0.922130
-0.248810
-0.883399
0.936611
0.299822
-0.664134
0.936523
-0.398538
-1.115226
0.899940
-0.274389
-1.203864
0.861997
-0.614125
-1.296472
0.812188
-0.308760
-0.868551
0.782819
-0.591312
0.024772
0.723114
-0.579551
0.100960
0.667166
-0.738041
0.457177
0.592023
-0.687865
-0.323134
0.543150
-0.556952
-0.603913
0.467669
-1.041186
-0.798154
0.371065
-0.968213
-0.551106
0.258601
-1.395393
-0.259554
0.133117
-1.214561
0.223625
0.011802
-0.983163
0.052131
-0.081740
-0.821567
0.347920
-0.170610
-0.680887
0.742486
-0.251039
-0.566808
1.937963
-0.317295
-0.531937
1.704057
-0.368174
-0.362514
1.320850
-0.414833
-0.530062
0.853200
-0.471568
-0.507084
1.032194
-0.513078
-0.115310
1.543787
-0.532309
-0.200231
1.571088
-0.582606
-0.558245
0.974686
-0.639246
-0.415615
1.187375
-0.674134
-0.345470
0.858053
-0.705074
-0.209388
0.768734
-0.746733
-0.536124
0.689662
-0.814505
-0.518489
0.297930
-0.856647
-0.360290
0.053077
-0.890968
-0.488127
-0.412866
-0.946642
-0.740462
0.156321
-1.015890
-0.642966
0.087624
-1.082206
-0.778838
0.613814
0.113156
0.188581
-0.479851
0.162284
0.620812
-0.250415
0.250903
1.022863
0.781951
0.356104
1.104442
0.282276
0.463661
1.075936
-0.091251
0.569684
0.824800
-0.424690
0.658873
0.817301
-0.578629
0.736370
0.520120
-0.613606
0.796687
0.644570
-0.241493
0.854711
0.549323
-0.546843
0.899476
0.298483
-0.394263
0.934430
0.201823
-0.439122
0.950392
0.180386
-0.169288
0.976614
0.226502
-0.094579
0.980214
0.024804
-0.128137
0.968093
-0.188780
0.026873
0.947838
-0.133503
0.176082
0.934507
-0.132619
0.226863
0.912665
-0.228759
0.458549
0.878577
-0.409178
0.660643
0.840485
-0.266069
0.754613
0.784479
-0.702317
0.426220
0.722044
-0.476742
0.553203
0.669252
-0.683075
0.085288
0.612882
-0.585420
0.339490
0.548794
-0.485051
0.801097
0.476386
-0.756535
0.401483
0.374149
-0.957253
-0.286252
0.279103
-0.744528
-0.282150
0.208574
-0.795877
-0.160174
0.120722
-0.930605
-0.577637
0.018497
-1.081229
-0.539208
-0.090663
-1.150855
0.216607
-0.219329
-1.387926
-0.073825
-0.339063
-0.910732
0.139153
-0.422527
-0.582381
-0.431281
-0.493770
-0.718356
-0.657571
-0.560642
-0.825872
-0.499432
-0.632531
-0.761143
-0.663405
-0.685603
-0.509548
-1.178154
-0.753502
-0.597140
-1.080365
-0.826620
-0.744802
-1.105469
-0.884417
-0.469698
-0.631013
-0.917225
-0.325589
-0.628988
-0.953644
-0.394523
-0.033945
-0.995254
-0.435488
-0.484715
-1.034312
-0.387233
-0.420008
-1.074035
-0.311389
-0.110653
-1.096549
-0.184103
-0.414888
-1.113192
-0.119914
-0.006674
0.149234
0.422592
1.212333
0.192920
0.607116
1.911341
0.252362
0.870501
1.515786
0.356396
1.063768
1.112044
0.450438
0.950802
0.932846
0.545790
0.922349
0.812941
0.629741
0.795066
0.643712
0.710084
0.890245
0.033985
0.792354
0.742664
0.200296
0.859787
0.577888
-0.685474
0.914163
0.387777
-1.416677
0.950293
0.223420
-1.449699
0.980743
0.175231
-1.792227
1.015525
0.118001
-1.728722
1.019485
-0.013289
-0.960980
1.024872
0.084172
-1.423510
1.012344
-0.354129
-0.474899
0.983559
-0.372888
-0.147102
0.951436
-0.478800
0.148909
0.893937
-0.684844
-0.268045
0.816794
-0.589958
-0.333054
0.766507
-0.569693
-0.614806
0.695350
-0.787252
-0.786832
0.604101
-1.032586
-0.931244
0.517498
-0.648843
-0.845242
0.452761
-0.866686
-0.446252
0.376515
-0.698980
-0.800544
0.312926
-0.648299
-1.052646
0.260543
-0.375921
-0.809038
0.210391
-0.590205
-0.512843
0.136156
-0.909921
-0.737755
0.026794
-1.491054
-0.932546
-0.111300
-1.202130
-1.040263
-0.223193
-1.037519
-0.557810
-0.309961
-0.849926
-0.026928
-0.413130
-1.044711
-0.584891
-0.506759
-1.085661
-0.904425
-0.593346
-0.721518
-0.092008
-0.649794
-0.455646
-0.279670
-0.682841
-0.360931
-0.771400
-0.740439
-0.646340
0.588632
-0.811899
-0.688974
1.101195
-0.895963
-0.928135
0.720931
-0.990731
-0.715832
1.447364
-1.060436
-0.653956
1.153716
-1.099890
-0.092758
1.327132
-1.117108
-0.127094
2.267512
-1.116151
0.228037
2.028035
-1.105935
0.387569
2.772576
-1.081148
0.339092
3.055144
-0.035779
1.228178
0.514998
0.106167
1.231917
0.460217
0.211417
1.002388
-0.272271
0.311415
1.153790
-0.312940
0.410256
0.959626
-0.375536
0.509723
1.081849
-0.678131
0.621274
1.070009
0.040649
0.736572
0.940502
-0.410475
0.823943
0.819714
-0.252481
0.882403
0.253424
-0.562067
0.894356
-0.149743
-0.232300
0.892516
0.036456
-0.205105
0.899836
-0.062791
-0.410866
0.898992
-0.129971
-0.509453
0.885834
-0.277536
-0.514456
0.856104
-0.184472
-0.584088
0.866309
0.145623
-0.736086
0.866848
-0.077362
-0.182398
0.874635
-0.117968
0.160553
0.882314
0.075358
-0.315508
0.858356
-0.403807
-0.456233
0.802277
-0.747375
-0.595681
0.709723
-0.929334
-0.799545
0.622899
-0.909929
0.003685
0.535507
-0.897038
0.489465
0.454041
-0.587324
0.491681
0.358294
-0.797139
0.316114
0.274302
-0.703195
0.032687
0.200811
-0.850431
-0.086900
0.128326
-0.778143
-0.132597
0.061545
-0.486326
0.522405
0.004871
-0.567889
0.613017
-0.039918
-0.362806
1.149037
-0.112581
-0.894685
1.431145
-0.221724
-1.185659
0.767925
-0.345105
-0.965622
1.060729
-0.451144
-1.002717
0.960048
-0.542052
-0.752841
0.463361
-0.614546
-0.725045
0.510533
-0.693832
-0.646323
0.151116
-0.756607
-0.641707
0.220461
-0.820645
-0.631213
-0.492889
-0.870226
-0.422154
-0.813016
-0.928158
-0.729028
-0.657193
-0.990015
-0.550963
-0.367798
-1.036388
-0.433821
-0.110379
-1.082394
-0.342206
0.382860
-1.124542
-0.609707
0.487032
-1.176287
-0.329674
0.856364
-1.233215
-0.461251
1.412977
-0.039384
0.100878
-0.013508
0.005096
0.681770
-0.761791
0.091293
0.930640
-0.449146
0.195513
1.134139
-0.504862
0.279476
0.663140
-1.089877
0.363619
0.769666
-1.071192
0.452355
0.903158
-1.686462
0.536279
0.457221
-0.774815
0.598347
0.764977
-0.133801
0.687080
1.136782
0.705096
0.771923
0.759194
1.441958
0.837538
0.676089
0.454387
0.901459
0.794500
0.127805
0.958139
0.484511
0.810925
0.980595
0.215404
-0.176434
1.012075
0.269606
-0.619115
1.035955
0.109405
-0.776413
1.035294
-0.044912
-0.784789
1.008739
-0.383304
0.073519
0.952746
-0.745728
-0.367973
0.886857
-0.443513
-0.888614
0.831779
-0.739040
-1.329306
0.745241
-1.222386
-0.501585
0.630642
-1.157993
-0.334972
0.519473
-1.064512
-0.030857
0.426378
-0.947089
0.607580
0.332511
-0.824432
1.307329
0.267638
-0.423226
1.270907
0.213178
-0.449506
1.436500
0.161135
-0.486732
1.985380
0.100064
-0.619024
1.511726
0.013909
-0.966988
1.367797
-0.098089
-1.086521
1.024545
-0.192469
-0.705272
0.942326
-0.262493
-0.756159
1.153809
-0.334444
-0.544083
0.764297
-0.392660
-0.577541
0.503097
-0.461986
-0.799978
1.421625
-0.574319
-1.171778
1.188006
-0.677122
-1.043184
0.606737
-0.783533
-0.792305
0.456683
-0.860295
-0.622945
0.426016
-0.921147
-0.753498
0.146213
-0.986638
-0.612825
1.036256
-1.043240
-0.292196
1.142885
-1.097365
-0.507408
1.656469
-1.145714
-0.300428
0.876401
-1.176736
-0.029868
1.022102
-1.172894
0.189106
0.456148
-1.135753
0.432895
0.900688
-0.100717
1.116363
-0.867164
0.026459
1.128283
-1.213250
0.177054
1.511801
-0.897211
0.291927
0.910943
-1.072151
0.391273
0.737702
-1.258473
0.493762
1.056958
-0.583810
0.609051
1.155476
-0.445702
0.710508
0.606677
-0.520147
0.771117
0.630971
-0.245942
0.828641
0.542985
-0.801143
0.880851
0.152823
-1.507767
0.904864
0.061593
-1.419538
0.913264
-0.168393
-1.008741
0.909029
-0.222099
-0.789205
0.892559
-0.040722
-0.487237
0.887521
-0.125194
-1.421896
0.869612
-0.311438
-0.050341
0.836721
-0.306393
0.216567
0.792215
-0.383231
0.501008
0.769382
-0.011139
0.096706
0.748295
-0.267614
0.365101
0.707747
-0.564341
0.766549
0.638886
-0.528078
0.647359
0.565720
-0.860931
0.164958
0.459617
-0.971984
1.252827
0.383784
-0.455294
0.191385
0.356077
-0.215726
0.018054
0.321198
-0.701503
-0.226403
0.247707
-0.881386
-0.332078
0.149016
-1.030913
-0.130786
0.041875
-1.205547
-1.140294
-0.064434
-1.076307
-1.485123
-0.152441
-0.819209
-1.464929
-0.209984
-0.497404
-0.991520
-0.277174
-1.023264
-0.927224
-0.378165
-0.972245
-0.732795
-0.464986
-0.882392
-0.310333
-0.547001
-0.924284
0.487411
-0.650682
-0.879355
0.808561
-0.729170
-0.642091
1.212329
-0.805251
-0.705963
1.279525
-0.872229
-0.658170
1.586253
-0.973275
-0.845367
1.749493
-1.038795
-0.477987
1.906930
-1.091047
-0.429137
0.990281
-1.152547
-0.462701
0.260249
-1.184204
-0.404485
0.179292
-1.227090
-0.235267
-1.564756
-1.213812
0.207664
-0.726179
-1.200847
-0.121578
-1.104137
0.057174
1.228003
-1.344875
0.187703
1.289827
-2.078358
0.324376
1.264984
-0.533157
0.450101
1.207306
-0.454235
0.565078
0.955439
-0.642657
0.644773
0.387168
-0.992316
0.699862
0.618493
-0.734869
0.755656
0.568805
-0.876464
0.807976
0.154430
-0.594531
0.813654
-0.035626
-0.429114
0.821485
-0.034533
0.423045
0.835149
0.210724
0.074767
0.854626
0.102053
-0.289168
0.876173
0.192853
-0.397064
0.911244
0.392146
-0.480090
0.953295
0.052079
-0.491950
0.959644
-0.136050
-0.534308
0.936574
-0.346438
-0.073573
0.884840
-0.557994
-0.353011
0.828540
-0.490742
-0.343436
0.769977
-0.788488
-0.265164
0.678523
-0.733143
0.378811
0.602222
-0.688921
0.075749
0.531954
-0.736261
0.297318
0.461390
-0.789073
1.103842
0.368420
-0.830206
0.997624
0.284837
-0.955059
1.085126
0.206203
-0.599741
1.668116
0.149207
-0.596662
0.832109
0.065594
-0.971810
0.037399
-0.024748
-0.869943
0.102543
-0.116371
-0.982931
0.821816
-0.208478
-0.925874
0.341932
-0.305559
-1.049735
-0.491242
-0.389405
-0.798871
-0.207510
-0.476972
-0.821026
-0.772094
-0.527306
-0.309227
-1.143078
-0.580911
-0.540771
-1.127379
-0.622613
-0.308755
-0.431168
-0.672310
-0.638999
0.340065
-0.752836
-0.771717
0.265719
-0.827810
-0.674392
-0.787957
-0.893079
-0.893855
-1.213543
-0.965886
-0.679808
-0.478111
-1.026243
-0.649776
-0.617217
-1.068470
-0.237196
-0.043160
-1.078846
-0.043948
0.476148
-1.075986
0.315734
0.656052
-1.047798
0.271794
0.834592
-1.028929
-0.005331
1.104833
0.063401
0.775221
0.303550
0.142966
0.911949
1.168323
0.220129
0.833411
1.325468
0.290453
0.778254
1.049902
0.376219
0.826954
1.309084
0.439972
0.613000
0.284216
0.502141
0.740811
-0.243947
0.587855
0.936647
-0.001204
0.691952
1.011541
-0.461553
0.789076
0.767904
-0.638290
0.855494
0.427443
-1.029608
0.914778
0.395691
-1.155304
0.960552
0.142468
-1.111993
0.981354
0.261650
-0.545482
1.008479
0.213933
-1.113201
1.041547
-0.045176
-1.321592
1.038111
-0.176139
-1.389444
1.030506
-0.043428
-0.941560
1.010894
-0.259560
-0.720086
1.008045
-0.015035
-1.042234
1.004951
-0.270327
-1.472555
0.973798
-0.681013
-2.026817
0.905127
-0.832458
-2.287393
0.805812
-1.246406
-2.320106
0.679325
-1.346016
-2.365412
0.558400
-1.233334
-1.538430
0.450691
-1.139070
-1.138019
0.337144
-1.180980
-1.389792
0.227798
-1.150861
-0.704159
0.119864
-1.185106
-0.765411
0.007238
-1.006434
-0.291917
-0.086615
-0.928881
0.856228
-0.167995
-0.764859
0.608197
-0.258249
-0.727067
0.445446
-0.340252
-0.670906
0.353908
-0.409317
-0.503790
-0.371529
-0.467698
-0.659556
-0.144806
-0.534997
-0.767051
-0.417669
-0.626349
-0.901914
0.238394
-0.724269
-0.868651
0.038713
-0.800049
-0.514132
0.417212
-0.858906
-0.734913
0.599700
-0.917142
-0.486659
1.609910
-0.974442
-0.339983
1.194971
-1.021099
-0.232660
0.208880
-1.055048
-0.468066
-0.253111
-1.080620
-0.225312
-0.616493
-1.112751
-0.173084
-0.444242
-1.142419
-0.407144
-0.833853
-1.171091
-0.325449
-0.700691
-0.269909
2.323786
1.631065
-0.060625
2.019465
1.312606
0.122059
1.748282
-0.348435
0.294923
1.646457
-0.885696
0.444152
1.219592
-1.288351
0.566356
1.171018
-1.366486
0.676907
0.931085
-0.971278
0.767098
0.923650
-0.894461
0.844904
0.557016
-0.276495
0.914704
0.743999
-0.193319
0.990482
0.611030
-0.627672
1.045647
0.423406
-0.684155
1.069656
0.040181
-0.535740
1.052935
-0.309857
-0.911400
1.027185
-0.103546
-1.225894
1.018593
-0.363535
-1.906499
0.993182
-0.306681
-2.253436
0.973925
-0.210161
-2.106059
0.956951
-0.467746
-2.193388
0.912627
-0.605606
-1.350391
0.854782
-0.595183
-1.666370
0.807235
-0.275702
-0.998593
0.758053
-0.415590
-1.519736
0.741720
-0.396643
-0.643841
0.697266
-0.542468
-0.456421
0.622002
-0.980388
-0.700584
0.513842
-1.327058
-1.016278
0.369458
-1.330597
-0.753949
0.225169
-1.414295
-0.240035
0.095651
-1.159751
-0.306747
-0.002201
-0.944847
-0.109705
-0.095217
-0.895687
0.436919
-0.172610
-0.550440
-0.240160
-0.243020
-0.986382
-0.472750
-0.333343
-0.698610
0.319449
-0.419341
-1.022668
0.103156
-0.521410
-0.982461
0.240328
-0.634324
-1.111958
0.337653
-0.745843
-0.763964
0.580172
-0.804416
-0.333020
0.025203
-0.864215
-0.648602
0.277745
-0.925585
-0.514842
-0.339163
-0.981818
-0.476551
-0.546500
-1.043989
-0.658611
-0.252352
-1.102131
-0.416651
-0.564862
-1.139833
-0.301903
-1.354450
-1.172605
-0.446416
-1.526608
-1.214863
-0.593355
-0.856061
-1.265277
-0.567038
-0.557471
-1.318886
-0.728686
-0.867311
-0.141719
1.711147
-1.206049
0.037503
1.431328
-1.666842
0.172208
1.005555
-1.360650
0.288715
1.099967
-0.930116
0.385240
0.600508
-0.786727
0.455919
0.669912
-1.100413
0.535788
0.609668
-1.133066
0.610808
0.612203
-0.786432
0.678339
0.634304
-0.506181
0.725851
0.216118
-0.576345
0.774088
0.394565
-1.190927
0.840543
0.766463
-0.537139
0.895190
0.361731
0.408176
0.920319
0.190329
0.484016
0.934009
0.120584
0.319144
0.921051
-0.363945
-0.087727
0.875254
-0.669418
-0.273543
0.815613
-0.565284
-0.263534
0.763727
-0.595435
-0.382670
0.697279
-0.703024
0.098254
0.645950
-0.414143
0.494092
0.594898
-0.498992
0.419538
0.550328
-0.520619
-0.481214
0.476748
-0.606713
-0.462996
0.426660
-0.423523
-0.480311
0.373854
-0.560300
-0.445381
0.311914
-0.640081
-0.439640
0.268448
-0.443791
-0.379357
0.225721
-0.571654
-0.532385
0.176476
-0.541445
-0.688666
0.114441
-0.647344
0.119190
0.046791
-0.507367
0.566275
-0.042007
-1.110436
0.283042
-0.147068
-1.051375
0.070664
-0.265782
-1.226627
0.417750
-0.411104
-1.596123
-0.190617
-0.561583
-1.249959
0.739160
-0.692259
-1.309085
1.233404
-0.815152
-0.720208
1.217232
-0.877164
-0.410143
1.326964
-0.926977
-0.325137
1.597560
-0.940375
-0.011597
1.178767
-0.959427
-0.173636
0.854403
-0.991904
-0.198961
1.085742
-0.997372
0.150788
1.175412
-0.971496
0.593244
0.170080
-0.938303
0.007560
-0.371931
-0.946780
-0.265013
-0.133101
-0.998107
-0.489586
-0.400524
-1.051754
-0.767876
-1.443659
0.226513
0.102217
-0.947635
0.257007
0.399191
-0.932010
0.332404
0.900048
-1.223052
0.425223
0.758668
-0.825998
0.522549
1.049263
-0.171856
0.624597
0.850526
-1.245608
0.696156
0.662832
-1.626725
0.776577
0.790771
-1.758503
0.868839
0.771790
-1.007900
0.952472
0.546313
-0.259257
0.990939
0.262043
-0.579926
1.036718
0.559561
-1.073065
1.083099
0.391171
-0.746040
1.121485
0.255250
-1.571237
1.144294
-0.044089
-1.224802
1.130670
-0.421712
-2.122372
1.093519
-0.271869
-2.713522
1.078810
-0.301024
-2.514791
1.025237
-0.769988
-2.529558
0.951417
-0.830458
-1.521351
0.874816
-0.830298
-1.334630
0.791405
-1.030892
-1.321328
0.685894
-1.154568
-1.076331
0.576373
-1.066964
-0.648268
0.482629
-0.922102
-0.767310
0.394426
-0.756481
-0.350858
0.322642
-0.722859
-1.145342
0.244896
-0.917415
-0.949454
0.160364
-0.861046
-0.295952
0.079734
-0.577614
-0.087242
0.023795
-0.624287
0.205875
-0.034358
-0.586338
0.823911
-0.111805
-0.491600
0.894531
-0.180634
-0.722843
1.394622
-0.263886
-0.656975
1.340232
-0.325714
-0.628534
0.662383
-0.417205
-1.110790
1.353036
-0.528944
-1.107052
1.126162
-0.644882
-1.110778
0.966720
-0.748916
-0.854785
1.526216
-0.834831
-0.673559
1.586730
-0.909671
-0.775714
1.435263
-1.000173
-0.961120
1.903439
-1.103194
-0.873136
1.727269
-1.195528
-0.698216
1.633799
-1.234012
-0.082830
0.862434
-1.242820
-0.091797
0.771206
-1.258752
0.098853
1.026364
-1.232584
0.258084
0.783740
-1.232994
-0.142773
0.810450
-0.211010
1.859645
0.787302
-0.033904
1.773655
0.207908
0.145736
1.857363
0.116603
0.335220
1.474530
0.208615
0.459508
1.051715
0.215175
0.563386
0.929159
0.511234
0.650521
0.863342
0.511377
0.717584
0.560349
0.051276
0.759987
0.504565
0.552894
0.794680
0.427473
0.733150
0.843155
0.472993
0.474754
0.865770
0.116241
0.371736
0.875821
0.195017
0.372518
0.886830
0.096606
-0.289984
0.923587
0.517311
-0.865335
0.970588
0.464328
-0.821624
1.010070
0.151842
-0.589975
1.021542
-0.113413
-0.653219
1.007579
-0.488457
-0.632615
0.967891
-0.233218
-0.237655
0.939429
-0.177713
-0.964659
0.916624
-0.392226
-0.909874
0.860836
-0.641318
-0.862618
0.812698
-0.631949
-0.585478
0.732984
-1.072575
-0.767001
0.597096
-1.428886
-0.340676
0.454439
-1.384561
-0.327475
0.299224
-1.368753
-0.061470
0.157984
-1.227051
-0.046982
0.030671
-1.129386
-0.143212
-0.085790
-1.156629
0.148157
-0.192972
-0.721136
0.443091
-0.247421
-0.389276
0.446652
-0.280257
-0.364655
0.649688
-0.320339
-0.371999
-0.171956
-0.378009
-0.864174
0.634322
-0.480368
-1.020317
0.852411
-0.581975
-1.151134
1.367000
-0.693450
-0.900324
1.289359
-0.786634
-0.793614
1.233019
-0.862155
-0.581553
0.774123
-0.907558
-0.311595
0.621753
-0.955640
-0.490687
1.203992
-1.004398
-0.397815
0.630424
-1.049834
-0.241608
1.246140
-1.079775
-0.054069
0.998451
-1.081305
-0.019310
0.905702
-1.094624
-0.033681
0.933772
-1.091459
0.208946
0.957091
-1.057456
0.643020
1.039331
-0.124586
0.912751
-0.640252
-0.032985
0.915556
-0.991847
0.054275
0.698902
-1.246879
0.126878
0.540989
-1.213565
0.214388
0.904825
-0.679058
0.324125
1.197913
-0.644679
0.455944
1.090110
-1.471017
0.564991
0.864602
-1.060889
0.669798
0.903644
-1.090304
0.735356
0.421260
-1.324540
0.804740
0.865791
-1.018113
0.890082
0.814890
-0.916391
0.958253
0.491636
-1.352103
1.003858
0.180959
-1.298884
1.025507
0.060031
-1.576270
1.022287
-0.569458
-1.417208
0.990639
-0.303210
-1.750937
0.961764
-0.374855
-0.974103
0.916960
-0.613986
-0.564546
0.874734
-0.393741
-0.156316
0.849091
-0.287987
0.161618
0.793056
-0.818636
0.069439
0.715209
-0.845483
0.432410
0.640156
-0.470762
0.841976
0.565323
-0.916442
0.514346
0.460450
-0.959907
0.147194
0.371371
-0.775494
0.163226
0.293905
-0.707675
-0.185336
0.208947
-0.820944
-0.199336
0.136254
-0.877166
0.421800
0.027511
-1.091771
0.800315
-0.081347
-1.045402
1.236669
-0.187192
-0.921248
0.961093
-0.286763
-0.798681
1.013114
-0.386903
-1.006180
1.305845
-0.495351
-0.879190
2.136763
-0.595421
-0.711920
2.143195
-0.669630
-0.393253
1.920519
-0.732913
-0.615983
1.380803
-0.808422
-0.687546
1.283487
-0.885031
-0.727208
1.664710
-0.958381
-0.382523
2.191967
-0.986730
-0.046973
1.968186
-0.995759
0.035346
1.104988
-0.980783
0.308613
0.781817
-0.949579
0.235126
2.156001
-0.931587
0.277583
2.766703
-0.918023
0.250123
3.017401
-0.866910
0.947770
3.416539
-0.773644
1.151832
3.754329
-0.027628
1.115277
0.332091
0.067282
0.917878
0.610982
0.166464
1.120761
0.669214
0.273332
0.923813
-0.156749
0.380938
1.179696
-0.178807
0.501057
1.053717
-0.658271
0.614247
1.090503
-0.785945
0.727911
0.965216
-1.019543
0.826670
0.920791
-0.729341
0.930219
0.680565
-1.108410
0.987849
0.367981
-1.437735
1.031681
0.022767
-1.101275
1.041159
0.191216
-2.164136
1.055378
-0.139033
-1.347220
1.058991
0.152988
-2.230458
1.071148
-0.220466
-1.833127
1.061002
-0.386930
-1.429235
1.035752
-0.440476
-0.714334
0.997298
-0.304937
-0.787816
0.962302
-0.508584
-0.850228
0.913431
-0.600121
-0.711055
0.868852
-0.609993
-0.359106
0.813745
-0.480703
-0.094646
0.751125
-0.585460
-0.051676
0.709239
-0.412296
-0.070639
0.661718
-0.654924
-0.345188
0.585781
-0.898743
0.336747
0.494605
-0.901636
0.316385
0.389424
-1.278701
-0.124466
0.272163
-1.242827
-0.145100
0.153235
-1.100301
0.235757
0.038730
-1.039923
-0.285810
-0.092669
-1.423991
-0.322932
-0.212152
-1.083749
-0.814491
-0.297133
-0.786055
-0.219005
-0.369816
-0.802119
0.049054
-0.448291
-0.738145
0.149068
-0.528736
-0.885351
-0.620048
-0.611888
-0.715114
-0.412883
-0.691830
-0.783499
0.094994
-0.766308
-0.832576
0.381561
-0.852867
-0.842347
-0.633977
-0.916123
-0.654742
-0.770239
-0.981219
-0.593880
-0.390655
-1.047513
-0.565955
-0.373420
-1.107562
-0.577760
-0.748922
-1.161797
-0.334607
-1.598482
-1.184525
-0.350706
-1.791639
-1.218739
-0.665363
-2.257572
-1.294975
-1.010360
-3.256746
-0.478673
2.102266
-1.561009
-0.255853
2.317471
-1.789102
-0.028714
1.883206
-1.570487
0.158590
1.747860
-1.687976
0.328759
1.215301
-1.785178
0.475447
1.218336
-1.377910
0.601913
1.200562
-1.187182
0.712954
0.780783
-1.680047
0.800283
0.847408
-1.958344
0.884072
0.329906
-1.195335
0.904720
0.162514
-1.267879
0.934724
0.107713
-1.850428
0.952836
0.028826
-1.848582
0.962080
0.076081
-1.870981
0.965809
-0.029625
-1.890115
0.960532
-0.225209
-1.945148
0.957013
-0.176244
-1.746889
0.919378
-0.569308
-1.320249
0.893735
-0.055210
-0.809826
0.890168
-0.205689
-0.546549
0.858743
-0.419535
-0.622739
0.797637
-0.757167
-0.872171
0.708898
-0.987753
-0.879653
0.640665
-0.451482
-1.074295
0.599979
-0.447013
-0.641295
0.509738
-1.220627
-0.946795
0.408994
-1.015540
-0.532914
0.300633
-1.041758
0.005018
0.178095
-1.061389
0.397291
0.075987
-0.908372
0.741549
-0.032220
-1.194580
1.385277
-0.170873
-1.362238
1.857129
-0.302848
-1.175584
1.560130
-0.419686
-0.908801
1.695751
-0.512241
-0.708922
1.222862
-0.600981
-0.826950
1.458970
-0.672943
-0.449909
0.781830
-0.724367
-0.377344
1.247380
-0.764765
-0.356043
0.710995
-0.814854
-0.202677
0.618293
-0.836641
-0.306837
0.371696
-0.857116
0.021245
0.325575
-0.876058
-0.414811
-0.775930
-0.909230
-0.468616
-0.876917
-0.963916
-0.634314
-0.021948
-1.030759
-0.543360
-0.133379
-1.083488
-0.515700
-0.337093
-1.143171
-0.587849
-0.825142
-1.224776
-0.956348
-0.890108
-1.298453
-0.594197
-0.564009
-0.143490
1.627078
-0.853304
0.018995
1.721050
-0.580068
0.179135
1.314271
-1.157539
0.318137
1.235507
-1.504655
0.435553
0.791533
-1.711061
0.517760
0.560401
-1.229929
0.591402
0.594142
-1.066596
0.641602
0.316786
-0.830085
0.722019
1.177182
-0.849828
0.844477
0.998225
-1.009356
0.944855
0.732002
-1.841128
1.013457
0.541410
-1.600982
1.077570
0.455667
-1.259825
1.107302
0.170675
-1.300492
1.124392
-0.083650
-1.079656
1.096045
-0.549225
-0.887293
1.045919
-0.462184
-1.391049
1.009201
-0.488313
-1.734118
0.980218
-0.359852
-0.918797
0.957580
-0.295945
-1.142587
0.924692
-0.428394
0.110644
0.873597
-0.734039
-0.431549
0.805412
-0.650991
-0.551011
0.738132
-0.508811
-1.537149
0.680612
-0.899312
-1.203452
0.589800
-1.037897
-1.393249
0.504901
-1.013407
-2.005733
0.423717
-0.908295
-2.071015
0.329207
-1.047856
-1.979860
0.228021
-1.278197
-1.596759
0.105590
-1.231303
-0.675782
-0.018338
-1.371509
-0.154259
-0.159570
-1.281299
0.349254
-0.291992
-1.365792
-0.290396
-0.399576
-0.833689
-0.120603
-0.487276
-0.893335
0.343109
-0.584225
-0.895665
0.586722
-0.654167
-0.595954
0.321732
-0.706525
-0.424653
0.706288
-0.746459
-0.261034
1.440251
-0.774118
0.061169
1.540337
-0.783167
-0.012037
0.991609
-0.780043
0.219253
0.731312
-0.754125
0.327946
0.602270
-0.719279
0.370287
0.587689
-0.704618
-0.077394
-0.796313
-0.713662
-0.166103
-1.218862
-0.715087
-0.055562
-1.480242
-0.737054
-0.468326
-1.419002
-0.784723
-0.474535
-0.537259
-0.018262
1.205359
-0.908608
0.121592
1.423523
-0.902019
0.269938
1.517724
-1.535727
0.422667
1.579593
-1.882685
0.564670
1.018246
-1.739241
0.699516
1.087411
-1.553961
0.810891
0.941178
-1.445065
0.913112
0.778685
-1.872195
0.978137
0.399170
-1.625876
0.992501
-0.332741
-1.050985
0.979218
-0.099833
-0.724963
0.980741
0.055445
-0.570745
0.979467
-0.108170
-0.992168
0.972911
-0.053995
-0.584170
0.975638
-0.070997
0.351908
0.978030
0.092224
0.595637
0.970082
-0.066038
0.526463
0.950612
-0.336128
-0.246361
0.922045
-0.367519
0.351771
0.905123
-0.187099
0.173978
0.887110
-0.004722
0.418025
0.890625
-0.132903
-0.084228
0.860885
-0.435031
0.011499
0.820782
-0.392858
0.100550
0.756560
-0.739690
-0.605236
0.681119
-0.801316
-0.612604
0.583217
-0.896862
-0.210932
0.468042
-1.149914
0.304524
0.330061
-1.492050
0.732531
0.185919
-1.407490
0.372403
0.057512
-1.082936
0.574304
-0.042953
-0.921803
0.336323
-0.121693
-0.766070
0.130497
-0.228035
-1.254127
-0.211131
-0.350988
-1.084898
-0.209430
-0.469550
-1.045507
-0.013803
-0.574630
-1.107509
0.095998
-0.672972
-0.790648
0.774763
-0.763606
-0.723441
0.681074
-0.838049
-0.705603
0.951749
-0.904750
-0.500226
0.370995
-0.963493
-0.686953
-0.322517
-1.032129
-0.542699
-0.080288
-1.075006
-0.309577
0.678163
-1.105640
-0.095635
0.707445
-1.093839
0.386222
1.040881
-1.070294
0.215886
0.272844
-1.024481
0.622165
-0.012249
-0.957128
0.659413
0.224815
-0.900275
0.664779
0.206040
-0.063884
0.829860
-0.529997
0.014466
0.484638
-0.039817
0.078292
0.622228
-0.112436
0.173121
1.153570
-0.030901
0.304033
1.401860
-0.084978
0.448546
1.527167
0.051257
0.594565
1.243875
0.277474
0.699691
1.015055
0.140273
0.794478
0.719869
-0.268925
0.851626
0.463683
-0.003612
0.901220
0.396905
0.102794
0.925269
0.320036
0.305169
0.944256
0.112034
-0.757348
0.957449
0.113879
-0.807662
0.976903
0.204947
-1.245856
0.983084
-0.272563
-1.322612
0.959091
-0.332142
-0.722388
0.960919
-0.058792
-0.869855
0.947579
-0.339515
-1.549522
0.915859
-0.385552
-0.610503
0.870396
-0.513174
-0.637606
0.819327
-0.558966
-1.213679
0.775973
-0.498281
-1.166467
0.725329
-0.567778
-0.861354
0.658790
-0.540661
-1.374689
0.588084
-0.882006
-1.587031
0.493832
-1.136018
-0.809145
0.369487
-1.384416
-0.562675
0.235835
-1.226493
-0.388216
0.118941
-1.328365
-0.303546
0.005068
-1.039992
0.337948
-0.094328
-0.893034
-0.326493
-0.193471
-0.998173
0.052082
-0.316524
-1.480465
-0.513275
-0.447061
-1.254907
-0.513982
-0.563589
-1.120807
-0.382971
-0.663145
-0.854909
-0.061667
-0.724041
-0.407846
0.370190
-0.778494
-0.697302
0.104365
-0.852904
-0.634357
0.496227
-0.899309
-0.260099
0.241414
-0.927093
-0.140571
-0.198184
-0.946300
-0.123421
1.155975
-0.966696
-0.208928
0.798289
-1.001567
-0.462917
0.279606
-1.057375
-0.471798
0.020860
-1.123805
-0.432529
0.097592
-1.156330
-0.424641
-0.077030
-1.214661
-0.715703
-0.318325
-1.289268
-0.869269
0.057260
-0.252795
2.119844
-1.568453
-0.024852
2.136816
-2.043877
0.159371
1.419839
-2.351373
0.315314
1.457721
-2.350256
0.461176
1.241937
-2.292284
0.586713
0.871505
-2.274384
0.682646
0.864232
-1.836634
0.751723
0.523989
-1.842333
0.814347
0.498314
-1.891991
0.874843
0.332564
-1.817134
0.910912
0.221565
-1.804978
0.936814
0.076142
-1.144045
0.942744
0.025871
-0.190870
0.926475
-0.154263
0.166585
0.906243
-0.089929
0.159413
0.877459
-0.249058
0.315867
0.857150
-0.207597
-0.010209
0.831433
-0.052581
0.076172
0.827749
-0.228961
-0.348371
0.810532
-0.110546
-0.043336
0.798449
-0.274175
0.049898
0.761172
-0.345092
-0.168053
0.730182
-0.283595
0.038620
0.678036
-0.740657
-0.300556
0.618636
-0.694381
-0.440987
0.541758
-1.012758
-0.893564
0.455504
-0.860136
-0.983310
0.368096
-0.846676
-0.826995
0.276100
-0.910496
-0.720809
0.175195
-1.052187
-0.345577
0.067943
-0.728336
-0.301180
-0.016349
-0.925433
-0.627153
-0.127889
-1.140139
-0.166605
-0.238509
-0.945686
-0.654039
-0.351308
-1.263748
0.010732
-0.482124
-1.414221
-0.457591
-0.614378
-1.007244
0.009146
-0.708679
-0.992871
0.321999
-0.810680
-0.852298
0.134289
-0.882886
-0.682462
0.822396
-0.944621
-0.478380
0.329224
-0.950483
0.033335
0.285270
-0.939644
0.038764
-0.316086
-0.926616
0.221170
-0.554585
-0.922028
-0.049747
-0.284234
-0.928875
-0.210254
-1.276986
-0.972040
-0.721595
-1.738659
-1.057774
-0.954122
-1.439239
-1.135940
-0.827539
-1.839905
-1.219566
-0.967716
-1.568418
-0.185458
0.751630
-0.883407
-0.082373
1.071452
-1.016675
0.033565
1.084171
-0.307618
0.152486
1.159433
-0.140783
0.272151
1.307122
-0.642783
0.414640
1.173471
-1.198878
0.522220
0.938449
-1.306268
0.613320
0.870217
-1.310813
0.701300
0.972187
-1.106345
0.782160
0.600380
-0.908314
0.850357
0.822267
-0.750134
0.914789
0.410858
-0.834999
0.969888
0.554922
-0.999084
1.018722
0.254032
-1.342176
1.029475
-0.051086
-0.813573
1.021896
-0.340945
-0.689697
0.961451
-0.718401
-0.306783
0.909316
-0.326841
-0.182156
0.883024
-0.082870
-1.019849
0.872567
-0.129455
-0.901051
0.847219
-0.359178
-1.365563
0.816626
-0.488229
-0.923696
0.783182
-0.265934
-0.407737
0.733490
-0.838060
-0.446213
0.636018
-0.940259
-0.142941
0.560446
-0.674087
-0.456590
0.469633
-0.983036
-0.192342
0.349049
-1.181151
0.245884
0.221038
-1.215916
0.579786
0.096476
-1.116464
1.050081
-0.020969
-1.144291
0.958191
-0.139536
-1.219228
1.437874
-0.262066
-1.292984
2.257162
-0.370984
-0.874078
1.762251
-0.447652
-0.558840
1.899846
-0.511708
-0.371365
0.735095
-0.567230
-0.478917
0.340927
-0.609915
-0.388429
0.069559
-0.651466
-0.522673
-0.643971
-0.727301
-0.989407
-1.360617
-0.822557
-1.055535
-1.588256
-0.883770
-0.540249
-0.588877
-0.938455
-0.462919
0.448994
-1.010242
-0.820891
0.873745
-1.076797
-0.594855
0.383935
-1.117960
-0.230266
0.551541
-1.131973
-0.024989
0.635654
-1.119988
0.031010
0.251321
-1.122002
-0.142849
0.815447
-1.130316
-0.149456
0.870709
0.010205
1.354052
0.508530
0.137156
1.205401
0.367782
0.240146
0.850912
0.991729
0.338284
1.142256
0.200832
0.444770
0.940894
-0.082197
0.543692
1.013975
-0.560600
0.654842
1.110200
-0.823643
0.762569
0.940172
-0.911885
0.857106
0.794800
-1.585967
0.932070
0.533803
-1.663000
0.985797
0.332794
-0.961614
0.992997
-0.068030
-1.450765
1.000999
0.139806
-1.415527
1.018628
0.118602
-0.726484
1.025550
-0.151473
-0.820740
1.023632
-0.039592
-0.781902
1.018979
-0.185117
-1.280723
1.007820
-0.325927
-0.548575
0.958962
-0.538584
-0.630809
0.910636
-0.506481
0.029617
0.855731
-0.722858
0.061542
0.795695
-0.657853
0.855161
0.744133
-0.559604
0.731757
0.662884
-1.042083
0.413253
0.576683
-0.738597
-0.009285
0.509377
-0.613870
0.252927
0.439642
-0.735448
-0.307202
0.373298
-0.540833
-0.518775
0.292060
-0.991740
-0.287330
0.179787
-1.207525
-0.098783
0.048887
-1.163559
-0.296637
-0.081215
-1.294657
-0.119279
-0.207341
-1.224988
0.677163
-0.333286
-1.015582
0.708452
-0.425018
-0.627745
0.049103
-0.481371
-0.687394
0.669436
-0.549577
-0.797850
0.587210
-0.611921
-0.718176
0.438359
-0.694634
-0.845848
0.509623
-0.771107
-0.607873
0.693471
-0.828938
-0.476886
0.281966
-0.883348
-0.419617
0.289650
-0.924029
-0.346787
1.639907
-0.941119
0.064491
1.960526
-0.962253
-0.501233
1.561081
-1.005664
-0.293821
1.515779
-1.032430
-0.135752
1.518134
-1.048673
0.026896
1.606568
-1.060836
-0.010365
1.288087
-1.036349
0.622551
0.752582
0.011863
0.757337
1.395196
0.086948
0.836779
0.857398
0.170267
0.971594
0.859328
0.272546
0.963406
1.005077
0.391252
1.302054
1.087864
0.524626
1.323487
0.265319
0.626346
0.747324
0.178782
0.687698
0.473461
0.318616
0.729926
0.610729
0.136289
0.775176
0.457034
0.408395
0.826955
0.377724
-0.112989
0.853217
0.169503
-0.431446
0.864336
0.038448
-1.013699
0.879092
0.108896
-0.898913
0.912283
0.293469
-1.150465
0.927148
0.067069
-1.002080
0.923004
-0.056137
-0.709939
0.939072
0.080869
-0.497587
0.938083
0.111099
-0.451650
0.948113
-0.050107
0.038053
0.945113
0.032417
0.053503
0.926614
-0.476762
-0.727935
0.860955
-0.933110
-1.097234
0.781262
-0.971427
-1.261225
0.690625
-0.817679
-0.855908
0.620119
-0.908071
-0.851719
0.501589
-1.312580
-0.437660
0.381265
-1.091127
-1.028963
0.268212
-1.137182
-0.478137
0.146703
-1.331226
-0.435094
0.037163
-1.025328
0.037642
-0.048650
-0.852584
-0.643636
-0.133912
-0.864221
-0.897420
-0.245694
-1.256704
-0.670020
-0.348661
-1.017623
0.061837
-0.423273
-0.411158
0.675997
-0.477864
-0.583028
0.516149
-0.523166
-0.572002
0.520687
-0.581017
-0.586314
0.596111
-0.655426
-0.830823
0.728604
-0.739007
-0.667919
0.817886
-0.827364
-0.876116
0.431766
-0.927821
-0.930331
0.201314
-1.002723
-0.543411
0.877340
-1.036086
-0.037704
1.129119
-1.033863
0.159255
0.838119
-1.044521
0.039945
1.166909
-1.059938
-0.007284
0.863984
-1.068868
-0.207372
1.050904
-1.082802
0.256091
0.544726
0.012787
1.388389
-1.128030
0.148519
1.211504
-0.450198
0.252133
0.866021
-0.645617
0.341929
0.950969
-1.009828
0.450315
0.771138
-1.029936
0.519365
0.677776
-0.929566
0.608142
0.675849
-0.991865
0.670983
0.611906
-1.023972
0.736626
0.612094
-1.325451
0.774234
0.167362
-1.187429
0.788709
-0.165135
-1.958215
0.778483
0.074274
-1.563285
0.802528
0.400027
-1.145889
0.834969
0.102331
-1.419648
0.866988
0.011829
-1.183720
0.875012
0.183384
-1.014306
0.906197
0.340598
-0.642837
0.932832
0.183026
-0.618122
0.940651
-0.275352
-1.124866
0.910355
-0.507805
-1.242622
0.855522
-0.602931
-1.763688
0.799253
-0.544305
-1.547343
0.765572
-0.491039
-1.005990
0.732430
-0.300525
-1.102581
0.689536
-0.562317
-1.073792
0.650572
-0.337140
-1.358717
0.629079
-0.511226
-0.536862
0.547602
-0.943888
-0.007812
0.434653
-1.283925
-0.395407
0.320972
-1.209822
0.026993
0.194931
-1.142262
0.347939
0.088796
-1.012257
0.534742
-0.006095
-0.883097
1.006460
-0.115673
-1.034893
0.879185
-0.217281
-1.306485
1.249087
-0.357991
-1.011142
1.404541
-0.456412
-0.829314
1.366345
-0.557557
-0.969068
0.897348
-0.652253
-0.703222
1.332203
-0.727422
-0.861148
1.335980
-0.797516
-0.656362
1.346141
-0.853740
-0.242591
0.952152
-0.882211
-0.362879
1.124059
-0.929389
-0.258792
1.189573
-0.969597
-0.622884
1.466309
-1.032445
-0.415302
1.376867
-1.074740
-0.215040
1.062523
-1.093527
-0.001772
1.192230
-1.091069
0.208936
1.349745
-1.075304
0.256808
0.757058
-0.199038
2.241509
-3.021836
0.015349
1.591340
-3.081612
0.179212
1.318042
-2.824859
0.329423
1.324841
-2.841776
0.460563
1.018134
-3.214512
0.548952
0.521503
-2.243360
0.606658
0.377587
-1.396911
0.644613
0.286045
-0.862105
0.688085
0.391387
-0.680535
0.726956
0.177706
-0.846076
0.763677
0.396925
-1.036833
0.812134
0.462577
-1.082722
0.848136
0.129588
-1.057972
0.861970
-0.015539
-1.169032
0.850845
-0.178004
-1.189971
0.841060
-0.196769
-1.396269
0.834176
-0.228062
-1.217015
0.798370
-0.610700
-1.188872
0.738195
-0.648660
-1.307179
0.690062
-0.317111
-1.237655
0.664256
-0.214717
-1.481331
0.639632
-0.249812
-1.431673
0.621043
-0.269648
-1.076121
0.577537
-0.507150
-0.872838
0.525277
-0.428471
-1.477729
0.486874
-0.380952
-1.733746
0.472429
-0.265108
-1.459076
0.440338
-0.719496
-1.658526
0.354944
-1.033566
-2.169961
0.231331
-1.540812
-0.932083
0.089489
-1.482852
-0.400709
-0.047044
-1.174168
-0.324021
-0.164197
-1.060638
-0.461423
-0.268725
-1.021703
-0.728313
-0.362174
-0.841617
-0.887937
-0.453030
-1.166495
-0.212884
-0.548074
-0.709410
1.156584
-0.603809
-0.412583
0.894745
-0.670297
-0.546576
1.268418
-0.726976
-0.531830
0.357709
-0.774250
-0.325050
-0.061588
-0.797343
0.033083
0.081289
-0.797931
-0.117921
-0.128219
-0.822195
-0.145532
-0.014607
-0.863672
-0.596821
0.494835
-0.922817
-0.573044
0.207074
-0.986700
-0.630589
-0.317116
-1.065616
-0.717164
0.106072
-1.128473
-0.636848
0.352471
-1.187627
-0.675892
0.108062
-0.162581
2.637303
-0.825917
0.074152
1.983114
-0.978106
0.251297
1.373097
-1.474719
0.412720
1.426513
-2.017944
0.535148
0.822074
-1.740559
0.615421
0.609510
-2.171281
0.702826
0.809370
-2.399745
0.795216
0.654971
-1.594872
0.880564
0.642402
-1.559198
0.966882
0.704013
-2.150731
1.022471
0.007263
-1.291598
1.045349
0.087293
-1.019318
1.049095
-0.106482
-1.153475
1.049906
-0.077623
-1.379041
1.038292
-0.252617
-1.804447
1.001557
-0.608023
-1.484878
0.960541
-0.357641
-1.366421
0.951573
-0.129580
-0.935370
0.916020
-0.499376
-0.986357
0.851702
-0.643205
-1.160207
0.800916
-0.448539
-0.872378
0.754385
-0.401680
-0.963174
0.728912
-0.344270
-0.538876
0.683858
-0.546655
-0.004427
0.624359
-0.505869
-0.308174
0.561758
-0.495405
-0.199856
0.522959
-0.472257
-0.384601
0.458504
-0.678479
-0.462158
0.400646
-0.531695
-1.641445
0.334718
-0.847441
-0.982724
0.239012
-1.067443
-0.800623
0.117426
-1.351892
-0.813615
-0.038772
-1.720784
-0.851654
-0.197932
-1.559210
-0.525077
-0.334623
-1.331609
-0.278570
-0.486302
-1.502099
0.231022
-0.614416
-1.177621
1.009928
-0.708867
-0.747710
0.876283
-0.770269
-0.524922
0.893252
-0.808280
-0.184804
0.824315
-0.807261
-0.112910
0.745801
-0.817411
-0.072985
0.615313
-0.830434
-0.138007
0.112928
-0.860623
-0.213243
-0.275751
-0.890432
-0.233648
-0.399336
-0.918380
-0.269433
-0.116790
-0.955971
-0.407664
0.155290
-0.991737
-0.581337
1.002455
-1.062347
-0.554911
0.728164
-1.140005
-0.708313
0.069461
-0.218964
1.773129
-1.281593
-0.019837
1.937351
-0.999135
0.169472
1.574146
-1.202998
0.335379
1.677580
-0.542028
0.487926
1.392939
-0.653946
0.611468
1.010537
-0.412411
0.684957
0.438606
-0.468467
0.719742
0.227207
-0.226369
0.762431
0.508225
-0.225957
0.813670
0.489847
-0.034880
0.844553
0.134301
-0.190317
0.872395
0.147898
-0.560171
0.893361
0.098071
-0.644575
0.905347
0.096681
-0.741656
0.919710
-0.150117
-0.600584
0.922205
0.043848
-0.709375
0.937602
0.180427
-1.190289
0.964845
0.026286
-1.075757
0.974392
-0.217848
-1.406291
0.950274
-0.570672
-1.209624
0.898565
-0.726827
-1.283155
0.838145
-0.691912
-1.536326
0.763905
-0.732378
-0.789112
0.712494
-0.641399
-0.984090
0.642704
-0.809149
-1.052723
0.568519
-1.010232
-0.877721
0.492184
-0.768487
-0.239818
0.392576
-1.189563
-0.182633
0.280566
-1.090742
0.263841
0.175302
-0.986096
0.604034
0.081110
-0.779709
0.405354
-0.013367
-0.886461
0.634783
-0.102256
-0.885868
0.781039
-0.185141
-0.811788
0.569976
-0.267608
-0.765487
0.307144
-0.362937
-0.971415
1.014560
-0.481433
-1.256586
0.945358
-0.611043
-1.044411
1.114954
-0.722389
-0.941421
1.794660
-0.807600
-0.627550
2.041365
-0.867143
-0.353861
2.551816
-0.899233
-0.187584
2.359816
-0.923098
-0.055751
2.127199
-0.936426
-0.027320
1.711450
-0.949401
-0.012265
1.917919
-0.958984
0.155463
2.369881
-0.955626
0.067308
1.904475
-0.949750
0.143543
1.239246
-0.943048
0.086474
1.887803
-0.949412
0.321829
1.576630
-0.104889
1.553950
-1.615304
0.064964
1.654425
-1.214053
0.235267
1.598356
-1.278039
0.387286
1.369716
-1.297070
0.518826
1.017367
-1.084790
0.620786
0.518801
-1.186268
0.672384
0.300187
-1.267915
0.714863
0.281999
-1.100181
0.755278
0.395570
-1.303901
0.787540
0.247526
-1.288300
0.830699
0.484284
-1.072071
0.890364
0.274893
-1.384836
0.924972
0.321502
-1.456561
0.954867
0.098181
-1.375178
0.974157
0.254256
-0.799201
1.000668
0.079357
-0.732450
1.020681
0.126557
-0.939138
1.029900
-0.053916
-1.217551
1.015863
-0.155577
-0.507916
1.005324
-0.159271
-0.210874
0.958778
-0.756213
-0.914096
0.905410
-0.505971
-1.026671
0.836058
-0.805355
-1.030888
0.763717
-0.782470
-0.451832
0.684372
-0.711215
-0.333594
0.604286
-0.923963
-0.006924
0.497716
-1.181619
0.358199
0.359054
-1.330166
-0.042483
0.241822
-1.066108
-0.358868
0.138937
-1.066834
-0.449288
0.021614
-1.039528
-0.344797
-0.051011
-0.678016
1.045221
-0.173288
-1.164081
0.811223
-0.300048
-1.122819
0.407167
-0.429228
-1.187823
0.135012
-0.539100
-0.871099
1.054028
-0.636721
-0.872020
0.862624
-0.735402
-0.982584
1.392409
-0.835362
-0.698570
1.353910
-0.887492
-0.277922
1.198015
-0.917714
-0.184490
1.616138
-0.948691
-0.336256
0.856247
-0.980566
-0.034689
0.857279
-0.980890
-0.065255
-0.104251
-0.970925
0.184447
-0.453712
-0.966828
-0.423411
-1.418323
-0.984271
-0.080144
-0.868435
-1.011458
-0.618208
-0.214354
-1.069754
-0.430090
-0.367303
-1.097138
-0.195067
-0.687053
0.216971
0.349674
-0.578692
0.262220
0.666473
-0.961364
0.328784
0.660343
-1.055626
0.394627
0.379414
-0.563970
0.428903
0.611615
-0.314430
0.482710
0.448662
-0.736058
0.526126
0.338934
-0.389518
0.564291
0.202679
-0.262013
0.566330
0.137891
0.254935
0.592861
0.548485
0.179807
0.676991
0.936134
0.029768
0.789025
1.002106
-0.481809
0.870013
0.604621
-0.098958
0.923084
0.421552
-0.041971
0.949692
-0.041356
-0.110342
0.947566
0.130730
-0.452331
0.949292
-0.091805
-0.359782
0.939614
-0.127751
-0.081864
0.912435
-0.410509
-0.374079
0.882111
-0.366086
-0.589127
0.853450
-0.439095
-1.002645
0.812150
-0.280543
-1.709719
0.806210
0.070494
-1.739092
0.802813
-0.244839
-1.943379
0.750604
-0.920117
-1.782249
0.663358
-1.119236
-2.027775
0.551535
-1.472885
-1.399385
0.416479
-1.333233
-1.880556
0.290009
-1.182562
-1.000718
0.168845
-1.186126
-0.401764
0.044657
-1.212917
-0.339301
-0.064907
-0.940076
-0.146456
-0.172126
-1.163737
-0.179878
-0.289407
-1.016751
-0.022518
-0.398952
-1.059961
0.347941
-0.486305
-0.807255
0.179439
-0.564698
-0.723667
0.192521
-0.654682
-0.882909
-0.138809
-0.758811
-1.100795
-0.206440
-0.869845
-0.959292
-0.240374
-0.964554
-0.727099
0.619312
-1.031748
-0.507119
1.259326
-1.078593
-0.242075
1.574401
-1.099751
-0.075565
1.338004
-1.109616
0.032526
1.633862
-1.103485
0.120563
1.953450
-1.093961
0.029609
2.222672
-1.085152
0.228220
3.157868
-1.068269
0.439224
4.088329
-1.002838
1.133639
4.652794
-0.049747
1.114161
-1.104857
0.038354
0.572501
-1.054365
0.117221
0.934673
-0.729585
0.224181
0.964796
-0.387831
0.314404
0.764549
-0.268922
0.407440
0.880831
-0.812954
0.500960
0.778412
-0.760350
0.567246
0.491658
-0.804345
0.652447
1.156218
-0.778498
0.788179
1.135667
-1.138556
0.872983
0.433574
-1.023871
0.910919
0.320720
-1.159833
0.948574
0.198551
-1.823903
0.973274
0.010662
-1.351015
1.010790
0.193413
-1.530040
1.009888
-0.110121
-1.048756
1.004826
-0.296644
-1.136155
0.984956
-0.301837
-1.062717
0.951377
-0.348049
-1.292930
0.920810
-0.319097
-1.038017
0.885261
-0.339772
-1.074322
0.830723
-0.510183
-0.974193
0.793584
-0.587462
-1.311442
0.724878
-0.852692
-1.260234
0.648678
-0.980142
-0.981429
0.555052
-0.925239
-1.296985
0.471649
-0.987890
-1.042049
0.385491
-0.853542
-0.772391
0.279697
-1.177826
-0.263182
0.157046
-1.137620
-0.151103
0.045668
-1.193827
-0.658240
-0.054675
-1.021898
-1.281518
-0.168715
-1.301171
-1.066425
-0.282215
-1.234604
-1.042368
-0.390645
-0.900245
-0.722627
-0.480254
-0.692211
0.186534
-0.527681
-0.168382
0.545443
-0.529414
0.039293
0.148401
-0.551202
-0.323257
-0.233827
-0.586044
-0.488548
-0.732582
-0.641036
-0.560510
-1.094347
-0.670318
-0.329970
-1.101120
-0.723848
-0.799634
-1.313092
-0.816038
-1.127585
-0.649721
-0.926203
-0.985164
-0.293996
-1.024724
-0.907878
-0.465623
-1.121361
-1.009810
-1.020119
-1.215422
-0.851227
-0.232856
-1.307429
-1.055186
0.139520
-1.421489
-0.952722
-0.278464
-0.376506
1.487145
-0.634725
-0.199432
1.593169
-0.706077
-0.025518
1.666256
-0.857374
0.127635
1.246056
-0.584308
0.271310
1.241840
0.207745
0.399156
1.128588
-0.736787
0.489171
0.586436
-0.630514
0.562983
0.668134
-0.432750
0.642278
0.738235
-0.708174
0.719165
0.668256
-0.919852
0.782484
0.498752
-1.299450
0.855751
0.546180
-1.863850
0.907138
0.448678
-1.936385
0.981293
0.748918
-2.097571
1.045994
0.311216
-2.427602
1.075217
-0.210580
-1.977499
1.054529
-0.320631
-1.915446
1.043666
-0.231798
-1.226085
1.015418
-0.387208
-0.955617
0.968428
-0.669870
-1.560201
0.923755
-0.528138
-1.812314
0.863825
-0.704045
-1.121036
0.780454
-0.585122
-1.645177
0.729025
-0.449318
-1.320200
0.674793
-0.783769
-0.972737
0.589274
-0.928195
-0.823312
0.482034
-1.103226
-0.067045
0.384725
-0.824741
0.772675
0.286673
-1.102209
0.309484
0.174098
-1.184501
0.152424
0.062400
-1.059342
-0.171735
-0.047934
-1.086344
-0.786173
-0.143834
-0.809442
-0.638759
-0.214959
-0.810860
-0.705655
-0.276879
-0.485702
-0.853646
-0.346522
-0.856781
-0.664286
-0.427774
-0.929529
0.166029
-0.523028
-0.895807
-0.003885
-0.604765
-0.750371
0.150646
-0.665374
-0.452158
0.799757
-0.749908
-0.740395
1.792245
-0.842163
-0.772568
2.435926
-0.909054
-0.314011
2.320816
-0.949106
-0.375929
1.775769
-1.006885
-0.394816
1.874690
-1.045478
-0.195181
2.447631
-1.080915
-0.226162
1.941955
-1.131471
-0.564296
2.645408
-1.187805
-0.347107
2.814640
-1.228100
-0.111536
2.692561
-0.040009
0.808831
-0.398555
0.028967
0.567295
-0.139081
0.097282
0.964902
-0.079336
0.207376
1.309620
-0.035873
0.339986
1.207789
-0.567477
0.458241
1.074651
-1.064767
0.570479
0.897732
-0.601224
0.661442
0.750727
-1.282272
0.745347
0.678563
-1.493004
0.826110
0.634032
-2.449201
0.902038
0.554099
-2.398592
0.993076
0.715837
-1.894498
1.043703
0.188927
-1.297669
1.065369
0.160669
-0.594026
1.078481
0.016451
-0.821381
1.075348
0.022475
-1.096866
1.081797
0.038981
-0.860526
1.072679
-0.167697
-0.575533
1.027426
-0.587232
-0.348946
0.979927
-0.471741
-0.618857
0.907711
-0.849325
-0.895282
0.856337
-0.235539
-0.829382
0.825317
-0.418888
-1.238304
0.771923
-0.743186
-1.275936
0.670456
-1.321104
-1.154868
0.543105
-1.230913
-0.443179
0.439462
-0.878985
-0.133099
0.344170
-0.876491
0.217399
0.253726
-0.708876
-0.194183
0.181215
-0.849431
-0.733504
0.073650
-1.257235
-1.229577
-0.055127
-1.071284
-0.687372
-0.161620
-1.298684
-0.076227
-0.288247
-1.307487
0.323544
-0.406338
-0.976378
0.776746
-0.519159
-1.097370
1.004823
-0.642062
-1.089034
1.978690
-0.741307
-0.717313
1.944580
-0.810559
-0.539927
2.269890
-0.852172
-0.156688
2.546522
-0.875365
-0.026936
2.629239
-0.899888
-0.130870
2.173771
-0.931533
-0.208255
2.646183
-0.945011
0.180719
2.141755
-0.924414
0.477411
1.911936
-0.895109
0.394473
2.059102
-0.842003
0.734670
1.829548
-0.761950
1.036269
1.778729
-0.661922
1.190503
1.358284
-0.550197
1.180394
0.656350
-0.054350
0.677261
-0.783365
0.030092
0.776083
-1.239877
0.128119
0.805968
-1.306610
0.225361
1.009830
-1.377517
0.324270
0.754131
-1.326784
0.413196
0.939828
-1.595001
0.509416
0.734482
-1.293443
0.612105
0.993510
-1.133147
0.701173
0.680219
-1.456786
0.787529
0.785538
-1.479555
0.866516
0.692374
-2.625835
0.933401
0.539869
-2.032002
0.990021
0.346817
-2.003713
1.015761
0.130989
-1.995031
1.044822
0.049787
-2.216790
1.060803
0.031751
-1.909921
1.043014
-0.605953
-2.088878
0.980950
-0.816921
-1.623932
0.909864
-0.820068
-1.084185
0.832860
-0.741203
-0.333920
0.744315
-0.833451
-0.506240
0.663588
-0.572114
-0.572167
0.615155
-0.619611
-0.992201
0.567884
-0.435752
-1.044471
0.509704
-0.834794
-1.252528
0.441215
-0.859542
-0.928853
0.355800
-0.999204
-1.342778
0.251838
-1.217006
-1.166524
0.134193
-1.220486
-0.723192
0.032789
-0.830672
-0.817394
-0.042413
-0.703441
0.005628
-0.120905
-0.700111
-0.060388
-0.176040
-0.484441
-0.298316
-0.220896
-0.401994
-1.089295
-0.248043
-0.133706
-0.584470
-0.245990
-0.361471
-0.363870
-0.310326
-1.077403
-0.145035
-0.409715
-0.989146
0.150577
-0.512495
-0.803249
0.551740
-0.605196
-0.905451
1.684807
-0.702537
-0.814709
1.956846
-0.795221
-0.902617
1.024158
-0.878077
-0.508774
0.672347
-0.933983
-0.546372
0.793017
-0.963404
0.011035
0.774560
-0.956730
0.130474
0.241451
-0.972674
-0.187516
0.380873
-0.983384
-0.053227
0.441719
-0.980623
0.138295
0.146496
-0.975941
0.104850
-0.090893
-0.324630
2.300369
-1.600789
-0.100180
1.843198
-1.577048
0.087676
1.630623
-1.652301
0.244128
1.148944
-1.703991
0.390677
1.233867
-1.671380
0.507893
0.857053
-1.714381
0.594110
0.787335
-1.704510
0.669863
0.438485
-1.246487
0.725620
0.526872
-0.720892
0.783595
0.640039
-0.483145
0.857235
0.805831
-1.085996
0.941639
0.645474
-0.901856
1.014840
0.605034
-0.665531
1.067257
0.509967
-0.070812
1.097825
0.130391
-0.555840
1.091437
-0.159640
-1.277323
1.081102
-0.224362
-1.298909
1.049580
-0.450015
-0.921277
1.006246
-0.568699
-1.457374
0.952598
-0.667943
-1.464785
0.881331
-0.767305
-1.356733
0.799803
-1.128018
-1.338932
0.707378
-0.744506
-0.955193
0.638507
-0.837097
-0.286636
0.569691
-0.642439
0.234151
0.496487
-0.716703
0.236087
0.436639
-0.445872
0.383788
0.371289
-0.833316
-0.386379
0.286904
-0.780306
-0.119192
0.197723
-0.861546
-0.094694
0.095159
-1.141369
-0.055008
-0.009882
-0.981851
-0.664940
-0.097586
-1.132657
-1.183437
-0.206585
-0.965242
-1.266478
-0.288214
-0.701367
-1.081473
-0.343985
-0.659117
-1.766020
-0.412003
-0.945031
-0.661023
-0.499261
-0.980951
-0.316516
-0.599961
-1.029723
-1.114868
-0.691292
-0.875346
-1.220790
-0.767956
-0.883523
-1.122999
-0.812436
-0.213063
-0.002483
-0.823086
-0.147769
-0.102276
-0.860368
-0.506525
-0.361204
-0.918878
-0.618221
-0.459131
-0.956293
-0.364838
-0.080759
-1.014656
-0.792760
0.539850
-1.079853
-0.417569
0.155770
-1.118237
-0.259373
0.380720
-1.180330
-0.655494
0.450821
-0.285173
2.015116
-2.370031
-0.081418
1.630400
-1.880511
0.062377
1.192473
-1.503006
0.196965
1.040070
-0.930393
0.302829
1.080404
-1.278282
0.392804
0.531656
-0.913246
0.450942
0.384370
-0.274737
0.501459
0.719520
-0.484934
0.577320
0.699348
-0.294044
0.643211
0.624905
-0.608900
0.714087
0.548309
-0.827271
0.768436
0.488655
-0.562269
0.816956
0.405853
-0.512455
0.861740
0.171270
-1.110100
0.892411
0.265657
-0.993080
0.920012
0.181839
-0.855469
0.927322
0.043684
-0.174262
0.956189
0.524637
-0.299149
0.988798
-0.034006
-0.008074
0.982572
-0.027389
-0.696465
0.956881
-0.695191
-1.112429
0.894082
-0.547253
-1.590161
0.821757
-0.936167
-1.104403
0.741320
-0.667420
-0.829918
0.665960
-0.990637
-0.494694
0.583550
-1.017102
-0.495576
0.479639
-0.927415
-0.776685
0.378363
-1.220231
-0.492227
0.241192
-1.450326
-0.426481
0.138064
-0.771768
-0.516908
0.053187
-0.792741
-0.700428
-0.027284
-0.899165
-0.541739
-0.120209
-0.899008
-0.017076
-0.204491
-0.729040
-0.317055
-0.293674
-0.891035
0.515343
-0.381222
-0.828217
0.463065
-0.465354
-0.704264
0.631818
-0.527349
-0.576933
0.191660
-0.592082
-0.718663
0.263014
-0.666741
-0.575653
0.306109
-0.722223
-0.325626
0.469432
-0.760003
-0.239033
0.679883
-0.777058
0.037357
0.592068
-0.784992
0.037224
0.227564
-0.797201
0.008811
0.356494
-0.810330
-0.324058
0.322201
-0.835076
-0.241210
0.502188
-0.879893
-0.463308
0.639046
-0.923086
-0.229191
0.043926
-0.919635
0.144883
-0.245427
0.039027
1.020841
-0.962795
0.133760
0.786561
-0.254289
0.214524
0.770277
0.399407
0.292295
0.871671
-0.115165
0.368480
0.695457
-0.311822
0.434749
0.607330
-0.885771
0.509232
0.768991
-0.741777
0.596431
0.848470
-0.943652
0.692986
0.838141
-0.263053
0.768471
0.607604
0.092146
0.806188
0.146822
-0.001085
0.825584
0.480009
0.149813
0.865876
0.452854
0.301604
0.893717
0.127540
-0.057098
0.908463
0.044017
0.132304
0.909351
-0.135085
-0.132334
0.893972
-0.213712
0.172813
0.870372
-0.216764
0.256516
0.852048
-0.213521
-0.087746
0.832452
-0.212494
-0.500751
0.809007
-0.267753
-0.281964
0.751453
-0.852255
-0.569682
0.647210
-1.199486
0.342170
0.531899
-1.030937
0.401113
0.439362
-0.903564
0.680039
0.342057
-0.983744
0.235777
0.240531
-1.092995
-0.198940
0.115356
-1.303247
-0.117362
-0.007515
-0.907362
1.133777
-0.081340
-0.529759
0.912213
-0.157425
-0.848287
1.306197
-0.233745
-0.767322
0.807985
-0.287272
-0.324768
1.189933
-0.337703
-0.405211
0.846972
-0.393969
-0.624042
0.862282
-0.462226
-0.536902
0.884532
-0.532827
-0.725254
1.035684
-0.613755
-0.728055
1.789859
-0.699483
-0.728556
2.058873
-0.776722
-0.691751
1.755567
-0.864508
-0.801208
1.356970
-0.964579
-0.806790
1.908644
-1.043666
-0.446332
1.860003
-1.097892
-0.284062
1.559976
-1.155650
-0.339056
1.903143
-1.194339
-0.254700
1.735253
-1.196751
0.392142
1.930565
-1.164193
0.550622
1.474553
-1.127040
0.435810
1.780344
-1.064942
0.684168
1.746297
0.091904
1.090025
0.486143
0.199206
1.083875
1.153794
0.277885
0.703776
-0.266356
0.335126
0.352467
-0.384228
0.387137
0.615923
-0.331054
0.453361
0.552390
0.139511
0.534047
0.923310
-0.156761
0.626117
0.870695
-0.198106
0.722563
0.879054
-0.213367
0.793676
0.548943
0.208595
0.874230
0.972497
-0.563383
0.960370
0.625977
-0.335045
1.000775
0.104274
-0.986976
1.010188
0.058730
-1.372638
1.007983
-0.134322
-2.124835
0.995693
-0.253292
-2.032917
0.968036
-0.528692
-1.182765
0.917669
-0.546488
-1.601946
0.889862
-0.266157
-1.255994
0.875882
-0.401218
-1.907037
0.848132
-0.395281
-2.144375
0.810817
-0.285760
-2.203871
0.777889
-0.700168
-1.905257
0.710861
-0.946553
-1.360339
0.617162
-0.888677
-1.549559
0.513866
-1.167365
-1.377331
0.398121
-1.116514
-0.794686
0.299344
-0.850974
-0.119526
0.206269
-1.056587
0.358294
0.100934
-0.843688
0.578096
-0.002037
-0.975407
0.834489
-0.083418
-0.740214
0.645880
-0.148237
-0.541946
-0.003907
-0.190800
-0.365958
-0.215397
-0.225746
-0.536001
-0.005279
-0.277298
-0.613288
0.401666
-0.345656
-0.934716
0.234995
-0.436053
-1.032901
0.345582
-0.529240
-0.955293
0.315380
-0.629680
-1.070132
0.630235
-0.741188
-0.947453
0.561909
-0.830694
-0.648335
-0.015246
-0.880584
-0.242263
-0.617633
-0.903273
-0.148474
-0.680663
-0.937526
-0.436824
-0.826366
-0.962167
-0.021618
-0.014109
-0.982189
-0.370557
0.366067
-1.014023
-0.360856
0.126325
-1.065263
-0.642483
0.575224
-1.147289
-0.933612
0.541153
-0.075547
0.946282
-0.809925
0.025484
0.913147
-1.377443
0.125581
1.087430
-0.982602
0.242753
1.179261
-1.203089
0.361585
1.010386
-0.594353
0.476841
1.070542
-1.207317
0.586024
1.020215
-1.667893
0.683620
0.804386
-1.022013
0.759030
0.670495
-1.930225
0.799729
0.005826
-2.114033
0.827744
0.356000
-1.425227
0.862775
0.328497
-0.838908
0.887120
0.292221
-0.537898
0.935033
0.369619
-0.121035
0.946026
-0.067556
0.319871
0.941778
0.236597
0.713231
0.956714
-0.009519
1.059647
0.962585
0.128571
1.031410
0.955255
-0.083134
0.748869
0.934554
-0.406134
0.438740
0.892387
-0.213094
1.035694
0.856720
-0.293753
0.296987
0.811548
-0.258577
0.682631
0.758335
-0.739712
0.844120
0.677337
-0.866111
0.298557
0.583894
-1.042859
-0.304939
0.481259
-0.888273
0.987230
0.397482
-0.676954
0.842859
0.313669
-0.896585
0.230014
0.221556
-0.792678
0.067417
0.131696
-0.889229
0.840049
0.034488
-1.120889
0.536861
-0.105764
-1.459935
0.435971
-0.233950
-1.007727
1.048834
-0.366143
-1.155876
1.565659
-0.474547
-0.965518
1.961331
-0.574393
-0.388357
1.832876
-0.628502
-0.667743
1.635724
-0.696068
-0.488271
0.861730
-0.750982
-0.322865
1.014622
-0.789880
-0.362978
2.330087
-0.815411
0.010531
1.788690
-0.833558
-0.035595
1.609565
-0.867322
-0.178209
1.832277
-0.880707
0.001607
1.833060
-0.886989
0.070506
2.050201
-0.879761
0.128953
1.685238
-0.893968
-0.069411
1.885148
-0.919183
-0.246073
1.828015
-0.965221
-0.207606
1.647857
0.191661
0.899262
-0.263925
0.277674
0.624553
0.228805
0.344296
0.609124
0.013107
0.423198
0.675140
-0.306706
0.473367
0.711759
-0.129158
0.559011
0.946450
-0.691642
0.648204
0.708841
-1.299417
0.718912
0.567301
-0.975838
0.795061
0.775898
-0.792124
0.870034
0.749947
-1.116870
0.944261
0.520774
-1.621036
0.986722
0.066022
-1.477636
1.012864
0.235501
-1.708140
1.031197
-0.292622
-0.731886
0.998377
-0.366437
-0.997860
0.976907
-0.250148
-1.412777
0.936644
-0.437954
-1.283872
0.907556
-0.304846
-1.300106
0.906991
-0.111919
-0.822703
0.907878
0.212632
-1.613135
0.945210
0.237156
-1.617575
0.960278
0.011719
-2.299004
0.956131
-0.323908
-1.776103
0.914185
-0.671137
-1.642814
0.834650
-1.114701
-1.825417
0.717430
-1.336777
-2.062829
0.562969
-1.704931
-1.291319
0.393227
-1.664268
-0.287232
0.225905
-1.649158
-0.308322
0.085221
-1.118114
0.209487
-0.003648
-0.796076
0.201117
-0.106570
-1.260467
-0.217282
-0.217329
-1.229207
0.427862
-0.342485
-1.127317
0.358147
-0.451363
-1.048505
0.600233
-0.553430
-0.774777
0.989214
-0.636553
-0.651130
0.643229
-0.696159
-0.413970
0.297836
-0.723958
-0.266124
0.926844
-0.760347
-0.186524
1.031438
-0.794039
-0.577660
0.954128
-0.840483
-0.288045
1.355296
-0.873357
-0.479633
1.084457
-0.907064
-0.143074
1.289142
-0.915904
-0.055046
0.427135
-0.922279
0.013770
0.591047
-0.920885
0.261870
0.040507
-0.893161
0.341202
-0.035890
-0.858050
0.465980
0.116897
-0.826181
0.414768
-0.046753
-0.241719
2.112453
-0.913028
-0.049666
1.505626
-0.895007
0.107262
1.287215
-0.873362
0.232864
1.051994
-0.847858
0.350140
1.084782
-1.060193
0.466067
1.232703
-0.858423
0.582994
1.116033
-1.024929
0.685076
0.970165
-0.886691
0.774814
0.778650
-0.659397
0.823041
0.296800
-0.799629
0.838394
-0.063690
-1.330434
0.840546
-0.008455
-1.160789
0.829061
-0.271593
-0.395666
0.818870
0.119443
-0.537435
0.843226
0.448631
-0.992901
0.878831
0.189519
-1.012020
0.888093
0.019453
-1.818132
0.900533
-0.035972
-1.452456
0.892508
-0.338434
-0.648507
0.855855
-0.484521
-1.340809
0.808019
-0.641947
-1.039771
0.772427
-0.458695
-0.820360
0.725080
-0.697041
-0.946881
0.670222
-0.662003
-0.545273
0.625265
-0.501688
0.354662
0.578378
-0.470304
-0.237766
0.529328
-0.595286
-0.595043
0.488319
-0.406471
-0.768628
0.427328
-0.993055
-0.732273
0.344444
-0.934878
-0.052629
0.254902
-0.889164
0.045791
0.152006
-1.157564
0.488343
0.017831
-1.427130
0.404157
-0.121449
-1.198800
-0.342002
-0.221641
-0.861809
-0.432344
-0.293548
-0.841030
-0.227203
-0.389524
-1.057049
0.237419
-0.516809
-1.199583
0.762913
-0.642523
-1.197618
0.344965
-0.737547
-0.857315
0.721884
-0.804703
-0.551985
0.821708
-0.854223
-0.365009
1.222278
-0.904418
-0.635459
1.713943
-0.964282
-0.179522
1.987305
-0.974055
-0.007392
2.372268
-0.990120
0.126644
2.586359
-0.995243
0.253008
2.582576
-0.976797
0.355254
2.228504
-0.969227
0.285083
1.815426
-0.941998
0.452963
1.777770
-0.050789
0.806093
-2.112689
0.058745
0.876202
-1.768602
0.173775
1.325189
-2.010317
0.320471
1.362518
-1.729041
0.453019
1.354131
-1.708634
0.581292
1.183341
-2.220822
0.692637
0.787640
-1.693407
0.781864
0.556939
-1.739959
0.847883
0.481691
-1.201443
0.893794
0.133082
-1.276271
0.916860
0.150728
-1.066861
0.947907
0.289793
-1.280770
0.976013
0.185853
-0.952222
0.997413
0.235250
-0.380429
1.004483
0.246772
-0.670385
1.032398
0.297915
-1.332905
1.047650
0.097351
-1.355315
1.045911
-0.294969
-1.510452
1.020700
-0.144928
-1.383155
1.024643
-0.028217
-1.144109
1.013120
-0.250415
-0.666124
0.976318
-0.401277
-0.725762
0.910975
-1.012630
-0.221687
0.793942
-0.976904
-0.008203
0.677250
-1.199864
0.400497
0.575569
-1.053122
0.173354
0.468642
-1.066689
0.248662
0.344709
-1.434667
0.563729
0.181050
-1.594785
1.387310
0.039373
-1.069162
1.590057
-0.065396
-0.826218
0.670329
-0.133035
-0.441771
0.567992
-0.189297
-0.523209
0.390392
-0.241819
-0.486955
0.236506
-0.289751
-0.609346
-0.657291
-0.347986
-0.541599
-0.479720
-0.413810
-0.779855
0.002012
-0.490279
-0.698184
0.036897
-0.562710
-0.672309
0.018602
-0.632973
-0.689217
0.343541
-0.687147
-0.413015
0.281879
-0.720579
-0.390726
0.668090
-0.777023
-0.445737
0.256837
-0.827137
-0.488157
-0.120833
-0.870138
-0.208495
-0.015883
-0.900622
-0.467029
0.091085
-0.946743
-0.363050
0.104287
-0.978418
-0.347719
0.311264
-1.021038
-0.473093
0.232156
-1.048931
-0.198973
-0.181149
-0.089261
0.332528
0.109556
-0.024879
0.892444
-0.260138
0.058883
0.761552
-1.083402
0.143690
0.806783
-1.557410
0.246464
1.007965
-0.910055
0.337975
0.718541
-0.825954
0.426244
0.837016
-0.830632
0.525130
1.079734
-0.585750
0.631980
1.073374
-1.192162
0.735124
0.825696
-1.491630
0.823580
0.714628
-1.410663
0.883600
0.445223
-1.657595
0.925365
0.260659
-1.458233
0.932108
-0.048023
-1.206469
0.917224
-0.342318
-1.365194
0.911620
0.198140
-0.905151
0.918486
-0.156612
-0.425182
0.901369
-0.271302
-0.592382
0.873460
-0.391167
-1.107653
0.850196
-0.054131
-0.561670
0.834193
-0.514483
0.101160
0.776650
-0.480552
0.262343
0.734790
-0.268389
0.831814
0.690414
-0.424897
1.405136
0.643823
-0.550462
1.635884
0.580790
-0.438070
1.357524
0.513079
-0.660776
0.567124
0.440860
-0.664598
0.608433
0.364617
-0.732763
0.614482
0.283453
-0.787174
0.727685
0.192407
-0.944745
0.189555
0.065180
-1.537013
0.105117
-0.083358
-1.383986
-0.637458
-0.202672
-1.267837
-0.312857
-0.322645
-1.155789
0.207786
-0.457704
-1.282286
-0.018040
-0.566185
-0.861436
-0.319040
-0.667894
-0.986831
-0.316018
-0.744832
-0.452104
-0.083783
-0.777980
-0.177419
0.227299
-0.799846
-0.205699
-0.083385
-0.806634
-0.179713
-0.696247
-0.825941
-0.146628
-0.991789
-0.833637
-0.110477
-0.691748
-0.846086
-0.104514
-0.906051
-0.870088
-0.224451
-0.108763
-0.880060
-0.081548
-0.028151
-0.891850
-0.315077
-0.232759
-0.921282
-0.124417
-0.104292
-0.935298
-0.114192
-0.873724
0.050676
0.633094
-0.704162
0.108203
0.575567
-0.807514
0.203088
1.242576
-0.646446
0.325888
1.166113
-0.601456
0.480055
1.588535
-1.419816
0.617939
1.100063
-1.339611
0.706934
0.673000
-0.886798
0.759943
0.365942
-0.542808
0.815512
0.667814
-0.749287
0.879904
0.497959
-0.919799
0.930643
0.452485
-1.565786
0.982663
0.349757
-1.276194
1.023627
0.371270
-1.974260
1.055709
0.074552
-0.925555
1.063557
-0.029007
-1.649269
1.068079
-0.097338
-1.224877
1.043291
-0.336500
-1.823578
1.019750
-0.343502
-1.653939
1.005110
-0.061867
-1.217806
0.981255
-0.338574
-2.207637
0.943917
-0.784106
-1.990269
0.877839
-0.698356
-1.948730
0.805395
-0.967441
-1.729865
0.736723
-0.623044
-1.872637
0.673805
-0.718115
-1.843472
0.605569
-0.858555
-1.425021
0.526812
-0.797293
-1.489753
0.463240
-0.752652
-1.501150
0.403281
-0.540281
-1.422157
0.330368
-0.994792
-1.316845
0.228294
-1.198849
-0.051714
0.108993
-1.065176
0.297927
-0.007032
-1.143763
-0.214354
-0.110742
-1.044038
0.547223
-0.204711
-0.995933
0.572227
-0.298367
-0.904982
0.995640
-0.408331
-0.888260
1.316330
-0.504688
-1.008747
1.385846
-0.594334
-0.807275
1.085174
-0.683058
-0.977044
0.954792
-0.760843
-0.600251
1.340903
-0.829738
-0.550489
1.138216
-0.883127
-0.225014
-0.100460
-0.932643
-0.487732
0.115571
-0.996144
-0.480838
0.098686
-1.032169
-0.208924
0.081727
-1.068569
-0.508800
-0.515150
-1.132251
-0.507475
-0.693399
-1.180752
-0.817308
-0.200907
-1.270237
-0.891392
-0.702890
-0.101053
1.849939
-2.167069
0.100102
1.763166
-1.871086
0.263015
1.200586
-1.365315
0.379474
0.837140
-2.766445
0.455904
0.557773
-2.308375
0.511624
0.402744
-1.838213
0.578980
0.748618
-1.631026
0.657755
0.669443
-1.293147
0.740870
0.838741
-1.434757
0.807685
0.250506
-0.962330
0.863386
0.528418
-1.111682
0.931793
0.575567
-1.016650
0.971191
0.061008
-0.858592
0.982374
-0.033978
-1.356024
0.983761
-0.202313
-0.445611
0.970235
-0.018118
-0.043783
0.956692
-0.170663
0.072539
0.916363
-0.599132
0.284972
0.870885
-0.311632
0.030820
0.844871
-0.259096
-0.515094
0.796973
-0.602721
-0.255521
0.750544
-0.407748
-0.274604
0.708758
-0.549914
-0.441723
0.646948
-0.627235
-0.952910
0.599157
-0.260687
-1.657599
0.573148
-0.394721
-2.029401
0.529970
-0.895343
-2.460690
0.465081
-0.708934
-1.124816
0.381523
-0.952551
-0.312168
0.266189
-1.077982
-0.755702
0.174078
-0.940305
-1.061322
0.105225
-0.733003
-1.052926
0.025715
-1.047998
-0.379724
-0.067461
-1.034036
0.512792
-0.185742
-1.162256
1.242612
-0.308666
-1.069068
1.158105
-0.411173
-0.716120
0.741429
-0.507335
-1.132347
1.446790
-0.635236
-1.101880
1.838170
-0.762435
-1.008882
1.988496
-0.858520
-0.734735
2.082105
-0.943828
-0.755965
2.198559
-1.013794
-0.423130
1.811568
-1.073570
-0.462111
1.535560
-1.101646
-0.176257
1.512903
-1.102012
0.077255
1.725879
-1.096247
0.342171
1.667272
-1.063692
0.282211
1.007963
-1.033470
0.418545
1.584253
-0.981771
0.653506
1.215734
0.001142
0.210073
0.052189
0.048955
0.614704
0.011154
0.122064
0.792398
0.400079
0.223506
1.248086
-0.027942
0.347416
1.090011
0.576322
0.462583
1.224361
0.209700
0.566854
1.143486
0.227764
0.675861
1.033662
-0.094545
0.784835
1.054672
-0.613121
0.883673
0.820312
-0.226095
0.954203
0.554630
-1.150170
1.017924
0.421893
-1.156603
1.047257
-0.071770
-0.524867
1.049137
-0.064796
-0.063007
1.043700
-0.267314
-0.118731
1.005671
-0.280076
-0.521994
0.974674
-0.329765
-0.175165
0.937304
-0.570470
-0.060726
0.877281
-0.520600
-1.044160
0.837540
-0.693924
-0.870551
0.756621
-0.913584
-0.187656
0.669142
-0.592535
-0.255808
0.608339
-0.657697
0.175311
0.540047
-0.782765
0.852320
0.456187
-0.878962
1.451911
0.384736
-0.518754
1.391969
0.321120
-0.514222
1.271850
0.259227
-0.598426
1.137960
0.197807
-0.655801
0.672715
0.131221
-0.672416
0.848839
0.056085
-0.579630
0.721838
-0.010023
-0.419921
-0.416841
-0.058414
-0.613209
-1.135980
-0.113046
-0.602506
-0.788966
-0.188146
-0.939691
-0.058689
-0.299231
-1.179724
0.277407
-0.412610
-1.298823
1.144731
-0.540367
-0.932450
0.180214
-0.639873
-0.796346
-0.290620
-0.712535
-0.690918
-0.851420
-0.799699
-0.718788
-0.197324
-0.881856
-0.825487
0.108228
-0.973413
-0.966864
-0.033564
-1.040286
-0.462538
0.100349
-1.076302
-0.317622
0.046290
-1.110565
-0.557074
0.787289
-1.162281
-0.466707
0.522683
-1.199321
-0.157877
0.036167
-1.194866
0.361693
0.877319
-1.133632
0.940372
0.710547
-0.198505
1.475844
0.007849
-0.047726
1.514946
-0.521359
0.093217
1.168596
-0.521241
0.208049
0.967563
-0.639393
0.316856
1.190042
-1.062559
0.430428
0.797086
-0.702343
0.531525
0.985027
-0.616941
0.642681
1.049698
-0.339204
0.738365
0.763658
-0.171944
0.811831
0.640370
-0.910238
0.887587
0.759841
-1.325863
0.947638
0.281173
-1.280657
0.982735
0.158431
-0.692694
1.007272
0.228090
-0.381528
1.005861
-0.195855
-0.265262
0.988195
-0.312615
-0.126995
0.951439
-0.353720
0.505382
0.903649
-0.391967
0.675603
0.857261
-0.471198
0.662392
0.801459
-0.558260
0.926039
0.751877
-0.670194
0.856540
0.679246
-0.562443
0.990850
0.632021
-0.063681
0.803035
0.622371
-0.395177
0.438766
0.556733
-0.835019
-0.434898
0.471833
-0.799724
-0.027406
0.395481
-0.486374
-0.141785
0.319094
-0.900358
0.179242
0.223416
-0.793870
0.782645
0.148048
-0.637921
0.464428
0.065120
-0.957504
0.779064
-0.041163
-1.061544
0.602699
-0.150409
-1.014915
0.568027
-0.254585
-0.876512
0.082844
-0.343706
-0.715367
-0.550853
-0.415840
-0.602835
-0.808787
-0.504052
-0.983596
-0.354680
-0.595369
-0.930655
-0.148869
-0.684180
-0.739954
0.625928
-0.751266
-0.360754
0.425168
-0.781141
-0.291202
-0.172935
-0.807796
-0.468282
0.700583
-0.866272
-0.528609
0.871232
-0.922453
-0.492326
0.270964
-0.964026
-0.367037
0.911777
-1.006058
-0.467824
0.531021
-1.064078
-0.471104
0.197906
-1.120149
-0.732893
0.514565
-1.187419
-0.595029
1.356150
-1.243270
-0.373761
1.156223
-0.210413
1.566523
-1.357286
-0.051819
1.445115
-1.304812
0.105190
1.364079
-1.434247
0.252083
1.150167
-1.576594
0.372072
1.331967
-1.923031
0.502768
1.113639
-1.794030
0.635966
1.223224
-1.877370
0.740648
0.791792
-2.083922
0.820574
0.626027
-1.989552
0.906241
0.672922
-1.919565
0.959583
0.412482
-1.725700
0.986971
0.087649
-1.482761
0.995420
0.076000
-0.878841
0.999684
-0.147422
-1.681636
1.004422
-0.118325
-1.317852
0.979152
-0.445608
-1.234507
0.943588
-0.528445
-0.672957
0.903600
-0.422040
-1.226442
0.882063
-0.324127
0.182196
0.853389
-0.350457
-0.155716
0.821359
-0.326311
-0.982176
0.791704
-0.216094
-0.681732
0.762093
-0.440062
-0.689782
0.702202
-0.737305
-0.186156
0.638940
-0.757402
0.188519
0.574445
-0.566645
0.414380
0.483081
-0.902595
0.635510
0.389817
-0.755649
0.950786
0.326677
-0.533766
0.854095
0.247007
-1.005261
0.839517
0.137639
-1.150241
0.733404
0.028639
-1.027006
0.669262
-0.072012
-0.887550
0.610816
-0.166634
-0.887714
0.826850
-0.288418
-1.097646
0.506739
-0.386676
-0.970087
0.556356
-0.496374
-1.218831
1.177506
-0.623660
-1.141237
1.276635
-0.726981
-0.870275
1.173529
-0.820104
-0.793032
1.418181
-0.903419
-0.597250
1.570442
-0.964887
-0.536725
0.884099
-1.023430
-0.626106
0.564462
-1.073391
-0.411475
0.505033
-1.118121
-0.181599
0.325637
-1.120658
-0.021193
0.312481
-1.099221
0.363923
-0.476909
-1.048548
0.359646
-0.389103
-0.993728
0.567055
0.189456
-0.925322
0.722091
-0.218189
-0.369879
2.227064
-2.494349
-0.155442
1.740377
-2.073335
0.030611
1.786812
-1.283877
0.226888
1.814009
-0.898574
0.383586
1.257935
-1.453742
0.500132
0.990412
-1.399299
0.583541
0.571304
-1.028778
0.663878
0.742306
-1.365462
0.729010
0.574445
-0.978079
0.767346
0.130019
-0.218332
0.796922
0.272362
-0.516840
0.841024
0.602489
-0.770233
0.910677
0.592503
-1.146131
0.961561
0.431942
-1.137442
0.999946
0.169129
-0.300751
1.006071
0.101421
0.227325
1.012054
-0.046013
-0.208987
0.991666
-0.264064
-0.353464
0.959848
-0.474393
-0.505727
0.902237
-0.619595
-0.169033
0.821123
-0.897927
-0.039314
0.737873
-0.618221
-0.031851
0.679922
-0.406874
1.156836
0.630086
-0.488277
0.192796
0.582140
-0.530733
0.503091
0.505558
-0.801607
0.693471
0.418959
-0.747141
0.720119
0.326378
-1.017120
0.971861
0.212432
-0.893825
1.045286
0.103437
-1.064539
1.530238
-0.016965
-1.171704
1.001909
-0.148634
-1.257336
1.326310
-0.253043
-0.801363
0.859065
-0.327152
-0.524484
-0.000338
-0.386300
-0.494442
-0.292830
-0.440034
-0.611283
-0.909900
-0.510142
-0.834789
-0.628678
-0.576983
-0.602947
0.453689
-0.634666
-0.495243
0.244967
-0.695076
-0.474925
0.666039
-0.743426
-0.564871
1.081650
-0.792068
-0.121695
0.935051
-0.818711
-0.226962
0.989243
-0.864009
-0.303011
1.720230
-0.889758
-0.054909
1.624273
-0.898253
0.044718
2.284151
-0.910410
0.032047
1.973781
-0.893871
0.445866
1.867952
-0.852596
0.586860
1.502370
-0.796821
0.606073
1.380863
0.062610
1.148382
-0.809036
0.184647
1.171858
-1.149733
0.317244
1.420893
-0.611718
0.442958
0.885906
-0.557178
0.521186
0.690048
-1.282173
0.593689
0.472866
-0.978095
0.658923
0.658802
-0.680554
0.719005
0.363585
-0.855463
0.781313
0.606738
-1.290288
0.857578
0.807259
-1.231777
0.942574
0.582184
-1.356480
0.994939
0.522440
-1.348089
1.054309
0.342994
-1.905621
1.076084
-0.191826
-1.600421
1.080390
-0.009618
-2.151207
1.089273
0.026677
-1.724857
1.086740
-0.393093
-1.463202
1.059130
-0.474553
-0.516897
1.024333
-0.405938
-0.829781
1.012278
-0.231400
-0.892895
0.983859
-0.391344
-1.800096
0.950411
-0.587576
-1.013497
0.893933
-0.735673
-1.039330
0.798010
-1.201582
-0.547418
0.689475
-0.940460
0.399522
0.604134
-0.866666
1.025117
0.499917
-1.020489
0.960927
0.375604
-1.108939
1.125465
0.261981
-1.116036
0.114960
0.136105
-1.305583
1.191064
-0.004497
-1.443790
1.049170
-0.138239
-1.187304
1.838792
-0.267862
-1.193491
2.426729
-0.389099
-1.067256
1.946264
-0.484914
-0.662917
1.972334
-0.572060
-0.627473
2.244963
-0.668082
-0.810988
2.125081
-0.766056
-0.832254
1.447457
-0.849178
-0.746740
1.642138
-0.920223
-0.435824
2.137367
-0.983541
-0.237966
2.065148
-1.009456
-0.080041
1.505235
-1.011753
0.186881
1.165322
-0.991605
0.170586
0.421114
-1.000360
-0.106086
0.067284
-1.000972
-0.142777
0.151709
-1.015970
-0.176799
0.140858
-1.056792
-0.550451
0.231098
-1.103557
-0.554110
0.341331
-1.143672
-0.488876
0.440760
-0.234450
0.884073
-0.462338
-0.131737
1.198574
-0.357249
-0.005328
1.256977
-0.453983
0.118793
1.292214
0.088994
0.261192
1.395419
0.419058
0.411135
1.502027
-0.031387
0.534073
1.040026
0.137564
0.644611
1.065442
0.352825
0.759189
1.168829
0.087386
0.868618
1.234765
0.426236
0.955907
0.764775
0.159305
1.020105
0.563382
-0.386075
1.051704
-0.089755
-0.207501
1.052989
-0.045026
-0.576259
1.071541
0.166425
-0.942179
1.104691
0.022055
-1.024752
1.091982
-0.498668
-1.203354
1.052772
-0.434360
-0.371442
0.988611
-0.658793
-0.723806
0.919510
-0.770857
-0.612389
0.845159
-0.747255
-1.482200
0.770420
-0.778715
-1.539378
0.679475
-0.961582
-0.542568
0.589925
-0.905065
0.021939
0.530702
-0.330917
0.391246
0.499946
-0.368614
0.602229
0.428820
-0.758541
-0.257607
0.344634
-0.776623
0.438408
0.260558
-0.628428
0.797680
0.179972
-1.028334
0.381061
0.075497
-0.910878
-0.189067
-0.030031
-1.017820
-0.029057
-0.127365
-0.835287
0.198331
-0.212896
-0.863628
-0.113860
-0.315228
-0.945138
-0.042938
-0.394443
-0.661296
-0.684832
-0.473488
-1.014209
0.081300
-0.559185
-0.847135
-0.250674
-0.650407
-0.904506
0.164611
-0.713643
-0.471416
0.947929
-0.784370
-0.685395
0.717273
-0.856925
-0.588426
1.110137
-0.918902
-0.552887
0.808810
-0.978731
-0.345576
0.159557
-1.020793
-0.429279
0.318624
-1.026287
0.120251
0.904181
-1.004540
0.572123
1.444817
-0.925337
1.088378
1.830668
-0.803980
1.245705
1.134151
-0.690317
1.350028
0.987972
-0.039419
1.109567
-0.633909
0.075781
1.129812
-1.001320
0.194092
1.151886
-1.192121
0.318273
1.247556
-1.443809
0.443853
1.013300
-1.526170
0.560211
1.066942
-1.194902
0.682271
0.965745
-2.285492
0.773825
0.847539
-2.259902
0.874309
0.841067
-1.894139
0.967463
0.802591
-2.325638
1.046206
0.545781
-2.384919
1.093873
0.091521
-2.513004
1.086782
-0.346977
-1.791396
1.060374
-0.287424
-1.578231
1.046388
-0.161866
-1.414670
1.032521
-0.127056
-1.421217
1.011164
-0.304923
-1.051639
0.959611
-0.628889
-0.120046
0.892373
-0.569179
0.443304
0.843123
-0.558948
0.475843
0.804106
-0.384842
-0.232170
0.754181
-0.497637
-0.986021
0.706260
-0.604149
-1.044715
0.642338
-0.882629
-0.828495
0.558444
-0.814170
-1.018642
0.484480
-0.743321
-0.547223
0.412943
-0.644318
-0.282564
0.363613
-0.499467
-0.817918
0.315457
-0.638080
-0.831100
0.231524
-0.787091
-0.403269
0.137512
-0.888032
-0.671165
0.047754
-0.971865
-0.378408
-0.042543
-0.882760
-0.334951
-0.114750
-0.568067
-0.217002
-0.167614
-0.416480
0.036411
-0.193077
-0.028474
0.283899
-0.201494
-0.188897
0.153545
-0.228688
-0.629812
0.107802
-0.298533
-0.750340
0.584542
-0.370659
-0.724414
1.028679
-0.457004
-0.984832
0.340188
-0.557206
-0.839171
0.409021
-0.647809
-0.824418
0.418774
-0.723806
-0.715523
0.970457
-0.809059
-0.622111
0.200762
-0.858280
-0.165485
1.155021
-0.887990
-0.202679
0.952002
-0.909982
-0.260512
0.413893
-0.932747
-0.160093
0.576004
-0.921274
0.270770
0.718014
0.216314
0.899868
-2.399602
0.315315
0.780579
-2.157595
0.392536
0.584388
-2.205062
0.452803
0.198679
-1.880794
0.505750
0.616167
-1.063881
0.559068
0.416057
-0.436282
0.627319
0.823187
-0.318973
0.729797
1.181908
-0.032643
0.833240
0.780871
-0.628133
0.909745
0.715197
-0.404416
0.963977
0.347926
-0.325264
0.984191
0.138213
-0.833021
0.988772
-0.008180
-1.069975
0.976720
-0.171368
-1.053551
0.966108
-0.388451
-0.311826
0.920437
-0.495162
-0.253289
0.870988
-0.775630
0.466619
0.808220
-0.441650
1.000310
0.758614
-0.318509
0.652699
0.717091
-0.249849
0.348915
0.682458
-0.219663
-0.000267
0.649761
-0.253171
-0.367519
0.617505
-0.437523
-0.578676
0.573278
-0.356114
-1.230521
0.526651
-0.552190
-1.253302
0.459729
-0.689460
-1.587910
0.400325
-0.472463
-0.233810
0.341297
-0.667729
-0.376483
0.279748
-0.776584
-0.503349
0.196316
-0.843498
-0.629614
0.148513
-0.548694
-0.359883
0.112255
-0.470631
-0.340766
0.078365
-0.508427
-0.701011
0.017102
-0.801053
0.140556
-0.087614
-1.243457
0.492984
-0.217304
-1.509582
1.060054
-0.356799
-1.416697
0.987981
-0.478943
-0.896174
1.346320
-0.568519
-0.914572
1.048448
-0.651711
-0.758325
-0.128008
-0.707318
-0.540499
-0.282225
-0.753016
-0.551547
-0.653611
-0.803379
-0.435816
-0.198175
-0.868977
-0.575131
-0.689099
-0.919249
-0.449522
-0.571868
-0.978229
-0.660956
-0.275867
-1.048744
-0.591110
-0.247203
-1.084023
-0.524581
0.217471
-1.122721
-0.447424
1.237669
-1.176693
-0.696621
0.998441
0.197879
0.228761
1.591495
0.220527
0.420492
1.630355
0.263150
0.436321
1.360728
0.337031
1.105254
1.414939
0.441550
0.988446
0.495460
0.540802
0.881217
-0.164843
0.629977
0.644121
-0.322679
0.690790
0.540699
-0.380621
0.743123
0.382080
-1.162144
0.790549
0.531648
-1.506885
0.818425
0.129375
-0.825265
0.847430
0.144132
-0.958245
0.869580
0.326967
-0.336491
0.901534
0.305914
-0.354186
0.918809
0.166986
-0.190565
0.933682
0.084286
0.198181
0.921714
-0.290239
0.143538
0.904845
0.114125
0.172715
0.899745
-0.034041
-0.710055
0.913067
0.145528
-0.915145
0.915159
-0.150695
-1.148881
0.875915
-0.577393
-1.144420
0.808945
-0.775109
-1.074520
0.737837
-0.793347
-1.347903
0.660077
-0.790781
-0.430766
0.562798
-1.227135
-0.389066
0.452134
-0.949117
0.005282
0.356945
-0.990730
-0.250733
0.267970
-1.053752
-0.117701
0.175519
-0.903541
0.040068
0.067755
-1.082353
-0.168838
-0.032072
-1.012956
0.440349
-0.137087
-0.976077
0.049024
-0.218870
-0.859342
0.586373
-0.322395
-0.931047
1.763919
-0.420646
-0.978714
1.380188
-0.497882
-0.159465
1.124186
-0.533416
-0.146264
0.861964
-0.569917
-0.575587
1.341580
-0.638270
-0.570327
0.912184
-0.683550
-0.395618
0.457038
-0.731595
-0.629940
0.328763
-0.794849
-0.486285
0.533820
-0.822729
-0.138950
0.698017
-0.832326
-0.284922
0.442125
-0.882434
-0.474540
-0.160571
-0.915467
-0.370570
-0.231905
-0.948079
-0.233472
-0.485169
-0.994261
-0.673092
-0.316898
-1.042046
-0.619368
0.262527
0.146952
0.893787
-2.137872
0.252365
0.884829
-2.571519
0.336963
0.575667
-2.598948
0.397541
0.501346
-2.495561
0.444921
0.139850
-1.726166
0.486724
0.281385
-1.099368
0.528773
0.205759
-0.066144
0.559845
0.583518
-0.342500
0.637191
0.719456
-0.655560
0.706626
0.567503
-0.388358
0.774269
0.613338
-0.504747
0.813664
0.417319
-0.430124
0.844098
0.210617
-0.145592
0.867260
0.095208
-0.273858
0.893959
0.239715
-0.460026
0.926016
0.478863
-0.270814
0.945323
0.142779
-0.765820
0.944722
-0.046107
-0.608310
0.925182
-0.355325
-0.821636
0.894522
-0.222171
-1.137486
0.874345
-0.255353
-1.096727
0.857181
-0.278633
-1.579715
0.812290
-0.602893
-1.055483
0.751589
-0.691232
-0.985322
0.690376
-0.664458
-0.158047
0.613144
-0.930933
-0.198323
0.532543
-0.861419
-0.168131
0.430282
-1.243191
-0.269342
0.313745
-1.061653
-0.006685
0.206886
-1.264433
0.674294
0.081909
-1.042671
1.109977
-0.043558
-1.415525
0.963395
-0.162916
-0.707354
0.646255
-0.237902
-0.823014
0.452577
-0.344557
-1.135739
0.664158
-0.464425
-1.229052
0.793893
-0.561469
-0.832927
0.673306
-0.651691
-0.799872
0.553919
-0.730869
-0.910309
0.622362
-0.839691
-0.718389
0.228117
-0.884501
-0.230349
0.758474
-0.904942
-0.181527
0.393253
-0.938087
-0.535413
0.428221
-0.994314
-0.527617
1.567406
-1.059705
-0.631011
1.445042
-1.119513
-0.364075
1.692926
-1.141020
-0.004271
1.393933
-1.132028
0.422877
1.990568
-1.085189
0.640216
2.075235
-1.050423
0.601380
1.846834
-0.140299
0.999413
-0.283447
-0.034002
1.108212
-0.953536
0.093324
1.434359
-1.718563
0.249991
1.351869
-1.545118
0.390018
1.304337
-1.013897
0.501758
0.874034
-0.434757
0.604661
1.037679
-0.694361
0.725036
0.990053
-0.501984
0.809040
0.777733
-1.010836
0.877448
0.396993
-0.653180
0.933184
0.658637
-1.119701
1.004014
0.425311
-1.383893
1.056020
0.100519
-0.722432
1.069507
0.101083
-0.880281
1.085056
0.076761
-1.080770
1.091019
-0.153590
-1.101307
1.083815
-0.281163
-0.901876
1.039674
-0.372666
-0.109811
0.991296
-0.527455
0.676133
0.936960
-0.569707
0.382190
0.898892
-0.193157
-0.651291
0.885857
-0.099500
-0.911591
0.874504
-0.480809
-0.764792
0.799949
-1.092519
-0.498694
0.687768
-1.260444
-0.495292
0.550792
-1.569859
0.122048
0.400478
-1.103942
0.399566
0.292869
-0.980432
1.226339
0.191921
-0.782980
1.400689
0.089659
-0.979119
1.399678
0.001379
-0.881805
1.114886
-0.076312
-0.534226
1.276532
-0.130866
-0.620311
1.303610
-0.203263
-0.604872
0.627350
-0.286559
-0.860575
0.368883
-0.385440
-0.863623
1.361370
-0.468626
-0.749407
0.595080
-0.555193
-0.977288
1.241933
-0.641947
-0.739901
1.083364
-0.735159
-0.778626
1.188180
-0.824836
-0.709089
0.968964
-0.899997
-0.685286
-0.024647
-0.942352
-0.355803
0.595475
-0.971517
-0.237295
0.765564
-0.990888
0.047534
1.390571
-0.995157
0.061887
1.278485
-1.007441
-0.095307
0.342940
-1.012093
-0.092516
0.063026
-1.007056
0.074700
-0.115056
-1.001760
0.225874
0.472691
0.248598
0.185768
-0.024196
0.250524
0.109766
-0.663476
0.269512
0.375159
-0.130513
0.326499
0.767030
0.828491
0.404753
0.765933
0.903336
0.499544
0.865071
-0.335527
0.569896
0.372114
-0.203312
0.606714
0.337774
-0.225029
0.639086
0.365002
-0.294537
0.680227
0.595675
0.454632
0.735797
0.357367
-0.037792
0.774620
0.360300
0.188048
0.821117
0.579477
-0.020333
0.862974
0.275361
-0.315308
0.886990
0.267206
-0.252579
0.904459
0.013209
-0.183618
0.924667
0.158401
0.254160
0.922739
-0.192062
-1.113311
0.900037
-0.184499
-1.245313
0.875227
-0.445146
-1.155665
0.827742
-0.210389
-0.705940
0.793288
-0.567694
-0.400594
0.726355
-0.740446
-0.187854
0.656012
-0.954659
-0.616636
0.567958
-0.582962
-0.946273
0.506016
-0.811254
-0.665590
0.437414
-0.461174
-0.274257
0.389426
-0.525284
-0.194836
0.317097
-0.796572
-0.419303
0.230298
-0.943192
-0.110442
0.129278
-0.941967
-0.297036
0.050683
-0.919280
-0.595546
-0.035896
-0.877123
-0.931003
-0.145840
-1.082129
-1.081774
-0.248168
-0.750779
-1.135216
-0.321213
-0.718462
-1.203151
-0.405402
-0.879356
-1.913670
-0.485538
-0.811020
-1.367374
-0.562379
-0.775639
-1.618675
-0.617963
-0.403803
-1.185263
-0.638989
-0.470265
-1.322524
-0.694942
-0.786042
-0.562316
-0.748662
-0.438120
-1.003115
-0.783714
-0.391691
-0.726470
-0.840561
-0.755324
-1.399629
-0.905362
-0.438417
-1.795528
-0.956376
-0.774454
-1.919353
-1.041360
-1.138326
-2.186786
-1.170201
-1.688712
-1.992895
-1.353614
-2.101156
-2.400121
0.019710
0.918451
0.718348
0.096290
0.795875
0.680361
0.169888
0.757755
-0.769556
0.264958
0.920378
-1.820081
0.394916
1.373016
-1.695163
0.543275
1.311105
-1.962907
0.657612
0.786691
-2.261969
0.752808
0.615238
-2.024277
0.829363
0.518942
-2.248835
0.887566
0.550167
-2.269123
0.942127
0.447785
-2.910988
1.016399
0.472156
-2.042268
1.055483
0.129396
-2.106747
1.062698
-0.283758
-1.989684
1.044011
-0.203031
-1.876976
1.017344
-0.377617
-1.046414
0.992752
-0.195177
-0.933023
0.992933
0.050263
-0.799237
0.992603
-0.155471
-0.510391
0.966297
-0.415173
-1.091042
0.934282
-0.390933
-1.030273
0.902146
-0.351623
-0.949194
0.862585
-0.484987
-0.631539
0.790482
-1.133878
-0.876121
0.677038
-1.187541
-0.760512
0.555980
-1.299633
-0.434636
0.430861
-1.120272
-0.249095
0.306149
-1.154889
0.760008
0.211421
-0.656305
0.014061
0.151299
-0.652435
-0.715790
0.090343
-0.711129
-0.387016
0.018690
-1.039126
-0.302395
-0.085145
-1.055952
-0.253047
-0.180594
-0.845074
0.583891
-0.259177
-0.748759
0.592494
-0.346328
-0.787227
0.315185
-0.433267
-0.949369
-0.399799
-0.534297
-1.085827
-0.164260
-0.615020
-0.667967
-0.323826
-0.678716
-0.665164
-0.246514
-0.753660
-0.712566
0.006384
-0.823795
-0.711945
0.244908
-0.899229
-0.833095
-0.012791
-0.982365
-0.697881
0.067957
-1.054999
-0.706719
0.338820
-1.119905
-0.392964
0.445623
-1.150650
-0.229338
-0.108625
-1.160967
0.037872
-0.473659
-1.175843
-0.317996
-0.766758
-1.201604
-0.306430
-0.704159
-0.306854
1.787593
0.519037
-0.105424
2.156913
-0.770182
0.099169
1.716853
-1.505461
0.272058
1.417095
-1.524582
0.410524
1.163417
-1.843053
0.535403
1.022659
-2.474351
0.635022
0.777439
-2.241736
0.723362
0.616863
-1.859282
0.804775
0.811267
-1.760320
0.870599
0.357606
-1.657927
0.891551
0.048143
-1.609031
0.898935
-0.054837
-1.295543
0.918942
0.151579
-1.617470
0.941707
0.164203
-1.813451
0.970730
0.244726
-1.789722
0.975489
-0.371400
-1.867170
0.923447
-0.619980
-1.500972
0.884292
-0.028950
-0.993093
0.892853
0.100606
-0.843021
0.889622
-0.355344
0.069266
0.849263
-0.180129
-0.249940
0.815231
-0.789815
0.124669
0.751592
-0.490731
-0.292912
0.691905
-0.714201
-0.358138
0.617616
-0.843060
0.108330
0.526706
-1.019128
0.003904
0.421442
-1.086100
0.271997
0.303462
-1.291942
-0.427549
0.190730
-0.922868
-0.213103
0.104730
-0.843969
0.358959
0.027579
-0.771342
0.452793
-0.068937
-0.975926
-0.052065
-0.169987
-1.041729
0.064065
-0.284886
-1.019749
-0.311366
-0.384453
-0.890887
0.063311
-0.457961
-0.684859
-0.493867
-0.513890
-0.602482
0.367467
-0.593124
-0.864528
-0.153546
-0.664874
-0.769657
-0.668402
-0.738165
-0.645958
-1.013765
-0.786718
-0.420611
-0.770616
-0.813609
-0.154896
-0.432341
-0.830662
-0.363148
-0.042450
-0.863342
-0.222774
-0.281007
-0.905204
-0.492222
0.512433
-0.949349
-0.425375
0.512827
-1.008654
-0.635731
0.898550
-1.069769
-0.421668
0.383124
-1.138580
-0.826028
0.504178
-1.229323
-0.852503
0.224858
-0.199639
1.450876
-0.560631
-0.054905
1.444637
-1.044818
0.097704
1.628143
-0.849353
0.260236
1.476852
-1.088796
0.395349
1.135197
-0.698631
0.521540
1.250609
-0.697952
0.622856
0.706878
-0.370500
0.679591
0.340239
0.445454
0.713006
0.411373
0.195865
0.768591
0.682746
0.131284
0.843906
0.712102
-0.833839
0.910916
0.470580
-1.546509
0.966352
0.440928
-1.516094
1.014726
0.238548
-1.596757
1.027447
-0.209134
-0.628230
1.015576
-0.262334
-0.619144
0.996167
-0.196199
0.141392
0.960632
-0.518363
0.662374
0.924489
-0.012534
0.515687
0.911844
-0.197747
0.560282
0.894818
-0.163539
-0.149972
0.861119
-0.329988
0.105055
0.797917
-0.857998
0.353469
0.719671
-0.423331
-0.113657
0.671316
-0.466792
0.013143
0.616837
-0.661030
-0.027328
0.542299
-0.842481
0.627611
0.454072
-0.869944
0.455725
0.356863
-1.056638
-0.044232
0.257662
-1.126971
0.015731
0.121507
-1.238772
0.311287
0.012793
-0.885622
0.096631
-0.076007
-0.729644
0.408391
-0.157578
-0.816295
0.374245
-0.247296
-0.793104
0.113133
-0.335576
-1.019947
0.193789
-0.446512
-0.999464
0.031537
-0.556388
-0.906391
0.420143
-0.648213
-0.845196
0.226753
-0.737541
-0.812108
0.506628
-0.819124
-0.722548
0.447617
-0.880257
-0.406242
0.591853
-0.934033
-0.509072
0.665045
-0.984407
-0.297913
1.197666
-1.020613
-0.379866
0.853746
-1.021810
0.259594
0.542799
-1.001933
0.266651
-0.201684
-0.997761
-0.037485
-0.487169
-0.981303
0.410575
-0.805981
-0.939367
0.044926
-1.185632
-0.403908
2.139908
-0.376049
-0.174868
2.088283
-0.696952
0.013348
1.504547
-0.349588
0.181354
1.372114
0.222617
0.320475
1.266154
-0.190817
0.443193
1.192403
0.133745
0.577672
1.570002
-0.365815
0.714265
1.169102
-0.870712
0.825607
0.997970
-0.940435
0.906221
0.642109
-0.617295
0.957101
0.258618
-0.991950
0.979721
0.110127
-0.655671
0.979731
-0.140087
-0.804360
0.988412
0.037926
-0.438136
1.001836
0.065822
-0.391671
0.997107
-0.137053
-0.222243
0.982138
-0.272415
-0.023219
0.969234
-0.060465
-0.047457
0.955094
-0.260133
-0.310151
0.915417
-0.364108
-0.573027
0.877776
-0.358455
0.092005
0.859445
-0.070364
0.344694
0.852096
-0.196221
-0.666810
0.818964
-0.552709
-0.628714
0.749077
-0.783154
-0.348055
0.680117
-0.786515
-0.565088
0.593291
-0.901350
-0.320615
0.501499
-1.040228
-0.273610
0.398783
-1.125308
-0.751381
0.305473
-0.942321
-0.877411
0.222524
-0.674561
-0.153666
0.152240
-0.817631
0.054983
0.041062
-1.207250
-0.181041
-0.088272
-1.471768
-0.199078
-0.230897
-1.447408
-0.654115
-0.375693
-1.469111
-0.117210
-0.488009
-0.822765
0.016792
-0.554662
-0.769308
-0.281683
-0.638241
-0.736676
-0.542128
-0.726547
-0.804058
-0.237996
-0.809580
-0.863380
0.431102
-0.895447
-0.758228
0.983911
-0.975356
-0.493325
0.883286
-1.016065
-0.202913
1.305652
-1.057536
-0.332435
1.972844
-1.110721
-0.275449
2.659602
-1.149299
-0.223343
2.485155
-1.187794
-0.172652
2.270588
-1.227856
-0.319375
2.266534
-1.227796
0.357267
1.819549
0.037541
1.344853
-1.238469
0.181802
1.087644
-1.499646
0.294576
1.268981
-0.611232
0.430162
1.105905
-1.463428
0.531306
0.868309
-0.912063
0.606824
0.450646
-1.048273
0.669887
0.729832
-0.477053
0.732086
0.428301
-0.348520
0.784149
0.346512
-0.746251
0.827598
0.314940
-0.352947
0.865314
0.447259
-0.084703
0.918518
0.564747
-0.063408
0.953048
0.354167
-0.601898
1.002193
0.497259
-0.280602
1.046243
0.142034
-0.554231
1.060543
0.162265
-1.127580
1.075999
0.279254
-1.705427
1.096373
0.040691
-1.775431
1.084311
-0.384989
-1.810709
1.073288
-0.363512
-2.185461
1.024871
-0.719152
-1.568631
0.948006
-1.099808
-1.525461
0.844255
-1.118226
-1.556103
0.747375
-0.822171
-1.443964
0.684083
-0.706549
-1.442187
0.622851
-0.708646
-1.305831
0.553576
-0.761675
-1.213222
0.477772
-1.021387
-0.544447
0.354597
-1.484971
-0.649601
0.222040
-1.120438
-0.467827
0.130408
-0.683051
-0.780240
0.060528
-0.600942
-0.591681
-0.002956
-0.987163
-0.358049
-0.101159
-1.027100
0.007262
-0.203302
-0.984464
-0.272400
-0.311907
-1.180832
0.166574
-0.420320
-1.006809
-0.304396
-0.528968
-1.023596
-0.836480
-0.624255
-0.793539
-1.080323
-0.724086
-1.075183
-1.070621
-0.806172
-0.664583
-1.035102
-0.862237
-0.672942
-0.138964
-0.934942
-0.884933
0.026192
-1.015524
-0.627410
-0.522792
-1.074544
-0.618845
-0.344509
-1.117028
-0.345243
-0.435014
-1.147157
-0.293693
-1.283281
-1.167997
-0.402779
-1.417841
-1.223505
-0.696228
-1.542430
-1.295764
-0.713363
-1.300154
-0.177720
1.398685
-0.023368
-0.024453
1.727643
-0.242459
0.137162
1.624743
-0.606777
0.309067
1.669119
-1.122611
0.476611
1.358654
-1.770176
0.595811
0.698116
-1.178558
0.656353
0.483425
-1.025800
0.719648
0.549324
-0.468994
0.782103
0.492338
-1.169558
0.840680
0.521995
-0.948323
0.916263
0.725483
-1.053684
0.980585
0.255929
-1.232429
1.019289
0.163127
-1.427890
1.027211
-0.272621
-1.411321
1.013838
-0.173601
-1.313039
0.987962
-0.407871
-1.040962
0.945058
-0.347966
-1.665638
0.932426
-0.297737
-1.435089
0.907961
-0.262934
-1.113501
0.861005
-0.846126
-1.489225
0.802632
-0.510597
-0.986367
0.746600
-0.672031
-0.525107
0.658705
-0.997510
-0.099029
0.552310
-1.064725
-0.248231
0.459352
-0.666431
-0.005324
0.382011
-0.793091
-0.605293
0.288653
-0.990768
-0.846361
0.198161
-0.912829
-0.796522
0.109226
-1.009179
0.357320
0.001685
-1.188297
0.569336
-0.096854
-0.775259
0.474216
-0.205814
-1.217746
0.528927
-0.313413
-0.919952
0.389174
-0.404134
-0.751755
1.006131
-0.481387
-0.500663
1.425248
-0.557810
-0.642267
1.301794
-0.631168
-0.601186
1.022984
-0.676429
-0.219202
1.482502
-0.710182
-0.268052
0.669139
-0.729740
0.017219
0.513771
-0.738964
0.039995
-0.381321
-0.732937
-0.079093
-0.766730
-0.748769
-0.554965
-0.662330
-0.806105
-0.669209
0.275381
-0.888553
-1.032503
0.458683
-1.002113
-1.040857
-0.052612
-1.090517
-0.977863
-0.817493
-1.200782
-1.298549
-0.593275
-1.317819
-1.145332
-0.572500
-1.425625
-0.993163
-1.235164
-0.029416
1.265913
0.060344
0.085181
1.058499
-0.342487
0.187388
0.942896
0.383056
0.299650
1.154585
0.142528
0.419127
1.227466
0.942853
0.532214
0.904613
0.698880
0.614659
0.669152
0.730121
0.679306
0.781826
0.978536
0.751781
0.764754
0.802304
0.801401
0.274086
0.858142
0.826931
0.290491
0.701451
0.857256
0.246723
0.013282
0.870403
-0.009435
-0.126408
0.857169
-0.090356
0.248783
0.837746
-0.296120
-0.042879
0.828166
0.145631
-0.192686
0.857565
0.576742
-0.363733
0.913976
0.519447
-0.673999
0.960475
0.308162
-1.379082
0.986491
0.022350
-1.598634
0.981575
-0.284427
-0.932916
0.956875
-0.398914
-1.317497
0.911235
-0.640519
-1.237564
0.862574
-0.582775
-1.767992
0.792578
-1.012220
-1.805159
0.694862
-1.091053
-1.505153
0.593394
-1.016483
-2.176080
0.492981
-1.005822
-1.064165
0.395334
-1.086674
-0.559807
0.301495
-1.171871
0.407468
0.189361
-1.137115
0.245097
0.087967
-0.841301
1.014681
-0.020125
-1.299937
1.233080
-0.140478
-1.134099
0.789167
-0.235976
-0.783068
0.426653
-0.319186
-1.068649
-0.221517
-0.430182
-0.876213
0.126208
-0.518972
-0.758721
0.145170
-0.591053
-0.977792
0.170720
-0.695488
-1.069144
0.731526
-0.800834
-0.692917
0.649647
-0.874781
-0.693779
0.556578
-0.923753
-0.326636
0.492831
-0.961282
-0.234444
1.031572
-0.975639
0.055921
0.705688
-0.970023
-0.016789
0.730333
-0.971924
0.141347
0.661784
-0.960728
0.235133
0.748138
-0.941586
0.514211
0.109897
-0.903464
0.510174
-0.497450
-0.345666
1.452598
-0.532831
-0.205300
1.205487
-0.160871
-0.074438
1.239516
-0.954112
0.058197
1.341145
-0.625911
0.209798
1.476877
-1.170435
0.371358
1.563132
-1.852994
0.521625
1.386759
-1.524151
0.643357
0.952128
-1.397519
0.740889
0.547379
-1.871396
0.811381
0.590291
-1.123841
0.859176
0.383954
-1.761353
0.923520
0.508929
-1.711911
0.977340
0.194506
-1.370447
0.991040
0.151867
-1.248337
1.002649
-0.170081
-1.596433
0.993364
-0.173121
-1.280048
0.982523
-0.243081
-1.617313
0.956237
-0.520688
-0.835968
0.916771
-0.462434
-1.195580
0.884961
-0.520577
-0.462374
0.829876
-0.714379
-0.234633
0.766364
-0.599817
0.032479
0.692862
-0.777705
0.345561
0.603446
-1.033030
0.364537
0.501531
-1.085017
0.435072
0.392397
-1.114878
0.388459
0.280785
-1.055971
0.469396
0.168127
-0.953434
0.731367
0.065911
-0.978258
1.005394
-0.012527
-0.737531
0.191111
-0.097209
-1.048189
0.249588
-0.197182
-0.896742
0.437793
-0.269637
-0.621933
1.054231
-0.338888
-0.590518
1.170904
-0.409243
-0.564462
1.640166
-0.474433
-0.623475
0.667800
-0.559216
-0.741362
0.894946
-0.622933
-0.343895
0.854812
-0.649248
-0.145867
1.108733
-0.649859
0.039038
0.722354
-0.649196
-0.127911
0.418003
-0.671909
-0.042626
0.522209
-0.719450
-0.670592
-0.020428
-0.777929
-0.491990
0.854626
-0.838942
-0.703566
0.890294
-0.930491
-0.649256
0.695759
-0.979189
-0.430866
0.928343
-1.007064
-0.074997
0.856812
-1.003988
-0.003427
1.332711
-1.027800
-0.126026
2.219876
0.064324
0.716950
-0.809806
0.129488
0.440897
-0.661810
0.189473
0.704964
-0.460147
0.271232
0.678925
-0.191219
0.344848
0.827683
0.121363
0.438944
1.049132
0.269986
0.543652
0.983265
-0.004619
0.619553
0.535151
-0.869967
0.688826
0.606094
-0.416499
0.747767
0.528296
0.746242
0.798135
0.545731
0.693658
0.838406
0.394158
0.457854
0.873216
0.432811
-0.552528
0.917043
0.266543
-0.733373
0.958713
0.393866
-0.708592
0.996501
0.185151
-0.815092
1.003092
-0.244803
-0.435350
0.982771
-0.275326
-0.482182
0.937317
-0.676396
0.138886
0.853768
-0.670743
0.392897
0.795961
-0.573358
0.012857
0.742399
-0.527561
-0.202477
0.684530
-0.658042
-0.783610
0.612654
-0.782659
-0.420455
0.541501
-0.596266
-0.305165
0.482098
-0.756585
-0.467946
0.421482
-0.452956
-1.087384
0.371653
-0.754767
-1.244552
0.303485
-0.763360
-1.049533
0.245837
-0.679648
-1.533300
0.167253
-1.059275
-0.877661
0.058902
-1.207718
-0.906269
-0.060701
-1.218843
-0.513435
-0.183834
-1.203252
-0.382010
-0.304658
-1.080287
-1.189569
-0.421205
-1.082907
-0.526786
-0.529410
-1.172981
-0.082448
-0.632198
-0.939675
0.085970
-0.723606
-0.863894
-0.155561
-0.809736
-0.953073
-1.101035
-0.886064
-0.688188
-0.724804
-0.952965
-0.393060
-0.520524
-0.985209
-0.522495
-0.916827
-1.042971
-0.507212
-0.535630
-1.088100
-0.383705
-0.524644
-1.101730
-0.104074
-0.873184
-1.099888
0.007396
-0.879133
-1.107703
-0.214376
-1.517233
-1.136255
-0.494824
-1.710377
-1.216432
-1.002459
-2.135137
-0.059392
0.533341
0.146116
0.023992
0.989711
-0.383817
0.120592
1.099034
-0.239736
0.214915
0.780140
0.298698
0.315529
1.071701
0.947060
0.417801
1.143222
0.387492
0.536029
1.232547
0.266912
0.671463
1.404287
-0.456444
0.795513
1.058695
-0.383838
0.906477
0.865171
-0.133765
0.994165
0.623079
-0.211496
1.041265
0.099773
-0.555078
1.040142
-0.070199
-0.526947
1.036428
-0.098031
-0.987259
1.029646
-0.256778
-0.660403
0.991695
-0.552786
-0.462660
0.938951
-0.505104
0.029814
0.894595
-0.413909
0.211194
0.860794
-0.323339
0.005005
0.809435
-0.589028
-0.423126
0.771736
-0.324729
-0.503011
0.727486
-0.604160
-1.469355
0.667690
-0.543682
-0.887167
0.611858
-0.673395
-1.078223
0.542078
-0.684008
-1.184942
0.459534
-0.884241
-0.431776
0.381678
-0.614977
-0.170421
0.318289
-0.697774
0.279628
0.239054
-0.882629
-0.381663
0.146732
-0.839414
-0.457957
0.054330
-1.161521
-0.272520
-0.053343
-0.995866
-0.032132
-0.162724
-1.147052
-0.440540
-0.265680
-1.055265
-0.024630
-0.367605
-0.968859
0.083224
-0.471437
-1.207116
-0.736332
-0.581297
-1.419573
-0.062142
-0.692356
-0.915818
0.277365
-0.795228
-0.992761
0.163587
-0.904038
-1.035678
0.244573
-1.012870
-0.871262
0.788409
-1.081243
-0.466167
1.380362
-1.110427
-0.012740
0.921682
-1.095087
0.177282
1.155118
-1.078217
0.184610
0.569076
-1.060412
-0.014212
0.224961
-1.077464
-0.050641
-0.757884
-1.066074
0.134596
-0.014846
-1.069884
0.007727
-0.137480
-1.071818
-0.209373
-1.486329
-0.000669
1.132704
-2.425322
0.115509
0.937444
-1.722638
0.216708
0.814764
-0.756176
0.305702
0.718877
0.218916
0.397847
0.940258
0.354500
0.471893
0.762295
0.104645
0.550613
0.790768
-0.244737
0.647489
0.901482
-0.566408
0.739558
0.849156
-0.676327
0.825244
0.739618
-0.818895
0.904026
0.462926
-1.794700
0.942523
0.114635
-1.564453
0.978121
0.550744
-0.779732
1.039097
0.490645
-1.171296
1.073249
0.166626
-0.837585
1.081705
0.114685
-0.769775
1.089924
0.084378
-0.342272
1.084542
-0.114322
-0.215817
1.067058
-0.406406
-0.286544
1.009209
-0.921219
-0.337844
0.913731
-1.015547
-0.073924
0.816012
-0.918574
-0.472294
0.742468
-0.589090
-0.580507
0.694168
-0.449618
-0.814625
0.637758
-0.654557
-0.485679
0.549483
-1.067563
-0.324147
0.441284
-0.950575
0.287967
0.347614
-0.755704
0.459420
0.274599
-0.548526
0.765299
0.207614
-0.636863
0.752882
0.142540
-0.754428
0.991798
0.076231
-0.448638
0.371688
0.017570
-0.605270
1.131109
-0.058204
-0.609991
1.006302
-0.124672
-0.684376
0.893085
-0.188759
-0.487244
0.657955
-0.249804
-0.592841
0.455211
-0.330238
-0.865075
0.259963
-0.431457
-1.084999
0.282763
-0.524710
-0.850092
-0.085621
-0.608384
-0.742795
0.102923
-0.709385
-1.010104
0.455253
-0.809646
-1.122914
0.797258
-0.900138
-0.755318
0.571118
-0.951670
-0.360190
0.737684
-0.985525
-0.416096
0.722533
-1.029512
-0.254831
0.442576
-1.068720
-0.371973
0.387943
-1.114426
-0.335766
0.557970
-1.145630
-0.158598
0.824376
0.025121
0.960764
-0.003856
0.109567
0.604532
-0.432614
0.168883
0.494505
0.158297
0.216858
0.591984
0.223962
0.282528
0.774026
0.173602
0.354542
0.772140
0.005706
0.423853
0.511785
0.011317
0.488855
0.662938
-0.055385
0.559655
0.665361
-0.123706
0.623317
0.603221
-0.270500
0.709357
0.965147
-0.130102
0.785999
0.780846
-0.921834
0.855281
0.454949
-0.964596
0.905754
0.506357
-1.077334
0.965645
0.573511
-1.206455
1.028347
0.384380
-0.344138
1.043046
-0.108568
0.394553
1.035502
0.045981
0.524727
1.030390
-0.026756
0.039857
1.033444
-0.280099
-0.374164
0.992613
-0.523472
-1.469156
0.926005
-0.677719
-1.475647
0.869496
-0.749334
-1.784078
0.804586
-0.683932
-1.972299
0.720523
-1.156341
-0.856812
0.621057
-1.037182
-0.582610
0.510444
-1.042132
-0.134058
0.409227
-0.966729
0.117115
0.279931
-1.438456
0.319973
0.106171
-1.752152
0.523694
-0.043523
-1.409994
0.358986
-0.155040
-0.798393
-0.017335
-0.257630
-1.122922
0.068908
-0.351168
-0.779211
0.764747
-0.443960
-0.816014
0.348953
-0.531414
-0.823092
0.191002
-0.600114
-0.449120
0.037398
-0.625326
-0.239176
0.680719
-0.652841
-0.198684
0.208971
-0.680797
-0.318315
0.426975
-0.714837
-0.365244
0.604889
-0.748896
-0.323460
0.820440
-0.798869
-0.508061
0.309616
-0.842982
-0.409948
0.548282
-0.885496
-0.343451
0.144769
-0.896391
0.124517
-0.111844
-0.889087
0.076063
0.035476
-0.870049
0.071761
0.670797
-0.892192
-0.111314
0.069236
-0.883668
0.322807
0.145661
0.107689
0.301998
-0.132546
0.154248
0.668577
-0.638072
0.220525
0.507218
-0.376730
0.293147
0.810037
0.216420
0.388578
0.862105
-0.317730
0.476301
0.650193
0.106267
0.560629
0.969660
0.050515
0.643060
0.921343
0.207659
0.747067
1.070668
-0.163611
0.840741
0.898266
-0.213313
0.923616
0.616869
-0.997740
0.976678
0.179851
-1.464932
1.010835
0.231411
-1.157526
1.022017
0.132686
-0.699974
1.027604
-0.110824
-0.023861
1.008631
-0.312623
-0.635813
0.979121
-0.329820
-0.718906
0.950183
-0.284975
-0.683574
0.939500
-0.227692
-0.835762
0.917788
-0.211694
-1.037498
0.883570
-0.501763
-1.876134
0.849884
-0.454216
-1.640352
0.798155
-0.759701
-1.794334
0.729505
-0.628097
-1.499735
0.665123
-0.735551
-1.266049
0.608432
-0.602418
-1.215601
0.547374
-0.657875
-0.701102
0.458354
-1.006179
-0.702359
0.350929
-1.398752
-0.910852
0.216491
-1.324732
-0.122555
0.093523
-1.046103
-0.039817
-0.025010
-1.125911
0.752394
-0.148238
-1.254660
0.574726
-0.262503
-1.002151
0.738841
-0.356249
-0.966688
0.671385
-0.447730
-0.766095
0.127321
-0.518446
-0.588953
0.227767
-0.579088
-0.765546
0.407676
-0.659083
-0.632125
0.390072
-0.721944
-0.596230
0.271498
-0.801823
-1.001856
-0.196833
-0.902842
-0.949577
0.630909
-1.014049
-1.030929
0.900720
-1.094232
-0.445802
1.367328
-1.127537
-0.110699
1.351228
-1.141198
-0.044129
1.653415
-1.151785
-0.046276
1.497670
-1.173997
-0.048482
1.193529
-1.210857
-0.215677
1.203058
-1.233956
-0.282761
1.199327
0.059821
0.101077
1.088609
0.077982
0.075820
0.947456
0.108863
0.507062
0.237141
0.191482
0.968648
-0.045727
0.279903
0.907816
0.171137
0.376336
1.000592
-0.125583
0.485702
1.067003
-0.059701
0.600882
1.279748
-0.090675
0.714778
1.077870
0.310317
0.810038
1.000387
0.151476
0.886670
0.589873
0.433081
0.949524
0.601342
0.380573
1.007886
0.531917
0.035346
1.056426
0.058319
-0.142626
1.042567
-0.267252
-0.264800
1.024163
-0.237340
-0.845213
1.010007
-0.179433
-1.211159
0.997718
-0.103689
-1.260001
0.962176
-0.612902
-0.916990
0.912743
-0.496773
-0.653803
0.879903
-0.460530
-1.025493
0.830671
-0.448474
-0.421342
0.793476
-0.383650
-0.712299
0.741909
-0.523560
-0.548498
0.665447
-0.968185
-0.808354
0.583618
-0.749750
-0.468758
0.525455
-0.514030
-0.401918
0.488926
-0.395873
-0.343989
0.417685
-1.020613
-0.539422
0.307720
-1.170844
-0.877047
0.174840
-1.487933
-0.984947
0.014776
-1.583457
-0.598391
-0.149401
-1.671384
-0.119389
-0.296628
-1.102935
-0.229189
-0.395375
-0.829346
0.345431
-0.479022
-0.673052
-0.150858
-0.546399
-0.801032
0.206993
-0.627753
-0.620931
0.026737
-0.673034
-0.259388
-0.038033
-0.704335
-0.261648
0.000272
-0.715781
0.061381
0.159849
-0.712746
-0.018221
0.126773
-0.701013
0.311521
0.765333
-0.696954
-0.074214
0.730230
-0.703778
0.185133
1.579048
-0.667317
0.591654
0.604400
-0.622031
0.408166
1.476574
-0.588250
0.069817
1.602123
-0.611879
-0.189319
1.407340
-0.641970
-0.494789
1.344481
-0.250857
2.036839
-0.704535
-0.049643
2.072924
-0.718066
0.144934
1.606629
-1.163798
0.307242
1.326305
-1.424780
0.435820
0.822275
-1.377453
0.535377
0.995772
-1.251788
0.623164
0.625116
-0.437350
0.705582
0.819865
-0.027104
0.767245
0.504343
-0.379954
0.808372
0.365927
-0.513445
0.842557
0.160790
-0.228693
0.891090
0.638166
-0.499693
0.939984
0.450244
-0.944586
0.981319
0.098007
-0.871340
0.989891
-0.184888
-0.605770
0.964420
-0.274879
-0.374823
0.943643
-0.273770
-0.250287
0.941177
0.083729
-1.096650
0.925604
-0.339225
-1.511017
0.887929
-0.438785
-1.437653
0.846044
-0.477881
-1.094957
0.786818
-0.815422
-1.107714
0.718629
-0.906857
-0.692419
0.614547
-1.175288
-0.583521
0.506478
-1.061226
-0.178310
0.400107
-1.137422
0.023281
0.299937
-0.984447
0.071308
0.224792
-0.658521
0.394652
0.136619
-1.119093
0.504059
0.018848
-0.941951
1.038205
-0.093474
-1.109205
0.336966
-0.217159
-1.008115
0.304762
-0.309703
-0.875004
0.484316
-0.405569
-0.900095
0.872562
-0.472390
-0.383303
1.159739
-0.511344
-0.289857
0.625557
-0.538752
-0.215269
0.253827
-0.580997
-0.503177
0.506007
-0.638975
-0.650992
-0.051024
-0.708235
-0.429985
0.011057
-0.748591
-0.328986
0.124311
-0.784524
-0.329810
0.342372
-0.824171
-0.379002
-0.123860
-0.860470
-0.348262
0.271050
-0.898236
0.002518
1.471964
-0.914949
-0.287311
1.335751
-0.949831
-0.406578
1.477456
-0.990908
-0.389983
0.760063
-1.001738
0.227404
0.974372
-0.961327
0.559385
1.585004
-0.151711
0.934049
-0.052606
-0.044239
1.114583
-0.142872
0.081714
1.322919
-0.641811
0.207652
1.351917
-0.638956
0.337305
1.080180
-0.418015
0.460757
1.272263
-0.683876
0.583734
1.157780
-0.239587
0.708844
1.177973
-1.063554
0.807820
0.656558
-1.270086
0.881701
0.647726
-1.123066
0.944100
0.482985
-1.560356
1.001852
0.486386
-1.581685
1.033053
0.260306
-1.256533
1.087861
0.552931
-1.395459
1.124133
0.077603
-1.181387
1.142377
0.032505
-1.009977
1.123617
-0.277122
-0.766569
1.085569
-0.405243
-0.635558
1.050171
-0.170868
-1.592044
1.010088
-0.691734
-1.153660
0.941263
-0.602669
-0.773924
0.870547
-0.884047
-0.600355
0.790240
-0.813888
-0.276143
0.720757
-0.653259
-0.591321
0.643391
-0.951268
-0.245723
0.530310
-1.168015
0.369996
0.422531
-0.896881
0.027913
0.352986
-0.637686
0.369425
0.289449
-0.729315
0.322014
0.217676
-0.504398
0.687828
0.166109
-0.515163
0.462863
0.104645
-0.814912
-0.126566
0.011707
-1.008711
0.368300
-0.113721
-1.284454
0.926922
-0.243847
-1.290046
0.340477
-0.371034
-1.186056
-0.450851
-0.475665
-0.988309
-0.571899
-0.592844
-1.412741
-1.116211
-0.734783
-1.113888
-0.724195
-0.818952
-0.913899
-0.105149
-0.911897
-0.726464
-0.608031
-0.977842
-0.662726
-0.533175
-1.031223
-0.352191
-0.098993
-1.043690
-0.108572
-0.246119
-1.050387
-0.051886
-0.709086
-1.040641
0.214124
-0.352081
-1.016103
0.037751
-1.590733
-1.022474
-0.094545
-1.599357
-1.035739
-0.313268
-1.598249
-1.058792
-0.349492
-0.547011
-0.182103
1.899485
-1.920374
-0.013483
1.281859
-1.709505
0.107449
1.105361
-2.289574
0.215485
0.872827
-2.140989
0.296353
0.659807
-1.756487
0.395151
1.292511
-1.432931
0.526697
1.072491
-1.278411
0.639919
1.032810
-1.398963
0.735584
0.651573
-1.434594
0.810449
0.551553
-1.732100
0.870297
0.498338
-1.917826
0.916911
0.420592
-1.006080
0.944611
0.183254
-1.590714
0.977842
0.127088
-1.315925
0.967265
-0.549327
-1.540022
0.917562
-0.509952
-1.513338
0.864793
-0.674872
-1.006584
0.798924
-0.621675
-0.189541
0.722534
-0.692208
-0.485574
0.666115
-0.416167
0.012737
0.612300
-0.341634
0.855239
0.575150
-0.264443
1.151729
0.531586
-0.304283
0.898829
0.493183
-0.438966
1.166440
0.441624
-0.614170
1.366746
0.374969
-0.680584
0.990384
0.319212
-0.417408
0.823598
0.284858
-0.204628
0.352957
0.268287
-0.206382
-0.041060
0.238915
-0.430097
0.025540
0.181953
-0.679461
0.188595
0.090570
-1.140465
0.329318
-0.027743
-1.250323
0.773743
-0.148191
-0.947526
1.289952
-0.242349
-1.036913
0.744501
-0.356500
-1.073718
0.319623
-0.474634
-1.160043
-0.031021
-0.596276
-1.054246
0.068947
-0.687455
-0.891354
0.161169
-0.746594
-0.378730
0.029990
-0.772826
-0.227401
-0.308207
-0.804287
-0.245012
-0.723152
-0.817705
-0.095401
-0.069366
-0.833669
-0.093046
-0.178772
-0.847064
0.001525
-0.261476
-0.848136
-0.064814
0.196467
-0.854917
-0.089390
0.504892
-0.866316
-0.140322
0.713911
-0.875972
-0.020751
0.423286
-0.888808
-0.135018
0.242459
-0.100720
0.357130
0.174827
-0.045169
0.801541
0.252222
0.049208
0.979964
0.078035
0.162691
1.247783
-0.604087
0.285678
1.179896
-0.114856
0.399874
1.139177
-0.677652
0.497636
0.771780
0.244983
0.591502
0.974227
0.031841
0.692721
1.036352
-0.444606
0.802485
0.903599
-0.955770
0.889872
0.908140
-1.443144
0.962295
0.331327
-1.278080
0.994486
0.431308
-1.483010
1.033344
0.082890
-0.852517
1.031647
-0.263937
-0.663680
0.992954
-0.478563
-0.707954
0.966791
-0.133540
-0.424903
0.956894
-0.085271
-0.166964
0.938477
-0.235731
-0.672968
0.893118
-0.593808
-0.992633
0.853028
-0.209681
-0.372704
0.817474
-0.404061
-0.620184
0.779886
-0.398709
-0.895563
0.735483
-0.534556
-1.074192
0.667565
-0.826730
-1.332543
0.595027
-0.928619
-0.364259
0.517256
-0.719991
0.336088
0.422716
-1.162478
0.017608
0.283203
-1.313635
-0.183810
0.159924
-1.257827
-0.067608
0.059295
-0.857756
0.229506
-0.043318
-1.095773
1.023358
-0.155299
-1.045881
2.186306
-0.257187
-0.849841
1.863739
-0.339406
-0.611400
1.580710
-0.418989
-0.749137
1.176590
-0.487797
-0.382137
1.399063
-0.532596
-0.166263
0.781149
-0.554328
-0.253276
1.134773
-0.588415
-0.352074
1.001961
-0.619829
-0.246698
1.146309
-0.662139
-0.487409
1.124226
-0.749288
-0.938876
0.916730
-0.829369
-0.778233
1.402777
-0.918962
-0.732470
1.126319
-0.999340
-0.517114
1.262734
-1.081360
-0.682902
1.815100
-1.149345
-0.429294
2.027533
-1.187566
-0.317217
1.733218
-1.197410
0.381317
1.124129
-0.086606
1.202108
0.885756
0.014242
0.841849
1.209515
0.114959
1.225836
0.937626
0.229730
1.185557
0.411072
0.360381
1.397951
0.723851
0.480883
1.208189
0.621816
0.589797
1.245573
0.616361
0.684622
0.756451
0.748807
0.761810
0.808083
0.453785
0.828454
0.659090
-0.040750
0.883391
0.324214
-0.637881
0.923032
0.197257
-0.700195
0.938354
-0.024585
-1.369794
0.948996
-0.086215
-0.689484
0.948214
-0.120049
-1.306326
0.939214
-0.103826
-0.934732
0.932078
-0.044392
-0.893629
0.927090
0.005989
-1.417349
0.915669
-0.222941
-2.298244
0.890816
-0.449644
-3.019107
0.857188
-0.672839
-2.585852
0.796122
-0.718555
-2.181818
0.727998
-0.835955
-1.367551
0.641247
-0.733512
-1.174435
0.558411
-1.020646
-1.172680
0.465101
-1.031455
-1.096314
0.364084
-0.813018
-1.183548
0.294125
-0.801564
-1.037447
0.218273
-0.815267
-0.195850
0.134292
-0.739057
0.115900
0.069039
-0.513712
0.728443
0.005910
-0.512520
1.058444
-0.065152
-0.721390
1.041781
-0.134562
-0.596466
0.430578
-0.192258
-0.667525
0.590008
-0.262609
-0.550455
1.123731
-0.303136
-0.303304
0.808739
-0.347913
-0.709851
0.124098
-0.450011
-1.246617
0.047299
-0.568136
-1.056291
-0.308965
-0.679568
-1.109768
-0.352433
-0.758154
-0.732189
1.042845
-0.822933
-0.569941
1.247943
-0.893506
-0.545492
1.127132
-0.949855
-0.458447
1.464706
-1.008129
-0.450885
1.748657
-1.063176
-0.380019
1.731270
-1.117090
-0.523042
2.321065
-1.180910
-0.304178
2.020373
-1.214755
0.043261
2.346820
-0.225488
1.849217
-4.083852
-0.007126
1.832300
-3.453351
0.177389
1.580300
-3.155742
0.332496
1.258422
-2.515226
0.464669
0.990167
-2.471322
0.568391
1.005372
-1.983752
0.663354
0.791132
-1.654780
0.750349
0.864670
-1.215193
0.810372
0.483856
-1.318486
0.848880
0.344548
-1.519362
0.906895
0.760111
-1.904557
0.999048
0.618182
-1.819696
1.049390
0.092226
-1.699804
1.055363
-0.042350
-1.123963
1.033308
-0.409431
-0.970153
0.994975
-0.481266
-0.277434
0.955898
-0.212286
-0.354012
0.924011
-0.450491
-0.470551
0.899198
-0.398391
-0.501407
0.859518
-0.372984
-0.241454
0.822859
-0.424080
-0.196470
0.771747
-0.620476
0.543865
0.722300
-0.277464
-0.057266
0.678867
-0.312137
-0.061634
0.617192
-0.767285
-0.638504
0.521671
-1.044113
-0.100051
0.426771
-1.089912
-0.260399
0.327718
-0.961258
-0.390368
0.237032
-1.034407
-0.665903
0.140206
-0.898500
0.259340
0.063917
-0.578089
0.905187
-0.014960
-0.691270
0.313970
-0.089327
-0.840187
-0.001796
-0.190231
-1.171308
0.431512
-0.290967
-0.960855
0.532628
-0.383533
-0.902605
-0.157070
-0.484102
-1.152558
0.316018
-0.596427
-0.924448
-0.099571
-0.696491
-0.994938
0.431017
-0.792194
-0.958514
0.185016
-0.858416
-0.350931
0.643845
-0.898710
-0.341822
1.232774
-0.941184
-0.391254
0.513003
-0.983043
-0.220760
0.598060
-1.013472
-0.215059
1.857211
-1.034115
-0.138126
1.693199
-1.046383
0.088240
1.959613
-1.044449
0.072420
1.140826
-1.039100
0.151134
1.021316
-0.996874
0.527724
1.362606
-0.011121
0.840451
0.582539
0.082932
0.975363
0.327281
0.197570
1.047564
0.627942
0.297263
0.958031
0.105574
0.399561
0.940899
-0.272172
0.476260
0.545801
-0.892878
0.539698
0.693289
0.305193
0.624922
0.722571
0.128378
0.689266
0.658256
-0.241336
0.764179
0.542418
-0.693419
0.821691
0.620880
-1.072149
0.896294
0.646555
-1.086395
0.950845
0.253757
-0.959754
0.967978
0.038979
-0.737868
0.949167
-0.256013
-1.218916
0.930414
-0.396984
-0.815318
0.910195
-0.296118
-0.915083
0.907338
0.030786
-1.143449
0.910216
0.015963
-0.778864
0.926793
0.208513
-0.621728
0.928702
-0.124265
-0.742897
0.880455
-0.467774
-0.649747
0.825473
-0.630995
-0.302488
0.767380
-0.514373
-0.444102
0.707994
-0.699831
-0.862184
0.646004
-0.612040
-0.503138
0.573734
-0.907074
-0.260452
0.493526
-0.945315
-0.289869
0.387030
-1.279915
0.190335
0.269921
-1.000182
0.682752
0.158209
-1.074053
-0.036886
0.057484
-0.942319
-0.165737
-0.027251
-0.823354
0.641500
-0.105111
-0.746035
1.213762
-0.180579
-0.672864
1.103079
-0.263422
-0.873998
0.500551
-0.365419
-1.329493
-0.464044
-0.494629
-1.244147
0.154553
-0.588208
-0.655697
-0.382889
-0.649957
-0.562486
0.024696
-0.716261
-0.764468
0.183537
-0.793558
-0.666754
0.307220
-0.863587
-0.498746
0.252780
-0.896228
-0.338628
-0.097902
-0.935706
-0.210164
0.611782
-0.944847
-0.171036
1.445439
-0.982859
-0.279695
1.214951
-1.001978
0.011628
1.245947
-1.016595
-0.197948
1.508085
-1.036654
0.059437
1.393854
-0.023886
1.025581
-1.008912
0.084012
0.981552
-0.558572
0.182290
0.767118
-0.215310
0.272979
0.780825
0.100159
0.365676
1.193748
0.129661
0.475702
0.945892
-0.628118
0.580073
1.049204
-0.773435
0.678787
0.976662
-1.724669
0.783749
0.917174
-1.268129
0.884236
1.024947
-1.546345
1.000961
0.962637
-1.824403
1.096576
0.590873
-1.760023
1.133222
0.024174
-1.194370
1.130193
-0.003277
-0.150121
1.141241
0.032385
-0.086247
1.115692
-0.376799
0.029341
1.080845
-0.177846
-0.304780
1.048388
-0.427088
-0.313955
1.002638
-0.534263
-0.598122
0.950251
-0.362443
-0.762989
0.907487
-0.545739
-0.634229
0.850020
-0.799925
0.068501
0.759989
-0.865870
-0.078875
0.670071
-0.662366
0.134326
0.602845
-0.662870
0.044953
0.532038
-0.561050
-0.017800
0.497216
-0.689818
-1.128691
0.434614
-0.687579
-1.098239
0.359793
-0.861372
-0.365981
0.263397
-1.074383
-0.296250
0.153783
-0.944370
-0.120669
0.036360
-1.324492
0.154997
-0.091925
-1.312458
0.749390
-0.241713
-1.308304
1.392725
-0.365221
-1.020933
0.784500
-0.449869
-0.883843
0.506067
-0.540278
-0.745509
0.238540
-0.629656
-0.964127
-0.072780
-0.719419
-0.878871
-0.232813
-0.786006
-0.490539
0.071884
-0.822917
-0.433498
0.539206
-0.877114
-0.381266
0.804615
-0.900357
-0.119027
0.444514
-0.901078
-0.004592
0.505910
-0.931083
-0.363453
0.533763
-0.972488
-0.448240
0.303366
-1.011381
-0.380331
0.393921
-1.064021
-0.415500
-0.612427
-1.098699
-0.385981
-0.496895
-1.132305
-0.337689
-0.586805
0.335219
-0.424295
2.953787
0.319741
0.283516
1.770174
0.341616
0.300560
1.948328
0.370812
0.294204
1.331487
0.407667
0.517636
0.850766
0.439549
0.379263
0.975226
0.488615
0.801018
0.715792
0.556005
0.597516
0.676389
0.606766
0.505592
-0.260684
0.651638
0.511626
-0.311453
0.684692
0.210938
-0.466070
0.726880
0.594751
-0.526194
0.768794
0.296342
-0.785281
0.819235
0.386099
-1.050442
0.879919
0.536320
-1.339565
0.910855
-0.149672
-1.044538
0.886017
-0.513291
-1.305683
0.851352
-0.352202
-1.272935
0.830594
-0.408724
-0.592430
0.800570
-0.477377
-1.007663
0.770010
-0.290699
-1.036127
0.750030
-0.143603
-0.376316
0.722143
-0.431884
-0.398250
0.652350
-1.000304
-0.576836
0.548411
-0.896733
-0.306879
0.453929
-1.032337
0.109051
0.358195
-0.612396
0.809684
0.261170
-1.130366
1.153634
0.133500
-1.333919
1.631885
0.012226
-0.831250
1.710543
-0.083111
-0.753820
1.821717
-0.181642
-0.917176
1.409090
-0.282072
-0.615931
1.122056
-0.355584
-0.431251
1.594923
-0.404695
-0.251114
0.799646
-0.445266
-0.363645
0.280639
-0.473279
-0.220308
0.693313
-0.518615
-0.670472
0.369147
-0.584372
-0.660756
0.153337
-0.670740
-0.914251
0.720351
-0.769763
-0.954627
0.764080
-0.848838
-0.566647
-0.138155
-0.894652
-0.430199
-0.008933
-0.944342
-0.395315
-0.341127
-1.002160
-0.831304
-0.627624
-1.075491
-0.825242
-0.572301
-1.141041
-0.356857
-0.193860
-1.164165
-0.268118
-1.074978
-1.196968
-0.391249
-0.861631
-1.247974
-0.466175
-0.900652
-0.106356
0.542003
-0.402392
-0.040848
0.684273
-0.067525
0.024086
0.740255
0.467010
0.115866
0.992797
1.541561
0.196602
0.735847
1.154380
0.263021
0.790798
0.454217
0.363288
1.291481
-0.559486
0.507139
1.308617
0.016874
0.636076
1.198141
-0.317532
0.745423
0.920412
0.893266
0.846758
1.140614
0.771181
0.960559
1.055448
-0.089538
1.044235
0.618068
-0.182585
1.090189
0.344892
-0.118070
1.113503
-0.078604
0.016518
1.085275
-0.637332
-0.119040
1.039541
-0.250385
-0.705776
1.002176
-0.537196
-0.645056
0.947508
-0.694834
-0.670950
0.906812
-0.458656
-0.690356
0.851014
-0.762926
-0.546484
0.775188
-0.811818
-0.857318
0.688719
-0.965943
-0.149064
0.578557
-1.103387
-0.295537
0.467505
-1.058365
-0.489992
0.367267
-0.941923
-0.379540
0.275943
-1.022066
0.286207
0.173981
-1.042879
0.585896
0.068300
-1.180589
0.275390
-0.036084
-0.941966
-0.379690
-0.086324
-0.350709
-1.283537
-0.133477
-0.803225
-0.980485
-0.214391
-0.887627
-1.167706
-0.281117
-0.695751
-1.162599
-0.330658
-0.509895
-1.003387
-0.393946
-0.854711
-0.888435
-0.471325
-0.661169
-0.638401
-0.528863
-0.800913
-0.559443
-0.604036
-0.616879
-0.710386
-0.648059
-0.422792
0.038965
-0.692032
-0.312762
-0.098277
-0.734551
-0.581521
0.854158
-0.786781
-0.240338
0.696104
-0.826759
-0.252619
0.556188
-0.873049
-0.608592
1.318603
-0.940207
-0.653354
1.043278
-0.998255
-0.407034
0.171346
-1.071130
-0.872324
0.779280
-1.129205
-0.252177
0.802547
-1.127516
0.399355
0.639596
-0.240486
1.662050
-0.511195
-0.085910
1.434142
-0.878838
0.067883
1.521912
-0.589402
0.222989
1.236337
-1.337465
0.352299
1.175876
-1.349356
0.472750
1.062262
-1.387916
0.583464
1.154035
-1.564387
0.693421
0.916156
-1.276077
0.780499
0.647196
-1.655559
0.859365
0.665863
-1.701102
0.917824
0.396182
-1.204429
0.967326
0.386049
-2.327139
1.010071
0.173513
-2.354767
1.040075
0.234958
-1.793996
1.067286
-0.273657
-1.516954
1.025228
-0.702928
-1.856201
0.977355
-0.420455
-1.752409
0.951287
-0.308409
-1.666330
0.908460
-0.645312
-1.282861
0.848261
-0.689285
-1.125505
0.777537
-0.728017
-1.235381
0.723246
-0.723637
-1.233851
0.666997
-0.881056
-0.841077
0.594411
-0.700980
-0.890367
0.522842
-0.872219
0.233748
0.430858
-0.826405
0.335855
0.333020
-0.990855
0.584865
0.215082
-1.241871
-0.195505
0.098193
-1.238823
0.390041
-0.014998
-0.968349
0.852888
-0.114556
-0.878886
0.584061
-0.196305
-0.795901
0.265140
-0.270985
-0.649317
0.835973
-0.339739
-0.708707
0.645466
-0.394227
-0.608628
0.915017
-0.456521
-0.460830
1.407814
-0.494540
-0.298237
1.017225
-0.528343
-0.442204
0.511252
-0.583356
-0.466007
0.989381
-0.643899
-0.742181
0.909907
-0.748640
-1.304608
1.173635
-0.872430
-0.766144
1.427819
-0.954326
-0.663823
1.821009
-1.022554
-0.350307
1.475789
-1.049439
0.000445
0.699806
-1.079021
-0.352018
1.051659
-1.100600
-0.052440
0.778585
-1.106072
0.052370
1.073716
-1.101228
0.101807
0.995407
-1.092772
0.023409
0.171213
-0.119982
1.546495
-0.037968
0.018986
1.268019
0.298795
0.158285
1.216008
0.283242
0.297284
1.436767
0.081980
0.444667
1.416914
-0.102709
0.600645
1.431551
0.008223
0.731598
0.972482
-0.505204
0.822231
0.686509
-0.839464
0.884745
0.485852
0.007997
0.940888
0.572750
-0.715133
0.986341
0.344771
-0.907490
1.006294
0.102643
-0.456043
0.990904
-0.147794
-0.606665
1.000544
0.297949
-0.069397
1.034270
0.440709
-0.072442
1.054822
0.109048
0.448107
1.057124
-0.030529
-0.543272
1.031112
-0.206199
-0.985914
0.989215
-0.425492
-0.113626
0.933533
-0.660825
-0.039263
0.884813
-0.477669
-0.703362
0.844316
-0.598338
-0.336336
0.790418
-0.495513
-0.474684
0.730604
-0.625697
-0.116695
0.656968
-0.742033
-0.327973
0.560672
-1.130913
-0.236272
0.453072
-1.140913
-0.635372
0.353987
-1.025888
0.017392
0.242012
-1.063063
-0.035296
0.139328
-1.018986
0.298163
0.023582
-1.107558
-0.284902
-0.083996
-0.880802
-0.932387
-0.157944
-0.924152
-0.146461
-0.249724
-0.889105
-0.416917
-0.304238
-0.645368
0.004498
-0.373066
-0.670965
0.050460
-0.442841
-0.937347
-0.527017
-0.522850
-0.749671
-0.635861
-0.610128
-1.077843
0.364387
-0.710126
-0.815181
0.338199
-0.770061
-0.366413
0.792905
-0.820723
-0.503052
0.864502
-0.876707
-0.550873
0.197062
-0.953322
-0.797290
0.205402
-1.018496
-0.400779
0.222098
-1.050285
-0.397145
0.042144
-1.084840
-0.384757
0.253120
-1.126078
-0.345030
0.801878
-1.165662
-0.253831
0.951475
-1.189006
-0.150110
1.212865
-0.054047
1.403235
-0.473875
0.072593
1.101470
0.107108
0.171137
0.989258
0.428501
0.277327
1.209426
0.256563
0.408167
1.265601
0.876281
0.550932
1.365979
0.650721
0.667405
1.075119
0.070203
0.764375
0.905655
0.364221
0.853402
0.784409
0.952218
0.910828
0.236166
0.322454
0.933669
0.187369
-0.455443
0.965214
0.293008
-0.175470
1.008345
0.217344
-0.109591
1.025223
0.033849
-0.082182
1.024573
0.040162
-0.255072
1.025030
-0.205825
-0.011080
1.008133
-0.237452
-0.923071
0.977889
-0.417217
-0.934221
0.937238
-0.398723
-0.202852
0.919578
0.030695
-0.101176
0.898113
-0.522548
-0.144247
0.828851
-0.685006
-0.267008
0.756116
-0.947008
0.206917
0.661280
-0.854108
0.382787
0.571362
-0.770264
-0.630207
0.505444
-0.642271
-1.107297
0.452338
-0.578283
-1.352515
0.384922
-0.815510
-1.030915
0.292601
-1.051457
-0.657505
0.195476
-0.995701
0.045310
0.094639
-0.868516
0.183061
-0.011470
-0.995310
-0.347082
-0.099627
-0.636650
0.053919
-0.153059
-0.680878
0.016520
-0.221948
-0.789449
-0.421854
-0.301517
-0.879789
-0.413667
-0.379542
-0.880887
-0.450658
-0.493414
-1.249418
-0.485584
-0.601219
-1.106334
0.019365
-0.705717
-1.048861
0.045360
-0.786537
-0.784725
0.440169
-0.862964
-0.632879
0.843532
-0.907922
-0.343419
0.875785
-0.961227
-0.446833
0.714295
-0.984974
-0.067055
0.438607
-0.978763
0.014309
0.365660
-0.986422
-0.121452
0.434451
-1.024511
-0.458235
0.446348
-1.069417
-0.119185
0.482962
-1.085213
-0.054135
0.279309
-0.087519
1.017663
1.065777
0.006179
1.105019
1.087506
0.120262
1.330302
0.348985
0.257258
1.154237
0.591153
0.359864
1.052032
0.815074
0.476263
1.087064
0.970833
0.540861
0.592081
1.173918
0.617688
1.023507
0.774730
0.732688
1.066931
1.016587
0.834984
0.948496
-0.005691
0.933517
0.880882
-0.338807
0.987560
0.070618
-1.019331
0.995507
0.261716
-0.672991
1.015433
0.134118
-0.717758
1.018735
0.011672
-0.985077
1.018177
-0.171757
-0.390504
0.998803
-0.414128
-0.076247
0.975179
-0.131810
0.479813
0.945631
-0.407276
-0.574124
0.899690
-0.497545
-0.459993
0.835624
-0.767906
-0.288135
0.770740
-0.659272
-0.458843
0.703234
-0.720437
-1.176168
0.629670
-1.090519
-0.936053
0.522368
-1.134414
-1.164621
0.393030
-1.533292
-0.872014
0.273304
-1.057683
-0.584883
0.158401
-1.162310
-0.508784
0.047844
-0.985113
-0.513955
-0.047833
-0.802218
-0.062895
-0.122792
-0.547062
-0.275068
-0.192202
-0.738438
-0.280466
-0.261714
-0.574089
-0.353544
-0.333631
-0.744752
0.333959
-0.413644
-0.831951
0.510659
-0.493624
-0.523260
0.642078
-0.572270
-0.788489
0.054100
-0.657933
-0.714317
0.156603
-0.732859
-0.700836
0.398800
-0.759033
-0.050010
-0.008009
-0.769833
-0.125162
0.129165
-0.777307
-0.243537
0.611511
-0.826849
-0.616227
0.579120
-0.876763
-0.640509
1.265151
-0.928917
-0.334494
1.229148
-0.985424
-0.451432
0.854342
-1.047635
-0.721248
0.456837
-1.120922
-0.766390
0.550449
-1.207648
-0.567034
1.758675
-1.263665
-0.298768
2.137770
-0.049717
1.148974
-2.281900
0.079214
1.133795
-2.629406
0.207730
0.934644
-1.519791
0.313156
0.925493
-1.285062
0.392539
0.450152
-1.441179
0.446829
0.516290
-1.194981
0.517735
0.886151
-0.876801
0.626037
1.144593
-1.145385
0.741041
1.144559
-1.014615
0.854198
1.055217
-1.123147
0.950090
0.693433
-1.643040
1.020049
0.547160
-1.362678
1.067974
0.526234
-0.913242
1.123847
0.331178
-1.419574
1.139876
-0.150835
-1.443442
1.120309
-0.426020
-1.368973
1.066121
-0.652570
-0.475300
0.982659
-0.719612
-0.370615
0.935541
-0.509189
-0.612186
0.893282
-0.508869
-0.218779
0.807765
-1.071242
-0.584234
0.714506
-0.792293
-0.757307
0.649079
-0.487254
-0.245077
0.588793
-0.573373
-0.223435
0.535266
-0.501709
-0.205693
0.474815
-0.768516
-0.335798
0.415011
-0.530090
0.149648
0.353675
-0.664607
-0.173816
0.264233
-0.905815
-0.565884
0.184066
-0.801711
-0.066847
0.104417
-0.908468
0.036355
0.001444
-1.071090
0.003159
-0.104168
-0.903628
0.120560
-0.201379
-1.107205
0.193892
-0.314625
-1.133162
0.484348
-0.410525
-1.211799
0.169367
-0.545292
-1.102629
0.785877
-0.641080
-0.751110
1.162697
-0.707946
-0.525082
1.079337
-0.771827
-0.611372
0.933831
-0.827565
-0.355919
1.368233
-0.865938
-0.477524
1.357943
-0.911063
-0.488007
1.246358
-0.945507
-0.129381
0.704284
-0.946415
0.086488
0.608720
-0.953070
-0.061962
1.322970
-0.965781
-0.025966
1.189399
-0.961884
0.346577
0.649798
-0.943176
0.099737
0.790686
-0.949091
0.032867
0.883566
-0.229347
1.706790
-1.620967
-0.039369
1.652258
-1.628939
0.121192
1.178791
-1.045542
0.248967
1.260642
-0.361218
0.364460
0.987520
-0.499986
0.454929
0.693832
-0.490146
0.545484
0.961735
-0.841237
0.642857
0.830986
-0.859577
0.742720
0.982440
-0.758669
0.836774
0.780975
-0.787971
0.923068
0.794795
-0.842922
1.018779
0.887110
-1.422294
1.089379
0.251500
-1.380535
1.124943
0.145693
-0.825458
1.139034
-0.196564
-0.758404
1.096406
-0.642016
-0.542264
1.033062
-0.550253
-0.513409
0.994568
-0.247596
-0.444495
0.965170
-0.241026
-0.875666
0.947763
-0.194527
-0.790206
0.903758
-0.582796
-0.849749
0.835989
-0.632346
-0.715813
0.780615
-0.574650
-0.328758
0.713086
-0.633908
-0.674354
0.651517
-0.791845
-0.386343
0.562349
-0.897707
-0.937757
0.470414
-0.962420
-0.557358
0.372789
-1.004604
-0.813997
0.284794
-0.706874
-1.472920
0.208054
-0.988845
-1.247114
0.111894
-0.745191
-0.949688
0.006681
-1.336492
-1.068361
-0.098559
-0.969158
-0.737540
-0.178457
-0.840393
-0.638181
-0.277359
-1.083529
-0.174786
-0.389355
-1.175956
-0.570958
-0.493332
-1.092155
-0.505395
-0.602438
-1.168270
0.096387
-0.711160
-0.771956
0.392221
-0.779568
-0.463841
-0.360080
-0.825798
-0.514935
0.039562
-0.892153
-0.816383
0.583313
-0.973912
-0.693738
0.269276
-1.008660
-0.232183
0.819289
-1.067934
-0.809657
0.930532
-1.109144
-0.150028
0.947819
-1.133085
-0.110172
0.370834
-1.144186
-0.113334
0.312006
-1.154853
0.012432
0.936144
-1.140749
0.257398
0.835463
-0.126703
1.996424
-1.542436
0.090983
1.795857
-1.109940
0.272900
1.644122
-0.535414
0.440859
1.534861
-0.479675
0.573330
0.974858
-1.293983
0.677928
0.980835
-1.400099
0.740427
0.416865
-1.349729
0.800374
0.382841
-1.239911
0.856715
0.472530
-0.866476
0.896948
0.247932
-0.522906
0.913151
-0.030748
-0.424281
0.901497
-0.031736
0.381011
0.893954
-0.275531
0.556225
0.861387
-0.166883
0.947252
0.852317
0.042739
0.691701
0.866465
0.361566
-0.073648
0.893676
0.259054
-0.235232
0.900179
0.008912
-0.061451
0.884870
-0.245593
0.008867
0.852307
-0.360126
-0.070667
0.804601
-0.511806
-0.104187
0.769657
-0.342866
-0.400563
0.727453
-0.454289
-1.089421
0.657203
-0.963561
-1.478129
0.564736
-1.043054
-1.060936
0.469190
-1.051561
0.133588
0.365192
-1.006172
0.105411
0.252182
-1.024157
0.220332
0.155065
-0.846194
-0.335452
0.061146
-1.132672
0.702055
-0.058782
-1.041012
0.077644
-0.169955
-0.885356
0.074680
-0.260612
-0.899749
-0.290738
-0.318757
-0.358678
-0.302348
-0.355974
-0.521578
0.183223
-0.426001
-0.703972
0.079514
-0.481757
-0.544163
0.491463
-0.558977
-0.421470
1.253525
-0.628902
-0.581571
0.833197
-0.696523
-0.732111
0.834938
-0.761026
-0.551366
0.321072
-0.820212
-0.483002
0.064496
-0.856378
-0.260130
-0.233177
-0.882814
-0.099588
-0.027390
-0.894964
-0.296538
-0.869248
-0.934717
-0.686896
-1.715044
-0.988514
-0.635837
-0.921741
-1.053524
-0.621002
-1.064270
-1.106559
-0.311804
-0.576628
-1.132972
-0.261483
-0.268268
-0.073463
0.778890
-0.519092
0.013259
0.915430
-0.134799
0.129298
1.451062
0.768411
0.274142
1.342592
0.033745
0.395174
1.064513
0.248450
0.491447
0.877186
-0.286561
0.575925
0.774602
-0.802554
0.631427
0.228352
0.007842
0.673480
0.565722
-0.425377
0.731911
0.524345
-0.565283
0.804999
0.841145
0.153645
0.887426
0.672585
-0.996622
0.959458
0.631248
-0.965802
1.009122
0.165405
-0.963797
1.008030
0.006648
-1.696386
1.003375
-0.250119
-1.747816
0.987722
-0.152244
-1.879635
1.002264
0.043962
-1.799065
0.990325
-0.280386
-0.629071
0.959941
-0.285031
-0.489504
0.923913
-0.344146
-0.189957
0.869852
-0.734737
-0.341736
0.779523
-1.007052
-0.367367
0.665356
-1.083152
0.510967
0.547242
-1.108375
0.051283
0.439927
-1.064801
0.086407
0.315697
-1.215788
-0.234020
0.195258
-1.113217
-0.153589
0.094623
-0.744985
-0.287791
0.032832
-0.652643
-0.053197
-0.039758
-0.597767
-0.068000
-0.108676
-0.626007
-0.167947
-0.168544
-0.814372
0.816812
-0.273209
-1.029210
0.846635
-0.368334
-0.888440
0.472123
-0.462868
-0.829768
1.261389
-0.552630
-0.822535
0.610208
-0.640123
-0.898243
0.686747
-0.724642
-0.848968
0.807754
-0.796510
-0.657349
1.514836
-0.852045
-0.381740
1.126378
-0.901040
-0.336221
1.568169
-0.927184
0.109351
1.214707
-0.923907
0.257926
1.837460
-0.895634
0.393907
2.395612
-0.868954
0.386678
2.674524
-0.817668
0.710642
2.409520
-0.762901
0.555121
2.063998
-0.723312
0.460838
1.999347
-0.666717
0.735252
1.983781
-0.109464
1.521099
-0.462241
0.027265
1.179993
-1.092205
0.141107
0.973915
-0.904955
0.244010
0.828032
-1.227729
0.336984
0.854204
-1.655099
0.445115
1.063935
-1.675422
0.553114
0.923513
-1.227362
0.642427
0.887295
-1.147990
0.735984
0.897603
-0.778083
0.841669
0.925140
-1.244162
0.914117
0.305671
-1.797764
0.960512
0.354849
-1.514083
0.986479
-0.026518
-1.809711
1.014169
0.013708
-1.589742
1.038419
0.352027
-1.330800
1.069017
0.023654
-1.369796
1.070217
-0.074114
-1.549531
1.055393
-0.311787
-1.150414
1.039392
-0.213972
-0.904413
1.021633
-0.320449
-0.805028
0.977305
-0.734977
-0.448966
0.889434
-0.886054
-0.359549
0.802278
-0.921318
-0.106352
0.715388
-0.753384
-0.001681
0.634933
-0.878372
-0.463286
0.533715
-1.056127
-0.206908
0.442378
-0.928091
0.193986
0.325946
-1.186704
0.601651
0.204925
-0.870230
0.436667
0.144926
-0.355852
0.181476
0.108538
-0.576534
0.665081
0.052435
-0.575708
1.242493
-0.019374
-0.883194
1.217437
-0.140461
-1.120098
0.652287
-0.260422
-1.088960
0.860267
-0.377198
-1.022315
0.678270
-0.490149
-1.094726
0.322566
-0.614958
-1.296569
1.182899
-0.719699
-0.657151
1.490658
-0.747740
0.052431
1.889965
-0.752348
-0.008940
1.267932
-0.741432
0.218943
0.313782
-0.759065
-0.485973
0.233056
-0.831374
-0.585541
0.308221
-0.889406
-0.581992
0.203477
-0.972360
-0.797794
0.054281
-1.046993
-0.693796
-0.421828
-1.124168
-0.892318
0.018565
-1.231279
-1.165680
-0.299635
-1.350879
-1.101616
0.180799
-0.107652
0.826467
-0.774575
-0.029233
0.557188
-0.981492
0.047134
0.843508
-0.922238
0.140220
0.984228
-0.314481
0.258798
1.150239
-0.182406
0.373500
1.111241
0.639640
0.489362
1.063166
0.406741
0.606159
1.070038
0.146022
0.729669
1.354127
0.146916
0.866925
1.125047
-0.292986
0.953459
0.579708
-0.218525
0.980815
0.146725
-1.049311
0.980289
-0.126269
-1.375391
0.973935
-0.115343
-1.778471
0.983357
0.092870
-2.655863
0.995745
-0.113692
-2.097626
0.998915
-0.040499
-2.158862
0.993906
-0.146065
-2.317878
0.974878
-0.426364
-2.173923
0.925208
-0.555168
-1.628395
0.879965
-0.622897
-1.306918
0.803961
-0.965680
-1.199396
0.706781
-0.979059
-1.139228
0.606943
-0.919449
0.301405
0.524742
-0.814788
0.208613
0.451721
-0.599295
-0.344990
0.363030
-1.182296
-0.013878
0.248867
-1.092404
1.010153
0.155870
-0.901358
1.127370
0.072352
-0.795295
-0.005073
-0.006871
-0.688305
0.688779
-0.081402
-0.784383
0.288439
-0.160606
-0.655673
-0.553563
-0.229841
-0.817635
-0.814379
-0.314736
-0.703014
-0.725906
-0.392467
-0.944728
-0.580642
-0.494655
-1.054637
-0.817422
-0.571324
-0.656139
-0.694387
-0.639818
-0.759316
-0.285792
-0.707607
-0.495034
0.052473
-0.740074
-0.248565
-0.227066
-0.792181
-0.596321
-0.143902
-0.838461
-0.421953
-0.349094
-0.869370
-0.492751
-0.596220
-0.915505
-0.257449
-0.500197
-0.938197
-0.329265
-0.749849
-0.956477
-0.388206
-1.646989
-0.998311
-0.702528
-2.244132
-1.053803
-0.694644
-2.686350
-1.112472
-0.892333
-3.224909
-0.086091
1.202683
-0.411474
0.054062
1.348618
-0.716907
0.183610
0.908268
-0.938235
0.264445
0.835150
-0.503904
0.340563
0.706900
-0.470638
0.402442
0.547079
0.242662
0.476602
1.022632
0.605004
0.580236
0.893393
0.697999
0.665191
0.895961
-0.107972
0.748707
0.838201
0.057853
0.839622
1.006656
-0.261405
0.938270
0.725521
-0.613622
1.000417
0.526545
-1.106369
1.037612
0.106237
-1.368181
1.031103
-0.223672
-1.267037
1.006989
-0.203425
-0.336673
0.990385
-0.168759
-0.699667
0.963486
-0.257619
-0.777250
0.926859
-0.507230
-0.787127
0.867397
-0.722006
-1.407876
0.790082
-0.774760
-1.348562
0.727107
-0.538030
-1.396288
0.675986
-0.506003
-1.058453
0.604688
-1.259716
-0.475239
0.498466
-0.966975
0.202881
0.401202
-0.905846
0.021536
0.336487
-0.501732
-0.195208
0.289726
-0.377640
-0.293432
0.253544
-0.462530
0.106436
0.185039
-0.686933
0.111704
0.109152
-0.810207
0.661785
0.023445
-0.771942
0.233173
-0.074186
-0.938416
0.497548
-0.190781
-1.084952
0.656743
-0.296275
-0.810492
0.723647
-0.387658
-0.800098
0.853707
-0.476803
-1.003447
0.922017
-0.578890
-0.943964
0.498437
-0.654390
-0.659596
0.573240
-0.709053
-0.375445
0.745594
-0.722034
-0.075334
0.710551
-0.750195
-0.188412
0.770040
-0.795834
-0.465415
0.523232
-0.872239
-0.752330
0.231757
-0.949414
-0.736366
0.199890
-1.032566
-0.613460
0.116940
-1.083082
-0.365081
-0.511628
-1.114758
-0.432755
-0.888496
-1.153777
-0.385838
-0.820149
-1.185161
-0.544282
-0.613535
-0.081377
0.776719
0.731110
0.011407
1.105397
0.986859
0.123719
1.214379
0.458565
0.240989
1.303294
-0.068515
0.367136
1.070677
0.003101
0.474666
1.051562
-0.155365
0.591099
1.295104
-0.306442
0.699790
0.929634
-0.208323
0.773926
0.650503
0.241524
0.828218
0.475871
-0.390433
0.894030
0.676712
0.127491
0.947344
0.376752
-0.385931
0.971210
-0.010412
-0.224851
0.987278
0.116628
-0.369135
0.977045
-0.062986
-0.007928
0.956389
-0.162590
0.104782
0.937302
-0.108041
0.068717
0.931590
-0.115078
-1.331851
0.904617
-0.442914
-2.090213
0.870210
-0.232531
-2.212039
0.856929
-0.352563
-1.306287
0.824402
-0.650599
-0.814293
0.739862
-1.058872
-0.256302
0.624235
-1.128950
-0.516650
0.508015
-1.094325
-0.783753
0.409630
-0.860232
-0.274435
0.335458
-0.799420
-0.775002
0.231559
-1.265398
-1.194617
0.127553
-1.113103
-1.193906
0.022684
-1.006703
-0.591531
-0.088455
-1.252015
-0.672478
-0.187074
-1.158226
-0.737662
-0.288849
-1.111368
-0.732336
-0.386473
-0.590034
-0.000190
-0.441393
-0.391180
-0.465746
-0.464552
-0.183988
-0.673531
-0.506773
-0.650771
-0.296589
-0.577259
-0.679127
-0.335540
-0.624624
-0.354055
-0.275714
-0.667878
-0.317958
-0.052081
-0.708588
-0.317539
-0.678897
-0.733691
-0.196055
0.161389
-0.772100
-0.656375
-0.320045
-0.819161
-0.319776
-0.169260
-0.864196
-0.376055
-0.245608
-0.887484
-0.189761
-0.388047
-0.897969
-0.172179
-0.349604
-0.933985
-0.356666
-0.376931
-0.960391
-0.121211
-0.605214
-0.960305
-0.009555
-0.279423
-0.120975
1.182040
0.630076
0.007947
1.209968
0.220747
0.116695
1.066029
0.567103
0.238027
1.207562
-0.097358
0.372837
1.268771
-0.668514
0.510214
1.250179
-0.265683
0.615591
0.769118
-0.183301
0.693792
0.744562
0.029293
0.755546
0.442204
-0.102384
0.791363
0.356203
-0.520067
0.824800
0.128416
-0.260358
0.838631
0.271726
-0.454759
0.857179
0.215289
-0.349576
0.889429
0.288062
-0.421427
0.904134
-0.161262
-0.695766
0.906333
0.038409
-1.057999
0.910872
-0.226522
-1.779145
0.909971
-0.256030
-2.472065
0.908788
-0.139407
-2.452641
0.900641
-0.134279
-2.319594
0.901226
-0.131925
-2.821456
0.880191
-0.718757
-2.289870
0.809013
-0.819795
-2.518956
0.729467
-0.816099
-2.302631
0.678273
-0.605133
-1.896017
0.622967
-0.728783
-1.365900
0.540009
-1.011100
-0.493686
0.442691
-1.089235
-0.109389
0.337568
-0.959711
-0.359128
0.232865
-1.181405
0.221296
0.098699
-1.267682
0.564515
-0.036608
-1.191010
0.499101
-0.156287
-1.138305
0.697973
-0.274511
-1.218063
0.104498
-0.398113
-1.010180
-0.467863
-0.487397
-0.891918
0.101912
-0.588599
-1.035444
0.040392
-0.673528
-0.746416
-0.155877
-0.749950
-0.854105
-0.266020
-0.832438
-0.765460
-0.449908
-0.903774
-0.474847
-0.188134
-0.950467
-0.670669
-0.195562
-1.001218
-0.451798
0.125095
-1.010320
0.143885
-0.032188
-1.016319
-0.315884
-0.362818
-1.052311
-0.368524
-0.363841
-1.094868
-0.497233
-0.584852
-1.135553
-0.570878
-0.255470
-1.187547
-0.628985
-1.213006
-1.268893
-0.870860
-1.683821
-0.255320
1.954371
-1.054688
-0.080403
1.377672
-1.525266
0.059531
1.095002
-2.017996
0.185875
1.150274
-2.269107
0.335115
1.439340
-1.700587
0.466886
1.224728
-1.473206
0.577845
0.959267
-1.052605
0.648798
0.580567
-1.011406
0.731858
0.890428
-0.255239
0.797866
0.541115
-0.209278
0.858862
0.552904
-0.400377
0.924583
0.440097
-0.410688
0.942270
0.258272
-0.575347
0.949932
-0.005327
-0.835135
0.941200
-0.190279
-1.163005
0.937895
-0.061621
-1.188635
0.920246
-0.074889
-1.179552
0.907415
-0.172290
-1.278580
0.909063
-0.305718
-1.272271
0.882799
-0.332977
-0.589438
0.832570
-0.547709
-0.309341
0.771945
-0.793789
0.430852
0.690859
-0.792394
0.557114
0.630743
-0.396037
0.336429
0.593890
-0.484214
0.558994
0.546099
-0.407975
0.641047
0.498348
-0.505191
0.248580
0.432553
-0.708031
0.059859
0.337132
-1.039128
-0.465850
0.235290
-0.975530
-0.620406
0.154460
-0.764071
0.281064
0.088347
-0.457158
-0.131814
0.028798
-0.773119
-0.354536
-0.054986
-0.685836
-0.264675
-0.122666
-0.988255
-0.112105
-0.226544
-1.004662
0.118672
-0.319480
-0.777219
-0.262564
-0.379560
-0.271998
-0.227415
-0.439271
-0.669537
0.114238
-0.492263
-0.576444
0.276736
-0.574726
-0.698649
0.325762
-0.642265
-0.627654
0.203442
-0.701814
-0.659543
-0.694117
-0.781912
-0.915493
-0.028437
-0.877328
-0.836742
-0.464468
-0.943478
-0.703756
-0.040426
-1.007727
-0.526241
0.168035
-1.063880
-0.590467
0.441306
-1.111183
-0.374926
0.492357
-1.138105
-0.046916
1.070011
-0.137638
2.007411
-1.694253
0.043453
1.644059
-1.356497
0.210154
1.554759
-1.696677
0.363613
1.333295
-1.746598
0.478144
0.902945
-2.073614
0.571936
0.914164
-1.252829
0.684907
1.197688
-0.658177
0.787486
0.692103
-0.518813
0.856221
0.506326
-0.682214
0.917062
0.459048
-0.697107
0.952792
0.241521
-0.026654
0.953943
-0.077896
1.116743
0.930166
-0.207681
0.382729
0.916698
0.118175
0.177916
0.922838
0.221391
-0.519531
0.935951
-0.113616
-0.841179
0.940514
0.082194
-0.417656
0.946045
0.078489
-0.661368
0.942457
-0.180117
-0.688397
0.919891
-0.290677
-0.483614
0.883200
-0.492525
-0.158245
0.835821
-0.613720
-0.041336
0.759104
-0.978177
0.001268
0.678270
-0.690097
0.195694
0.623955
-0.678948
0.339527
0.545657
-1.004111
0.127803
0.450783
-1.003686
1.051864
0.339750
-1.100921
0.479763
0.219749
-1.206638
0.631102
0.087809
-1.097817
0.851103
-0.010771
-0.932642
0.587020
-0.108097
-1.015856
0.124707
-0.195619
-0.974652
0.518998
-0.296946
-0.870511
-0.230050
-0.362124
-0.514519
0.344159
-0.412824
-0.551294
0.359659
-0.472748
-0.692467
-0.556892
-0.524758
-0.526468
0.322405
-0.593008
-0.660405
0.529714
-0.670750
-0.834673
0.606784
-0.749780
-0.788571
0.307330
-0.828311
-0.736633
0.314921
-0.902359
-0.695013
-0.840755
-0.971515
-0.605321
-0.666635
-1.020620
-0.542048
-0.484020
-1.081526
-0.585609
-0.850463
-1.130550
-0.499899
-0.490282
-1.176377
-0.471768
0.053659
-1.224968
-0.578909
0.876587
-1.278744
-0.402170
0.712921
-0.404216
2.518683
-1.211644
-0.167888
2.105384
-1.360661
0.055414
2.127582
-1.983910
0.257414
1.777541
-2.503973
0.433114
1.360858
-3.184192
0.574563
0.968157
-2.665292
0.683239
0.849792
-2.659139
0.789208
0.789882
-2.924594
0.861474
0.385230
-2.700790
0.930716
0.785166
-2.215009
0.995185
0.229475
-1.972035
1.008235
-0.145653
-1.661411
0.978841
-0.285224
-1.017974
0.948178
-0.179906
-1.058055
0.944663
-0.129224
-1.696827
0.918466
-0.238843
-1.284863
0.886530
-0.487137
-1.283119
0.834759
-0.480101
-1.328473
0.780543
-0.712950
-1.231612
0.725474
-0.599703
-0.915631
0.691907
-0.111081
-0.287343
0.671157
-0.316025
-0.198334
0.647521
-0.264370
-0.619723
0.628605
-0.275823
0.339952
0.589815
-0.491277
0.330882
0.519637
-0.769794
0.936685
0.447727
-0.751609
0.285713
0.357467
-0.835504
0.356474
0.266767
-1.039152
0.157161
0.176360
-0.899540
0.142917
0.071437
-1.228899
0.175670
-0.065492
-1.470888
0.418064
-0.210539
-1.176663
-0.031454
-0.314455
-0.931382
0.085640
-0.389858
-0.652629
0.453860
-0.452136
-0.745011
0.557529
-0.530277
-0.879465
0.769268
-0.615132
-0.759564
0.877573
-0.679819
-0.533318
-0.431734
-0.726527
-0.582440
-0.147193
-0.777009
-0.217387
0.223638
-0.818367
-0.440243
0.802757
-0.843802
-0.016715
1.071366
-0.854292
-0.283843
0.530664
-0.902147
-0.599429
1.066126
-0.965561
-0.536554
0.905992
-1.018034
-0.500400
0.007315
-1.067207
-0.301357
-0.290779
-1.111060
-0.544184
-0.575676
-1.175529
-0.950864
-0.543513
-0.412757
1.945682
-1.038299
-0.223534
1.752446
-0.648235
-0.033368
1.814352
-0.448961
0.128333
1.418369
-0.208964
0.282272
1.667171
-0.950511
0.448042
1.442916
-0.435147
0.577043
1.144939
-0.947281
0.702999
1.118610
-1.257902
0.818079
0.984731
-1.061237
0.898817
0.644357
-0.733785
0.963474
0.491367
-0.880481
1.015028
0.449375
-0.281213
1.060794
0.412385
-0.369095
1.101702
0.334946
-0.425758
1.147739
0.224751
-0.356312
1.142041
-0.308705
-0.162819
1.104623
-0.625395
-0.673863
1.040935
-0.458405
-0.094133
1.002667
-0.062203
0.050094
0.989010
-0.243226
-0.355069
0.957154
-0.559300
-0.476110
0.889062
-0.898784
-0.314750
0.807540
-0.762167
0.086430
0.712841
-1.012110
-0.102409
0.624509
-0.844411
0.112194
0.536848
-0.907407
0.179669
0.437674
-1.037404
0.038831
0.327051
-0.727843
0.198398
0.253022
-0.664117
0.692470
0.189145
-0.590149
0.312198
0.096405
-1.064753
0.335540
-0.016150
-1.187527
0.469704
-0.116792
-0.760116
0.929127
-0.200773
-0.680561
0.637566
-0.252509
-0.398559
0.918075
-0.308097
-0.681620
0.636845
-0.408235
-1.213475
0.478666
-0.517603
-0.934066
0.090131
-0.603875
-0.678696
0.653755
-0.675635
-0.683317
0.401340
-0.729137
-0.511610
-0.189952
-0.773898
-0.334388
-0.407342
-0.796940
-0.225751
-0.246780
-0.810127
-0.075880
-1.197995
-0.824518
-0.264468
-0.919193
-0.853363
-0.343843
-1.077061
-0.891925
-0.718593
-1.267030
-0.950463
-0.516840
-1.603516
-0.988821
-0.395639
-1.824147
-1.020209
-0.341481
-1.988344
-0.057917
0.882899
-0.611725
0.009709
0.462100
-0.010557
0.052856
0.440247
-0.267522
0.132978
0.871239
-0.350037
0.239939
1.033980
0.178776
0.362748
1.295402
-0.113160
0.488477
1.352772
-0.971643
0.622027
1.102458
-0.646387
0.735377
0.987703
-0.486946
0.820202
0.672020
-0.025356
0.891948
0.623112
-1.134411
0.950794
0.418972
-1.909072
0.998265
0.209645
-1.826176
1.000217
-0.058193
-0.993499
1.006482
0.013444
-0.773717
0.996461
-0.200354
-0.938375
1.003289
0.180244
-0.486695
1.008006
-0.149535
-0.397553
1.018593
0.016437
-0.059276
0.996086
-0.309039
-0.256138
0.920703
-0.976988
-0.313653
0.844096
-0.698345
0.174626
0.780408
-0.645008
0.958001
0.695080
-0.871671
1.309749
0.600142
-0.808117
1.426539
0.510281
-0.787245
1.078786
0.413111
-1.192842
0.943247
0.296057
-1.013144
0.343308
0.200451
-0.934859
0.441143
0.105871
-0.942786
0.521029
0.002878
-1.178098
0.553631
-0.104293
-1.036298
0.796270
-0.213518
-0.919122
0.671823
-0.292914
-0.516917
1.094851
-0.343565
-0.372538
1.383606
-0.393371
-0.430807
1.566177
-0.457304
-0.568117
1.361315
-0.501460
-0.189819
0.997391
-0.538255
-0.444976
0.611852
-0.617071
-0.918727
0.324750
-0.710109
-0.897890
0.780638
-0.793497
-0.493170
0.695785
-0.845369
-0.444094
0.472010
-0.877893
-0.215403
0.271748
-0.918818
-0.537921
0.586789
-0.971795
-0.345545
0.708527
-1.020782
-0.567765
1.291101
-1.079906
-0.398085
1.774238
-1.136938
-0.572754
2.065166
-1.184311
-0.054004
2.400652
-0.216746
1.100127
-0.105768
-0.106142
1.120235
-0.056767
0.027040
1.413692
-0.879496
0.176620
1.214233
-0.902645
0.308673
1.095248
-1.450893
0.427284
1.240820
-1.322874
0.570113
1.352489
-1.211478
0.704783
0.952195
-1.031577
0.791612
0.575195
-1.198107
0.867594
0.683798
-1.633634
0.934784
0.499253
-0.979718
0.995966
0.416597
-0.873560
1.045723
0.276810
-1.286291
1.084796
0.074241
-1.160934
1.089223
-0.064700
-0.981723
1.073418
-0.348957
-1.094669
1.047406
-0.305358
0.533769
0.980004
-0.786374
0.125931
0.912474
-0.537394
0.186711
0.881035
-0.279077
0.258001
0.845490
-0.278991
0.172016
0.831599
-0.359308
-0.088874
0.788598
-0.649430
-0.141928
0.711251
-0.903611
-0.092849
0.594757
-1.332959
0.089468
0.465282
-1.068555
0.452235
0.346884
-1.133671
-0.057283
0.242886
-0.771233
-0.764441
0.173742
-0.657274
-0.733043
0.110220
-0.791822
-0.573228
0.017613
-1.189523
-0.818831
-0.069750
-0.806481
-1.337435
-0.169120
-1.054549
-0.894005
-0.260933
-1.077725
0.127425
-0.368326
-1.072619
0.674373
-0.482837
-1.120658
1.078895
-0.557914
-0.453521
0.969851
-0.606148
-0.330134
0.828650
-0.644724
-0.194692
0.414867
-0.678532
-0.304684
0.841523
-0.692169
0.082568
1.243860
-0.708203
-0.115405
1.141448
-0.728905
-0.241460
0.907775
-0.767975
-0.480780
1.465010
-0.800587
-0.003387
1.936899
-0.822641
-0.193883
1.777634
-0.855778
-0.315271
2.360515
-0.897613
-0.134257
2.771190
-0.904868
0.294745
2.953780
-0.878758
0.760127
2.559387
-0.109359
0.654986
0.313222
-0.038796
0.860127
-0.382023
0.076117
1.329573
-0.149414
0.218521
1.460869
-0.571334
0.354996
1.012019
-0.920953
0.468374
0.898699
-0.947825
0.562157
0.806821
-0.733468
0.629008
0.545582
-0.807156
0.721496
1.046432
-0.863836
0.803698
0.584334
-0.761432
0.848658
0.230974
-0.930137
0.865601
0.084865
-1.034315
0.873895
0.016864
-1.033537
0.883281
0.118407
-0.794065
0.884929
-0.003445
-1.291676
0.895197
-0.252151
-0.900266
0.862972
-0.431916
-0.487037
0.830665
-0.430600
-0.430481
0.798931
-0.171632
-0.585973
0.782068
-0.256260
-0.786214
0.754520
-0.330319
-1.466556
0.717540
-0.556107
-1.425642
0.664914
-0.656849
-1.083277
0.620887
-0.488470
-0.628061
0.549403
-0.757680
-0.610303
0.461967
-1.098617
-0.794927
0.359881
-0.975393
-0.569641
0.257706
-0.997954
-0.218999
0.172277
-0.878304
-1.091079
0.084711
-0.689461
-1.015274
0.023574
-0.591660
-0.911504
-0.050024
-0.955180
-0.844949
-0.153222
-0.854461
-0.448060
-0.264071
-1.130173
-0.079183
-0.368196
-1.103464
-0.221613
-0.469834
-1.013674
0.182666
-0.550942
-0.667888
-0.143782
-0.612141
-0.429480
-0.822519
-0.668777
-0.659099
-0.688978
-0.753993
-0.774843
-0.453788
-0.803373
-0.321801
-0.450619
-0.836946
-0.580749
-0.730930
-0.892759
-0.464039
-0.891431
-0.932916
-0.579657
-1.729923
-0.980140
-0.352329
-2.365111
-1.000826
-0.256826
-2.902351
-1.008914
-0.058224
-2.994579
-1.007373
-0.288258
-2.600478
-1.029396
-0.709637
-2.477313
-1.103838
-1.067558
-2.880058
-0.038973
1.518061
0.041655
0.117041
1.498558
0.650270
0.245847
1.164406
0.123464
0.354694
0.988380
-0.109173
0.450027
1.060642
-0.206977
0.557568
1.186400
-0.366441
0.649834
0.716762
-0.725917
0.719464
0.556465
-0.468450
0.765970
0.391299
-0.896322
0.817706
0.529953
-0.637410
0.878642
0.516551
-1.757031
0.922756
0.091075
-1.903445
0.926922
-0.169324
-1.673842
0.907314
-0.287547
-0.658518
0.899148
-0.194561
-0.527581
0.894195
-0.046857
-1.101938
0.915391
0.247072
-0.644162
0.932466
0.047561
-0.536961
0.903222
-0.634337
-0.305021
0.842895
-0.577107
0.132915
0.777052
-0.810285
0.250448
0.693521
-0.809910
0.481598
0.607531
-1.060444
0.230843
0.512052
-0.968879
0.287792
0.428629
-0.638888
-0.178993
0.381989
-0.456310
-0.292980
0.319763
-0.783044
-0.632646
0.241703
-0.580239
-1.015357
0.178624
-0.627454
-0.967566
0.123243
-0.571350
-0.770810
0.063505
-0.620457
-0.344816
-0.013279
-0.869900
-0.388760
-0.110695
-1.042425
-1.180381
-0.204134
-0.893807
-0.636496
-0.294377
-1.005762
0.217951
-0.431464
-1.366918
-0.050078
-0.550052
-1.010308
-0.211651
-0.652895
-1.177334
0.455203
-0.753929
-0.749816
0.666049
-0.823827
-0.561274
1.456623
-0.865032
-0.278660
1.024208
-0.876283
-0.128607
0.542021
-0.884229
-0.046110
0.899651
-0.922627
-0.486033
1.004373
-0.973152
-0.388075
1.717351
-1.019755
-0.346397
1.695268
-1.043674
-0.022394
1.094442
-1.029949
0.352200
1.317964
-0.988816
0.723056
1.689811
-0.935153
0.800847
1.490406
-0.031631
0.604206
-0.180472
0.019205
0.445793
-0.358633
0.081661
0.742463
-0.647211
0.171568
0.895106
-0.625242
0.290755
1.332756
0.078210
0.416840
1.214819
-0.398958
0.522232
0.955832
0.330145
0.608283
0.773228
0.222393
0.686244
0.728295
1.163654
0.720598
0.132096
0.864178
0.738485
0.195645
0.797232
0.766699
0.590789
1.494620
0.836244
0.706481
0.653724
0.887845
0.481281
0.144532
0.891521
-0.275411
-0.830015
0.874249
-0.276945
-1.495658
0.853653
-0.088975
-1.140614
0.813837
-0.445816
-1.372249
0.778460
-0.499322
-1.277157
0.727313
-0.466174
-0.846975
0.697474
-0.290551
-1.464334
0.685388
-0.194610
-1.578632
0.664606
-0.366033
-1.564922
0.629305
-0.263655
-1.956936
0.587628
-0.630604
-1.432666
0.518930
-0.737855
-1.414619
0.458806
-0.624018
-1.381808
0.395510
-0.775163
-1.966875
0.322344
-0.825143
-1.171186
0.225179
-1.153637
-0.684542
0.120944
-0.980819
-0.737421
0.009984
-1.168584
-0.465066
-0.108162
-1.126597
-0.141633
-0.215554
-1.059225
-0.214661
-0.307153
-0.957441
0.724079
-0.405356
-0.842752
0.568161
-0.500949
-1.036112
0.971869
-0.647091
-1.444379
1.471583
-0.789257
-1.269522
1.461532
-0.889114
-0.428747
1.509171
-0.922817
-0.071576
1.006479
-0.942104
-0.069775
0.217661
-0.956068
-0.087712
0.099591
-0.975697
-0.257691
-0.335804
-0.991047
-0.014240
-0.575920
-0.980894
0.062540
-0.488599
-0.986933
-0.058255
0.056183
-1.021564
-0.439532
-0.061015
-1.059146
-0.185106
-0.204402
-1.073379
-0.017305
-0.529509
-0.173294
1.321199
-0.344930
-0.043485
1.210068
-0.121631
0.086650
0.973096
-0.209642
0.183055
1.018125
-0.134834
0.290678
1.133793
0.020815
0.392369
1.143297
-0.038221
0.499540
1.084062
-0.772953
0.614264
1.115112
-0.509533
0.710441
0.950445
-0.489395
0.799763
0.716056
-0.426623
0.884609
0.650200
0.113207
0.936594
0.440399
-0.550740
0.984520
0.486108
-0.502316
1.027988
0.301596
-0.016146
1.059304
0.275201
-0.560952
1.076362
-0.085029
-0.214150
1.075367
-0.019865
-0.067262
1.057543
-0.236956
0.163522
1.022996
-0.396441
0.972934
0.993129
-0.264284
0.561101
0.958937
-0.421015
0.515820
0.917500
-0.302146
0.038668
0.881969
-0.391918
-0.581861
0.830196
-0.635667
-0.589071
0.750857
-0.848598
-0.128711
0.650556
-1.246845
-0.289359
0.546704
-1.088084
-0.076569
0.423602
-1.098390
0.218050
0.330017
-0.962990
0.707885
0.240281
-0.749111
-0.201500
0.151907
-1.041448
-0.409188
0.049182
-1.074475
-0.449688
-0.084312
-1.308889
-0.624428
-0.211061
-1.189758
-0.506150
-0.323012
-1.154590
0.310508
-0.429142
-0.816992
-0.270184
-0.490939
-0.535470
-0.248370
-0.568609
-0.567737
-0.543819
-0.631299
-0.601818
-0.349747
-0.698962
-0.853768
0.154349
-0.771897
-0.625976
0.805276
-0.836002
-0.495701
0.357210
-0.884602
-0.353804
1.636790
-0.931950
-0.167345
2.470948
-0.962838
-0.184057
2.017697
-0.999151
0.014339
2.190035
-1.004894
0.046766
2.026152
-0.979687
0.647746
2.845972
-0.917611
0.888338
2.537144
-0.817651
1.385316
2.530715
-0.016297
1.619323
-1.339228
0.152900
1.380030
-0.645348
0.271839
1.109211
-0.451268
0.382507
1.050290
-0.021410
0.474167
0.809693
-0.555113
0.557340
0.990917
-0.886846
0.648795
0.778174
-0.871053
0.724642
0.482797
-1.074199
0.761514
0.212885
-1.323282
0.775030
-0.096375
-1.652232
0.770166
-0.019214
-1.463279
0.790701
0.142026
-1.670519
0.822741
0.211895
-1.736369
0.838823
-0.047974
-1.266389
0.842459
-0.217319
-1.384670
0.846355
0.087432
-2.165256
0.865579
0.058417
-1.958220
0.870502
-0.192959
-1.134615
0.855512
-0.032931
-0.979238
0.840510
-0.287669
-0.389823
0.838407
0.112422
-0.733611
0.800756
-0.873116
-1.141692
0.693148
-1.293971
-0.847912
0.578385
-1.195210
-0.407553
0.453679
-1.210191
-0.500121
0.334245
-1.132189
-0.332850
0.214958
-1.099351
0.972302
0.108210
-0.844393
1.035878
0.039481
-0.575405
0.828854
-0.002766
-0.301658
1.481026
-0.045620
-0.573418
0.560413
-0.101807
-0.481487
0.343420
-0.153970
-0.684452
0.133271
-0.218444
-0.443576
0.349636
-0.281344
-0.769880
0.647554
-0.364981
-0.703636
0.440888
-0.454853
-1.149955
0.210071
-0.564830
-1.022649
0.082267
-0.673329
-1.050730
0.372961
-0.783635
-0.986527
1.085203
-0.872663
-0.811755
0.554645
-0.950786
-0.579460
1.148029
-0.998192
-0.261455
0.367376
-1.031115
0.036408
0.364034
-1.021380
0.098511
-0.278391
-1.008836
0.265783
0.495933
-0.985427
0.306271
0.682690
-0.955754
0.386061
0.253443
-0.915572
0.289274
0.589922
-0.914078
-0.471637
0.787908
-0.014767
1.435761
0.235731
0.113530
1.461203
-0.245556
0.248013
1.016410
-0.579007
0.355044
1.151569
-0.626592
0.468203
1.086877
-1.284744
0.572440
0.987128
-1.294825
0.669905
0.904427
-0.925366
0.757138
0.847955
-1.013200
0.822141
0.484508
-1.151523
0.879895
0.673067
-1.109596
0.949014
0.477359
-0.884028
0.999539
0.366066
-1.556131
1.025096
-0.089668
-1.429721
1.025998
-0.041685
-1.164894
1.036271
0.115763
-1.092557
1.055639
0.038070
-0.344925
1.047434
-0.053639
0.087586
1.036388
-0.094125
0.229411
1.017015
-0.392915
0.339297
1.003239
-0.107346
0.501351
0.973422
-0.424103
0.659196
0.922337
-0.400610
0.519783
0.847345
-0.940744
0.249328
0.748691
-1.083191
0.380545
0.629093
-1.085549
1.118883
0.524309
-0.863829
0.501558
0.429891
-1.051446
0.545686
0.330414
-0.793742
0.376515
0.244450
-0.741478
-0.228334
0.178444
-0.799624
0.206777
0.095844
-0.821850
0.470468
0.001036
-0.906243
0.107034
-0.086212
-0.791681
0.826887
-0.172771
-0.777340
0.498743
-0.250072
-0.631514
0.478966
-0.334870
-0.953188
0.636696
-0.434446
-0.836585
0.061283
-0.510480
-0.951553
0.982177
-0.629695
-0.981644
0.242047
-0.739971
-0.944317
-0.767872
-0.830195
-0.735017
-1.420283
-0.873263
-0.292788
-1.612057
-0.887760
-0.137128
-2.218149
-0.902164
-0.377617
-1.543782
-0.946985
-0.576280
-1.397356
-0.987425
-0.292995
-1.186277
-1.029406
-0.845352
-1.114568
-1.120322
-0.880858
-1.557026
-1.179233
-0.478743
-1.733472
-1.213451
-0.485931
-1.385166
0.117230
1.155945
-1.106074
0.248863
1.055055
-0.896114
0.341440
0.684108
-1.369089
0.413858
0.770486
-1.401358
0.504973
0.856719
-1.014437
0.605519
0.860300
-1.549488
0.712827
0.986387
-1.402222
0.825863
1.001840
-1.348903
0.915547
0.689806
-1.515266
1.000377
0.511652
-1.127957
1.028720
0.081677
-0.875359
1.031484
-0.100760
-0.882682
1.018198
-0.191692
-0.694089
1.006353
-0.282434
-0.328940
0.987891
-0.140345
-0.078505
0.980339
-0.070731
-0.440782
0.987750
0.241787
-0.708372
1.008281
0.247875
-1.336529
1.023209
-0.119600
-1.716224
1.014663
-0.435356
-1.462004
0.970729
-0.549864
-1.009564
0.913723
-0.783959
-0.338310
0.834692
-0.884174
0.063809
0.734898
-1.069386
-0.229581
0.634182
-1.000364
0.307627
0.530557
-0.883324
0.048900
0.467804
-0.420387
-0.348922
0.411022
-0.625743
-0.698017
0.333620
-0.916370
-1.072300
0.235788
-1.235327
-0.852477
0.127741
-0.828746
-0.026697
0.021001
-1.027177
0.265870
-0.084566
-1.064922
0.435556
-0.183386
-0.971453
0.367637
-0.283429
-0.865601
0.956500
-0.360610
-0.641528
1.452744
-0.433974
-0.587908
1.946444
-0.510006
-0.618707
1.770590
-0.598209
-0.762305
2.057704
-0.677816
-0.662103
1.326252
-0.733511
-0.441829
0.693953
-0.780191
-0.305559
1.059467
-0.819869
-0.451003
1.409179
-0.878937
-0.285630
1.488409
-0.941562
-0.775606
1.573667
-1.022385
-0.623361
1.398857
-1.061020
0.080894
1.367137
-1.063446
0.207864
0.870156
-1.034032
0.319548
1.096445
-1.014182
0.150344
2.073166
-0.029524
1.167930
-1.636390
0.065084
1.084367
-1.445003
0.173311
0.822577
-2.184224
0.263899
0.628182
-2.266187
0.342789
0.559231
-2.345615
0.424358
0.638870
-1.974177
0.510335
0.749876
-2.069521
0.598322
0.591752
-1.870585
0.663868
0.571393
-1.834457
0.718749
0.451867
-2.360677
0.772108
0.333932
-1.720315
0.805057
0.323092
-1.303380
0.833239
0.082588
-1.550988
0.850807
-0.076414
-1.470335
0.859898
-0.105078
-1.402739
0.857346
-0.142693
-1.790353
0.865714
-0.046530
-1.043984
0.873204
-0.160516
-1.237299
0.847650
-0.278969
-1.231866
0.825605
-0.198836
-0.827706
0.790887
-0.517631
-0.576215
0.738207
-0.438047
-0.921035
0.711121
-0.366347
-1.209257
0.667465
-0.494484
-0.902180
0.603908
-0.703610
-0.586137
0.525720
-0.876604
-0.607564
0.425548
-0.837349
-0.168619
0.354133
-0.579818
-0.021385
0.301160
-0.674106
-0.077854
0.209034
-0.938338
-0.177815
0.097107
-1.352668
-0.316872
-0.021874
-0.976270
-0.391005
-0.097547
-0.595367
-0.550551
-0.169741
-1.025501
-0.122119
-0.270846
-1.075557
0.026753
-0.384064
-1.159377
-0.273007
-0.480841
-0.702651
0.349852
-0.550981
-0.600638
-0.137524
-0.609936
-0.585435
0.165371
-0.674820
-0.675859
1.134824
-0.756571
-0.799288
1.257468
-0.859607
-0.824027
1.071860
-0.958013
-0.947460
2.406883
-1.038922
-0.453475
2.729600
-1.072043
-0.127614
2.260972
-1.100488
-0.230004
2.632389
-1.112594
0.138758
2.799890
-1.097384
0.561673
2.725419
-1.033827
0.848705
2.854791
-0.920907
1.623299
2.990666
0.023209
0.649007
-0.788306
0.084324
0.602612
-0.727031
0.164007
0.844502
-0.070407
0.226037
0.698580
-0.357097
0.315643
0.921735
-1.208087
0.423781
1.244066
-1.645559
0.551135
1.013566
-1.550193
0.645699
0.630463
-1.872607
0.725031
1.083805
-1.237878
0.812289
0.562917
-0.729122
0.900973
0.817008
-0.787384
0.977297
0.608260
-0.916542
1.017618
0.207985
-1.900360
1.022574
-0.333143
-1.711098
0.987892
-0.618365
-1.386594
0.968259
-0.284484
-0.919550
0.933336
-0.647738
-1.133923
0.866117
-0.774053
-0.486660
0.818497
-0.383795
-0.581201
0.755952
-0.746345
-1.156429
0.686523
-0.537780
-1.337184
0.645440
-0.466595
-1.244835
0.605655
-0.437313
-0.644415
0.568420
-0.503497
-1.055069
0.509057
-0.548612
-0.789602
0.445177
-0.774207
-0.488273
0.382026
-0.746221
-0.798497
0.310891
-0.732705
-0.110234
0.222172
-0.987000
0.329334
0.124539
-0.931649
0.099718
0.038130
-0.668912
-0.210285
-0.037944
-0.689647
0.079890
-0.117500
-0.883979
0.459106
-0.202936
-0.773019
0.163176
-0.284303
-0.696196
-0.014767
-0.350776
-0.870148
-0.316850
-0.445522
-0.884301
-0.093188
-0.522647
-0.755051
-0.374696
-0.598758
-0.757992
0.276734
-0.676492
-0.727809
0.556176
-0.737528
-0.347678
0.220635
-0.778369
-0.627647
0.559278
-0.842424
-0.666638
1.087544
-0.895260
-0.414882
0.221173
-0.917126
-0.090046
-0.275719
-0.899936
0.301607
0.065702
-0.881338
0.243430
0.160066
-0.843350
0.309375
-0.372711
-0.812862
0.426344
-0.244429
-0.765129
0.511546
-0.155646
0.084625
0.537319
0.020501
0.141155
0.421982
0.029013
0.208355
0.561407
0.058382
0.276196
0.720747
-0.144824
0.342086
0.616060
0.288256
0.420868
0.907816
-0.080864
0.506643
0.746312
-0.112532
0.583723
0.814927
0.071179
0.661036
0.607483
-0.070740
0.714044
0.249893
0.573174
0.761773
0.670998
0.452607
0.834209
0.637851
0.201291
0.893907
0.528422
-0.457980
0.960930
0.640575
-1.424643
1.028117
0.371741
-1.317557
1.072034
0.376175
-2.003145
1.104614
0.079102
-2.610198
1.104972
-0.313178
-2.081500
1.078072
-0.525436
-1.753177
1.016448
-0.836310
-1.585765
0.941642
-0.858310
-1.743736
0.870129
-0.684816
-1.217055
0.816127
-0.699011
-1.496928
0.739029
-1.007229
-1.006673
0.639038
-0.961825
-1.194729
0.545529
-0.965719
-0.279243
0.459215
-0.927021
-0.760464
0.358112
-1.211352
-1.042473
0.249971
-0.981668
-0.520917
0.148425
-1.000276
-0.783974
0.034478
-0.962250
-1.210550
-0.052140
-0.751055
-0.335965
-0.155354
-1.162728
-0.058365
-0.276194
-0.923949
0.814429
-0.388062
-0.771071
1.120212
-0.453397
-0.557077
1.422216
-0.509367
-0.320281
1.766815
-0.575718
-0.704156
1.287733
-0.648681
-0.575120
0.618984
-0.697335
-0.203734
1.253344
-0.741157
-0.371048
1.124007
-0.791957
-0.558185
1.032726
-0.874193
-0.841265
0.861326
-0.938255
-0.560107
1.954143
-1.000048
-0.465732
1.720534
-1.051599
-0.475076
1.436578
-1.111798
-0.464987
0.783492
-1.169164
-0.717930
0.917510
-1.266261
-0.924466
0.302797
-1.377198
-1.203568
0.478462
-0.224433
1.744593
-2.445828
-0.040210
1.437021
-2.745421
0.101466
1.214839
-2.576889
0.237016
1.322370
-2.407918
0.359462
1.072608
-2.142861
0.478283
0.937971
-1.753241
0.587028
1.108306
-2.217898
0.691682
0.754977
-1.515436
0.777588
0.669761
-1.952800
0.838818
0.225596
-1.947861
0.872712
0.200262
-1.863190
0.876424
-0.185124
-1.401902
0.880220
-0.045715
-1.174572
0.918968
0.669140
-0.772772
0.996980
0.867246
-1.345073
1.068560
0.459581
-1.040614
1.079827
-0.306830
-1.030404
1.041691
-0.362511
-0.484169
1.027904
-0.088056
-0.423873
0.993296
-0.594567
0.638488
0.937439
-0.483194
-0.101769
0.884969
-0.467886
-0.249774
0.812329
-0.773055
-0.829070
0.730625
-1.051149
-0.872031
0.615111
-1.300415
-0.585176
0.503204
-1.012247
-0.732974
0.394227
-1.027371
-0.523844
0.290137
-1.046917
-0.294690
0.164907
-1.396469
-0.477311
0.045452
-1.134963
0.110879
-0.047067
-0.611509
0.231283
-0.108600
-0.649825
0.066323
-0.185532
-0.952382
0.256784
-0.267968
-0.707082
-0.379143
-0.339190
-0.651879
0.089575
-0.402405
-0.621341
0.529248
-0.469680
-0.591228
0.634819
-0.540814
-0.861586
0.296667
-0.620913
-0.789152
0.096182
-0.720393
-1.168804
-0.145204
-0.816992
-0.864629
0.247131
-0.891380
-0.593730
0.707828
-0.968655
-0.790189
0.608862
-1.050864
-0.650237
0.865331
-1.120607
-0.610369
1.039871
-1.179658
-0.559427
1.089922
-1.242181
-0.545188
1.588597
-1.294801
-0.350543
2.041473
-1.313237
0.124313
2.089219
-1.300707
0.210752
0.760660
0.032383
-0.055528
-0.569288
0.050024
0.393654
-0.613125
0.118682
0.889237
-0.325103
0.224665
0.980820
-1.429325
0.328652
0.909670
-1.018977
0.445820
1.032355
-1.056950
0.534961
0.804173
-2.018562
0.608637
0.518726
-2.321226
0.661419
0.347528
-1.928672
0.714715
0.465855
-1.000914
0.772958
0.383180
-0.826049
0.816705
0.288468
-0.748296
0.856099
0.223526
-0.886274
0.899180
0.423107
-0.494974
0.939054
0.276182
0.082482
0.953775
0.166507
0.078556
0.969962
0.073589
-0.086012
0.948845
-0.303031
-0.822401
0.934968
-0.328228
-0.188222
0.888673
-0.626265
-0.517959
0.830423
-0.572557
-0.070117
0.758783
-0.635770
-0.530225
0.684867
-0.713865
-0.243828
0.634058
-0.419796
-0.601969
0.600797
-0.613415
-0.523903
0.537285
-0.905034
-0.257682
0.440170
-0.881266
0.190188
0.345686
-0.966058
0.490785
0.241812
-0.967783
0.105296
0.147788
-0.876356
0.408105
0.053032
-0.932634
0.606388
-0.076141
-1.343489
0.569882
-0.186287
-0.917166
-0.100543
-0.283806
-0.869760
-0.000830
-0.373224
-0.690641
0.286241
-0.433852
-0.275131
0.772769
-0.494178
-0.821072
0.227329
-0.579075
-0.775368
0.207584
-0.652238
-0.554647
0.257143
-0.708765
-0.415612
0.397279
-0.754990
-0.408583
0.376836
-0.800344
-0.413332
-0.078711
-0.846424
-0.385133
-0.376733
-0.884696
-0.463654
0.785196
-0.934452
-0.292469
1.057282
-0.969696
-0.232153
0.543292
-0.986498
-0.174261
0.414948
-1.008062
0.001328
1.101176
-1.024704
-0.036307
1.921888
-1.030138
0.101693
2.165517
-0.086882
0.239108
-0.542164
-0.063651
0.209604
-0.419700
-0.038896
0.343821
-0.846069
0.040319
0.918877
-0.621587
0.145396
1.121159
-0.604075
0.271258
1.375510
-0.065717
0.406134
1.349609
0.150441
0.530774
1.150561
-0.379372
0.641962
0.954951
0.294113
0.716890
0.608975
0.278587
0.798706
0.878197
-0.332133
0.873481
0.442516
0.025395
0.916236
0.384018
0.106054
0.956422
0.566242
-0.017656
1.001597
0.237816
-0.651873
1.037581
0.355199
-1.089997
1.047155
-0.232875
-0.696740
1.037443
-0.101055
-0.925041
1.000945
-0.554778
-0.617183
0.936771
-0.608048
-0.427224
0.875466
-0.755872
-0.866824
0.812385
-0.877933
-1.242585
0.724868
-0.922377
-0.607825
0.631017
-0.924721
0.041918
0.549221
-0.715112
-0.927578
0.475540
-0.788428
-0.899664
0.380573
-0.877721
-0.297552
0.304916
-0.632075
0.257795
0.226639
-0.813307
0.495374
0.132873
-0.809122
0.091365
0.051090
-0.906904
0.604244
-0.043039
-0.843156
0.380438
-0.135406
-0.736995
0.783099
-0.228277
-0.965513
0.892669
-0.298805
-0.502711
0.556985
-0.363103
-0.655539
-0.048106
-0.431569
-0.719351
0.084635
-0.508619
-0.721803
0.125066
-0.590734
-0.795946
0.795130
-0.677732
-0.728436
0.168384
-0.750012
-0.779466
0.399364
-0.824328
-0.654960
1.263398
-0.902811
-0.731449
1.120155
-0.970967
-0.513209
1.393073
-1.011872
-0.231145
1.917162
-1.056361
-0.409257
2.189407
-1.085001
0.222704
1.868593
-1.055555
0.296894
2.557299
-1.026354
0.443759
2.186267
-1.002328
0.305013
2.453496
-0.147504
1.737047
-0.527822
0.050905
1.979736
-0.686459
0.234842
1.627227
-1.304884
0.372709
1.126133
-1.657570
0.485353
0.877733
-1.590535
0.583275
0.800126
-1.778785
0.677445
0.811861
-1.638724
0.768979
0.901154
-1.126138
0.852619
0.559704
-0.672464
0.911342
0.501371
-0.469683
0.969370
0.530446
-0.355346
1.016054
0.539246
-0.662765
1.060007
0.148677
-1.276052
1.058503
-0.096824
-0.850845
1.049611
-0.185252
-1.244938
1.029896
-0.136311
-1.426618
1.027510
-0.268796
-2.007050
1.000545
-0.359505
-1.760443
0.992615
-0.074879
-1.871534
0.979722
-0.363391
-1.717802
0.949328
-0.443018
-0.910818
0.910831
-0.581137
-0.968646
0.835931
-0.828379
-0.905638
0.750578
-1.015952
-1.386636
0.662499
-0.920040
-1.183192
0.571879
-0.956744
-0.960978
0.472317
-0.965855
-0.163562
0.356903
-1.127431
-0.693412
0.245932
-1.166920
-0.586551
0.122332
-1.308920
0.128630
0.006819
-0.913147
0.275448
-0.091257
-1.037025
0.307241
-0.197549
-1.050044
-0.794517
-0.295716
-0.937360
-0.855695
-0.366651
-0.814422
-0.515510
-0.445152
-0.804848
-0.737202
-0.517598
-0.802070
-0.593867
-0.586472
-0.667556
-0.349880
-0.664464
-0.650494
-0.563374
-0.743161
-0.907824
-1.145654
-0.833700
-0.993594
-0.243836
-0.908389
-0.668381
-0.315805
-0.985784
-0.727582
0.352525
-1.060532
-0.602007
1.062129
-1.122640
-0.405614
0.515704
-1.149275
-0.204422
0.153502
-1.155798
0.089077
0.723746
-1.153099
0.205055
0.024417
-1.157710
-0.204134
-0.184534
-1.202958
-0.612663
-0.009810
-0.091474
1.595834
-1.291389
0.087162
1.488652
-1.030544
0.208139
0.976701
-1.734516
0.318258
1.012961
-1.751990
0.413432
0.478231
-1.019667
0.474480
0.517869
-1.258209
0.537591
0.601609
-0.831608
0.615834
0.705988
-0.784471
0.695670
0.839322
-0.635499
0.791671
0.865302
-0.944809
0.865927
0.421316
-1.070703
0.921815
0.559206
-1.146292
0.958328
0.119271
-1.123183
0.970301
0.098988
-0.792841
0.996140
0.111028
-1.415790
1.000678
-0.002808
-1.790876
0.987268
-0.339144
-2.038526
0.963821
-0.329042
-1.670382
0.943945
-0.588917
-1.085060
0.860665
-0.913942
-0.869117
0.783661
-0.718892
-1.429002
0.743634
-0.242638
-1.308472
0.712797
-0.513543
-0.900505
0.659551
-0.576114
-0.722339
0.612130
-0.398205
-1.140747
0.567762
-0.571347
-0.884086
0.485584
-0.967197
-0.467450
0.375144
-1.213548
0.112492
0.253317
-1.423925
0.070855
0.132092
-1.175070
-0.116713
0.015262
-0.931520
-0.150731
-0.079768
-0.719768
-0.152260
-0.140862
-0.596656
-0.061546
-0.211869
-0.864522
0.294077
-0.280428
-0.419269
0.175946
-0.334848
-0.739587
-0.689477
-0.405744
-0.633622
-0.393038
-0.461756
-0.718485
-0.359814
-0.541896
-0.862722
-0.693096
-0.611520
-0.634714
-0.641245
-0.673685
-0.633237
0.076263
-0.740767
-0.828646
-0.106900
-0.824201
-0.839227
-0.089812
-0.894521
-0.720247
0.523715
-0.967619
-0.648623
0.394647
-1.019356
-0.256174
-0.017614
-1.046911
-0.075574
-0.819330
-1.077484
-0.620136
-0.242972
-1.141504
-0.576595
-0.329465
-1.190591
-0.643759
-0.336774
-0.082787
1.025576
0.957483
0.009825
1.020370
1.808963
0.118967
1.172348
1.533405
0.211251
0.696169
1.241835
0.275557
0.864740
0.497609
0.379734
1.136973
-0.001027
0.488397
0.950956
-0.204194
0.577617
0.913324
-0.345896
0.698662
1.202047
-0.704350
0.815395
0.960095
-0.953686
0.893949
0.690091
-0.956664
0.964081
0.464716
-0.787252
1.027426
0.588284
-1.177100
1.088968
0.506421
-1.824543
1.122132
0.163268
-1.959070
1.138091
0.068094
-1.811396
1.143696
-0.237063
-1.984264
1.112155
-0.519719
-2.036029
1.064374
-0.500364
-1.669590
1.006776
-0.876004
-1.312317
0.920532
-0.754259
-1.315673
0.860232
-0.578808
-1.027356
0.809390
-0.568272
-1.155743
0.746887
-0.723674
0.171511
0.666216
-1.112501
-0.016501
0.556573
-1.069394
-0.971525
0.471492
-0.957620
-0.647620
0.375043
-0.866357
-0.149960
0.287969
-0.928812
0.807527
0.192531
-0.815165
0.257837
0.119940
-0.771398
0.297572
0.034698
-1.007193
0.828282
-0.063551
-0.878631
0.429408
-0.157900
-1.092829
0.774903
-0.262960
-0.969510
0.864570
-0.356380
-0.607374
1.020360
-0.409042
-0.474251
0.579698
-0.477066
-0.632081
0.970873
-0.541833
-0.639162
1.037072
-0.628215
-0.740708
0.685470
-0.703090
-0.434116
0.480980
-0.761317
-0.498462
0.332130
-0.806167
-0.346364
0.636256
-0.832880
-0.149962
0.588980
-0.827018
0.108564
0.254573
-0.848798
-0.580410
-0.125837
-0.907731
-0.747775
-0.292822
-0.969431
-0.570883
-0.714705
-1.015801
-0.438814
-0.617770
-1.059211
-0.436426
-0.610019
0.080407
1.396118
-2.286672
0.212139
0.916614
-2.487298
0.313021
1.010955
-1.942630
0.428141
0.984313
-1.704290
0.525793
0.783897
-0.633482
0.585209
0.381411
-0.535277
0.637697
0.584791
-0.068625
0.697650
0.512132
-0.417152
0.733765
0.257453
-0.175287
0.763893
0.275521
0.453814
0.818174
0.766151
-0.269264
0.899694
0.720869
-0.502718
0.964599
0.428295
-0.036034
0.998198
0.255453
-0.869615
1.013654
0.142847
-1.106695
1.006342
-0.257207
-0.839578
0.987828
-0.130056
-0.969640
0.980849
-0.275930
-0.804356
0.965999
-0.042915
-0.790424
0.957155
-0.092308
-0.670096
0.952222
-0.168895
-0.869355
0.934270
-0.601995
-0.682789
0.863260
-0.912452
-0.539581
0.780386
-0.665740
-1.408064
0.716374
-0.678031
-0.821928
0.657665
-0.587671
-1.317500
0.595370
-0.984479
-0.417419
0.490324
-0.982625
0.026064
0.387400
-1.015266
-0.156389
0.287956
-1.071250
0.927540
0.193931
-0.965821
1.250441
0.094207
-0.804783
1.440921
0.004753
-0.890918
1.239289
-0.088459
-0.951811
1.411466
-0.214814
-1.247729
0.882671
-0.339634
-1.030755
1.127008
-0.435750
-0.781025
1.025671
-0.511734
-0.634283
1.532647
-0.590425
-0.696743
2.187303
-0.675718
-0.689982
1.565397
-0.745767
-0.467783
0.883314
-0.809736
-0.590858
1.664303
-0.893069
-0.692981
1.581180
-0.953152
-0.301214
0.847688
-0.972318
-0.323718
0.908354
-1.007505
-0.382202
1.411163
-1.037268
-0.346135
1.452142
-1.075556
-0.361681
1.686897
-1.107805
0.073384
1.273594
-1.097549
0.527457
1.168375
-0.146647
1.274351
-0.890367
0.003808
1.467984
-0.369510
0.135154
1.189518
-0.609267
0.255767
1.121188
-0.959361
0.347753
0.555103
-0.572896
0.409813
0.532620
-1.153607
0.474507
0.912122
-0.880513
0.581407
1.170169
-1.180373
0.710275
1.245365
-1.707292
0.844141
1.034802
-1.375773
0.970977
1.151167
-1.235901
1.065925
0.780349
-1.055096
1.121816
0.300808
-1.350919
1.151739
0.107576
-1.151051
1.144848
-0.335176
-1.092277
1.091769
-0.826582
-0.262931
1.012297
-0.854859
-0.647797
0.913167
-0.897606
-0.322138
0.833326
-0.803732
-0.909131
0.776480
-0.599288
-0.870257
0.728983
-0.482289
-0.960001
0.674664
-0.659130
-0.444388
0.626272
-0.306846
-0.196971
0.594656
-0.447476
-0.071594
0.543045
-0.419891
-0.782602
0.491212
-0.804112
-0.228794
0.413235
-0.838455
0.112678
0.334634
-0.613885
-0.658662
0.244651
-1.046160
-0.426693
0.159307
-0.927365
-0.552929
0.053535
-1.157287
-0.755853
-0.055023
-1.149454
-0.890733
-0.158003
-1.092678
-1.321821
-0.238072
-0.888472
-1.438365
-0.307170
-0.800850
-1.121632
-0.397407
-0.967473
-1.065887
-0.492886
-1.125477
-1.247811
-0.578004
-0.629332
-1.232488
-0.624238
-0.602578
-1.025974
-0.676104
-0.731674
-0.382710
-0.731845
-0.396000
0.112418
-0.770280
-0.465632
0.154036
-0.822905
-0.598204
-0.089831
-0.876572
-0.578365
-0.115419
-0.928506
-0.516733
0.498234
-0.992509
-0.619302
-0.061778
-1.050481
-0.482393
0.186936
-1.099380
-0.462067
0.058912
-1.150237
-0.623608
-0.310058
-1.229560
-0.985377
-0.174206
-0.005821
1.250511
-0.472576
0.102956
0.895343
-0.280561
0.203480
1.052391
-0.228533
0.309222
1.054280
-0.448129
0.406846
1.027533
-0.424922
0.500903
0.942580
-0.617402
0.592902
0.826849
-0.804872
0.676952
0.796657
-1.333601
0.744198
0.535635
-1.059543
0.802900
0.687487
-0.597377
0.852831
0.372200
-0.782194
0.873857
0.094586
-1.051123
0.869456
-0.239703
-1.116402
0.839034
-0.249138
-0.390539
0.827405
-0.016442
-0.338380
0.846521
0.157435
0.282303
0.855040
0.001593
0.156047
0.855161
-0.001280
1.143810
0.846761
0.230695
1.114794
0.859014
-0.029932
0.307591
0.863119
0.079612
-0.343761
0.865046
-0.089755
-1.444426
0.865334
-0.103990
-1.270872
0.843068
-0.473327
-1.132669
0.798657
-0.489632
-0.694413
0.736540
-0.688428
-0.994023
0.647213
-1.087524
-0.901499
0.517252
-1.728523
-0.337317
0.348620
-1.703146
0.482137
0.179274
-1.350737
0.519551
0.058522
-0.960833
0.231598
-0.064898
-1.132638
0.901310
-0.171350
-0.961746
0.525110
-0.282915
-1.071557
0.078122
-0.369645
-0.927706
0.294780
-0.478222
-1.069674
0.368996
-0.591935
-1.059820
0.328627
-0.691866
-0.687977
-0.124941
-0.742357
-0.386028
-1.059147
-0.758454
-0.223142
-0.344498
-0.794068
-0.520856
-0.026938
-0.839833
-0.185715
0.740582
-0.874999
-0.504357
0.848957
-0.950733
-0.733110
1.009053
-1.024063
-0.516969
1.868025
-1.073461
-0.420752
1.678478
-1.114233
-0.114290
1.331804
-1.124891
-0.109947
0.830661
-1.156440
-0.225615
1.773209
-1.157706
0.478215
1.617663
-0.147953
1.527513
-1.108004
0.014578
1.595617
-1.126159
0.196041
1.971809
-0.968008
0.386032
1.456127
-1.580750
0.528335
1.079523
-2.536909
0.643769
0.903994
-2.162764
0.725500
0.487771
-1.846734
0.759092
0.295193
-1.439591
0.810392
0.430338
-1.264995
0.850358
0.519301
-0.772078
0.903812
0.634248
-0.757569
0.941017
0.222867
-1.458142
0.966347
0.010045
-1.042564
0.970177
-0.072678
-0.922871
0.972418
0.003690
-0.820898
0.991227
0.069376
-0.299396
1.011930
0.151997
-0.169771
1.027138
0.000227
-0.168451
1.006358
-0.488084
-0.373446
0.983496
-0.187047
-0.326728
0.957258
-0.288812
-0.264240
0.911775
-0.570954
-1.144978
0.864451
-0.687649
-0.417134
0.779567
-1.198752
0.094754
0.670710
-1.032940
0.411184
0.552190
-1.473428
0.287276
0.421008
-1.165715
1.096925
0.296422
-1.052453
1.622672
0.184846
-1.032414
1.570116
0.054536
-1.174015
1.567316
-0.093661
-1.445826
1.242437
-0.234508
-1.121534
1.116697
-0.331733
-0.711530
1.272990
-0.395027
-0.701471
1.208154
-0.484175
-0.699671
1.773903
-0.545024
-0.261126
1.399632
-0.589782
-0.375020
0.454852
-0.622898
-0.326064
0.118130
-0.645201
-0.207284
-0.002910
-0.669740
-0.137507
-0.663057
-0.687394
-0.239755
0.174684
-0.714363
-0.278499
-0.791218
-0.744312
-0.272001
-0.655127
-0.759612
-0.180799
-0.456849
-0.781723
-0.348701
-0.015958
-0.818494
-0.200810
0.487204
-0.825454
0.061736
0.517306
-0.821073
-0.035536
-0.106796
-0.829362
-0.227455
0.007367
-0.858339
-0.524056
-1.119068
-0.224798
1.612871
-0.379105
-0.074886
1.384807
-0.379002
0.055547
1.209488
-0.410014
0.161921
1.018834
-0.548391
0.266400
1.065013
-0.573938
0.372809
0.884002
-0.787346
0.465101
0.990710
-0.359899
0.579112
1.029836
-0.798024
0.691403
0.895902
-0.762592
0.785254
0.798049
-1.059288
0.851238
0.550728
-1.088747
0.925440
0.748594
-0.805433
1.004282
0.470109
-0.315911
1.034835
0.048891
0.388176
1.035675
-0.008938
0.231935
1.030635
-0.004667
-0.147584
1.036516
0.047809
0.211763
1.028634
-0.213535
0.295124
1.007442
-0.288623
0.513867
0.958769
-0.462040
0.306977
0.904578
-0.634721
-0.335239
0.826588
-0.881432
0.018775
0.753637
-0.795614
0.176653
0.659190
-1.163633
0.651410
0.535012
-1.173562
0.247237
0.424121
-1.063998
-0.283236
0.313198
-1.013022
-0.660351
0.233844
-0.759446
-0.776877
0.153906
-0.886281
0.330306
0.037377
-1.183891
0.087724
-0.072775
-0.971604
-0.098663
-0.166188
-0.895705
-0.449915
-0.254038
-0.669104
0.165607
-0.332026
-0.546667
0.308858
-0.390668
-0.393665
0.029840
-0.436711
-0.498646
-0.043866
-0.508019
-0.654548
0.125690
-0.584763
-0.978411
0.527791
-0.668511
-0.783046
0.446527
-0.731997
-0.559513
0.801275
-0.779280
-0.274542
0.017622
-0.818250
-0.646947
-0.057640
-0.894860
-0.816946
0.276659
-0.967416
-0.698637
0.672430
-1.019585
-0.299086
0.743606
-1.042278
-0.187841
0.230019
-1.050754
-0.126981
0.434820
-1.051106
0.068919
0.598952
-1.065574
-0.182712
0.799586
-1.089599
-0.246083
0.041259
0.011101
1.440109
0.532057
0.157967
1.471983
0.750765
0.299186
1.470911
1.021052
0.434100
1.086429
1.542323
0.522304
0.890642
1.116584
0.613435
1.043169
0.711948
0.703959
0.931130
0.267218
0.804802
0.760936
-0.191137
0.865357
0.393968
-0.368538
0.902275
0.133484
-0.070189
0.916277
-0.033128
-0.202754
0.909021
0.005753
-0.394797
0.911348
0.140586
-0.900177
0.921927
0.019573
-1.204600
0.918781
-0.072959
-0.270268
0.905963
-0.166452
-0.417443
0.886845
-0.210180
-0.713963
0.875969
-0.086672
-0.566131
0.874803
0.033407
-0.473379
0.869697
-0.233837
-0.110400
0.840231
-0.512263
-0.477258
0.786723
-0.333566
-0.067752
0.722873
-0.640789
0.168191
0.657749
-0.683896
-0.391002
0.582947
-0.797973
-0.028879
0.509845
-0.681887
-0.665736
0.439329
-0.657096
-0.185095
0.386776
-0.478095
-0.528997
0.341101
-0.591083
0.498810
0.276513
-0.740833
0.077627
0.187029
-0.662558
-0.256461
0.108169
-0.984652
-0.592681
0.014785
-0.881371
-0.722978
-0.071739
-1.009752
-0.261606
-0.169125
-0.894537
0.823871
-0.274726
-1.067831
1.138129
-0.395443
-1.091498
1.181317
-0.500314
-0.813252
0.939393
-0.568021
-0.602151
0.788177
-0.618291
-0.305061
0.446028
-0.645609
-0.188459
0.609399
-0.671059
-0.203721
1.195566
-0.692914
-0.175929
0.232002
-0.730344
-0.308910
0.475411
-0.764961
-0.269778
0.381581
-0.804541
-0.507483
0.498601
-0.877601
-0.694556
0.518097
-0.951566
-0.727084
0.352639
-1.029268
-0.615757
0.845034
-1.077007
-0.416117
1.015714
0.094391
1.194838
-0.601570
0.218739
1.213542
-0.610700
0.322644
0.872925
-0.035988
0.393230
0.598118
0.259525
0.448518
0.655086
0.424525
0.524625
0.892973
0.829657
0.585845
0.618405
0.621505
0.649108
0.846660
0.724584
0.717750
0.515009
0.065553
0.777545
0.533440
0.043249
0.804800
0.033663
-0.459697
0.806454
0.032592
-0.111141
0.817851
0.195107
0.340694
0.846801
0.318454
-0.138185
0.863370
-0.042044
-0.318562
0.870959
-0.082472
0.293903
0.873510
0.047909
-0.370578
0.879555
-0.042417
-0.548682
0.889972
0.110168
-0.071569
0.887185
-0.448539
0.830446
0.832991
-0.409573
0.594638
0.781902
-0.477403
0.388802
0.738438
-0.296096
0.161409
0.702563
-0.572073
0.032586
0.638166
-0.622199
-0.470223
0.566276
-0.639991
-0.369843
0.496990
-0.723776
-0.424656
0.419487
-0.811699
-0.490138
0.334933
-0.927125
-0.653567
0.242047
-0.792334
-0.600438
0.151602
-0.905768
-0.078406
0.067664
-0.868633
-0.118956
-0.022343
-0.875667
0.358042
-0.104307
-0.742434
0.645144
-0.190997
-0.831845
0.623277
-0.267850
-0.766396
0.542760
-0.343259
-0.972030
0.518929
-0.439839
-0.922518
0.458836
-0.544926
-0.957286
0.580546
-0.636312
-0.863625
0.115415
-0.721023
-0.539529
0.883225
-0.763979
-0.278344
0.408071
-0.792036
-0.158753
0.977850
-0.811959
-0.237180
1.335137
-0.853689
-0.181315
1.126895
-0.867546
-0.056633
0.626844
-0.869459
0.088491
0.627108
-0.863349
0.109793
0.419836
-0.839572
0.194116
0.815231
-0.806520
0.766919
0.519658
0.089563
1.151852
-0.327346
0.215789
1.285535
-0.468063
0.332280
0.816413
-1.048597
0.421208
0.787231
-1.282820
0.490253
0.631080
-0.502282
0.562017
0.569862
-0.438930
0.612882
0.591810
-0.404576
0.686547
0.891186
-0.306985
0.781848
0.932814
-0.722994
0.847165
0.422687
-0.794839
0.892642
0.087643
-1.038488
0.908481
0.109827
-0.766812
0.952263
0.510841
-0.544190
0.989996
0.312987
-0.225465
1.020834
0.259763
-0.249098
1.021111
-0.293199
-0.305128
0.994029
-0.172175
-0.380441
0.991198
0.064849
0.237616
0.984171
-0.178492
-0.097832
0.983125
0.114389
0.259451
0.973582
-0.403465
-0.169942
0.932327
-0.546092
-0.465530
0.871305
-0.622034
-0.488620
0.806887
-0.688587
-0.146960
0.728544
-0.954994
0.249754
0.646066
-0.762044
0.895069
0.560402
-1.072513
0.312714
0.452274
-1.021481
0.350409
0.339354
-1.121758
1.097103
0.232856
-0.926947
0.994767
0.137254
-0.954387
0.961712
0.033055
-1.017259
1.407041
-0.080750
-1.126599
1.198027
-0.179821
-0.832342
0.762867
-0.277301
-0.988492
0.071063
-0.395343
-1.063069
0.716095
-0.510044
-1.191790
0.646020
-0.622818
-1.058075
1.819658
-0.724285
-0.621082
2.241015
-0.797997
-0.543764
1.969037
-0.860617
-0.298618
1.077879
-0.907643
-0.320314
0.584895
-0.922891
0.054794
-0.554889
-0.921947
-0.069468
-0.131820
-0.933083
0.000872
0.401087
-0.954857
-0.295659
0.143400
-0.982006
-0.347896
-0.015912
-1.031181
-0.552780
0.270244
-1.098625
-0.614122
0.137655
-1.151209
-0.400278
0.221788
-0.356831
2.032063
-1.450401
-0.132787
2.148480
-1.396739
0.080419
1.942797
-1.619954
0.256660
1.532187
-1.808378
0.415985
1.145748
-1.774743
0.551427
1.289064
-1.110389
0.672344
0.876592
-1.123186
0.747094
0.449792
-1.574624
0.778816
0.099729
-0.891108
0.806736
0.429326
-0.467486
0.845940
0.256282
-0.649876
0.886220
0.291112
-0.743482
0.900703
0.057003
-0.422710
0.922888
0.277141
-0.902383
0.951969
-0.053841
-1.367137
0.964827
0.181650
-1.026205
0.982556
0.080152
-1.478941
0.971406
-0.282058
-0.721236
0.936010
-0.220020
-0.656052
0.901249
-0.613401
0.049234
0.830398
-0.853171
0.083140
0.733128
-0.840143
0.403222
0.654293
-0.823660
-0.203841
0.593256
-0.591479
0.141284
0.533648
-0.434177
0.442444
0.494003
-0.260269
0.841882
0.444408
-0.462381
0.827661
0.380371
-0.764350
0.477571
0.296239
-0.651794
0.687786
0.215667
-0.618906
0.662651
0.141348
-0.773617
1.225646
0.049030
-0.824145
1.003037
-0.016484
-0.435203
1.378145
-0.098025
-0.606503
0.337339
-0.164757
-0.741886
-0.153067
-0.248360
-0.871324
-0.863212
-0.336670
-1.028686
-0.664441
-0.456309
-1.405207
-0.711763
-0.570991
-1.098264
-0.031297
-0.645495
-0.552426
-0.240450
-0.718452
-0.745688
-0.146224
-0.793921
-0.906671
-0.169138
-0.897008
-0.894303
0.703285
-0.981750
-0.433656
0.409538
-1.013318
-0.343222
0.555033
-1.047769
-0.299944
0.384628
-1.076430
-0.175805
0.168755
-1.100227
-0.345560
0.437857
-1.125842
-0.200084
0.058825
-1.145184
-0.282815
0.697029
-0.041717
0.834795
-0.466278
0.057379
0.861068
0.185708
0.158188
1.125773
-0.008337
0.267838
1.114521
0.266311
0.392364
1.185093
-0.160729
0.531793
1.385653
-0.593006
0.666531
1.276910
-1.189067
0.770473
0.692904
-1.243811
0.858895
0.670931
-2.258924
0.921286
0.338202
-1.534066
0.949269
0.251794
-1.471931
0.995747
0.573720
-1.577700
1.039491
0.361363
-2.276861
1.070184
0.123106
-1.871772
1.076320
-0.152512
-1.970396
1.067473
-0.053351
-2.062766
1.064947
-0.277309
-2.215141
1.035219
-0.619751
-2.585417
0.967367
-1.016865
-1.143493
0.856770
-1.012273
-0.614016
0.774925
-0.675105
-0.644487
0.715877
-0.743330
-0.264977
0.637002
-0.835338
-0.142422
0.544511
-1.053345
0.812941
0.444582
-0.676672
0.674213
0.359988
-0.726031
0.033845
0.309701
-0.387412
0.889042
0.265840
-0.472297
0.029726
0.207979
-0.684912
-0.355781
0.139519
-0.589562
-0.525285
0.089257
-0.502811
-0.798516
0.048063
-0.575522
-0.721657
-0.020145
-0.633623
-1.013757
-0.077706
-0.395307
-0.944965
-0.120717
-0.612226
-0.646033
-0.210796
-1.062506
-0.644437
-0.307624
-0.973283
-0.660435
-0.398691
-1.026310
0.096506
-0.517100
-1.139641
0.097811
-0.626032
-0.831080
0.450249
-0.718598
-0.786224
0.160705
-0.803858
-0.564543
0.197160
-0.848852
-0.209418
1.011607
-0.867132
-0.177630
1.077826
-0.890207
-0.014229
1.198761
-0.878355
0.306232
0.777512
-0.860322
0.145069
-0.086328
-0.853921
-0.014201
0.360429
-0.837082
0.431281
0.433591
-0.800369
0.561344
0.658732
-0.011415
0.775751
-0.333389
0.081778
0.904156
-0.421546
0.187022
1.001708
-0.275753
0.284866
0.834507
0.095902
0.372073
0.785812
0.028976
0.444671
0.881529
0.432669
0.549833
1.159608
-0.103794
0.670773
1.334253
-0.130452
0.786926
0.959445
-1.112831
0.893658
0.809019
-1.042030
0.966120
0.511401
-1.663418
1.013198
0.396841
-1.841912
1.016691
-0.046724
-0.973910
1.011420
-0.302994
-1.786416
1.008944
0.072375
-1.430624
1.012854
-0.141005
-1.016739
1.018864
-0.048403
-0.189970
1.031077
0.082904
-0.001658
1.029943
-0.070368
-0.037619
1.007947
-0.280731
0.348836
0.975530
-0.365530
0.420841
0.954091
-0.226640
-0.503238
0.928354
-0.492681
-0.219194
0.875756
-0.565936
0.032432
0.776129
-1.303118
-0.032101
0.642225
-1.204581
-0.224563
0.492869
-1.396201
-0.217328
0.369617
-1.153298
0.048758
0.255573
-1.118658
0.033971
0.143490
-0.875917
-0.168220
0.043378
-1.043717
0.012719
-0.062231
-0.872588
0.414199
-0.125454
-0.477016
0.304901
-0.183397
-0.590741
0.687402
-0.257537
-0.850525
0.368707
-0.337859
-0.774961
0.929344
-0.417698
-0.821752
1.369844
-0.502484
-0.794729
1.022204
-0.591215
-0.741268
0.543243
-0.671150
-0.573950
0.869455
-0.739077
-0.606136
1.685603
-0.806298
-0.499057
1.999834
-0.879555
-0.566340
1.948265
-0.932135
-0.124128
1.509156
-0.952100
-0.111916
1.159380
-0.968802
-0.020802
0.595240
-0.955451
0.165993
-0.023624
-0.934568
0.140929
-0.651716
-0.924275
0.056620
-0.820976
-0.919584
-0.072338
-1.244404
-0.116023
1.165410
-1.026649
0.008101
1.161596
-1.309651
0.129415
1.127305
-1.407552
0.251831
0.961489
-0.832621
0.358472
1.004397
-0.539318
0.477665
1.281061
-1.024177
0.593037
0.968060
-0.783810
0.689577
0.757428
-0.706145
0.764178
0.707672
-1.136750
0.836938
0.728539
-0.916277
0.878853
0.052031
-1.242184
0.893067
-0.078689
-0.926871
0.878606
-0.198590
-0.838780
0.867018
-0.201881
-0.637644
0.859493
0.135713
-0.595609
0.883780
0.331173
-0.612221
0.913506
0.187580
-0.525433
0.936319
0.149975
-0.409864
0.953693
0.099338
-0.026162
0.938724
-0.162428
-0.012427
0.927801
-0.353873
-0.312791
0.874369
-0.505792
0.121726
0.820112
-0.624498
-0.112961
0.752500
-0.880280
0.225345
0.662314
-0.888623
-0.402507
0.561572
-1.212046
-0.825780
0.445534
-1.058600
-0.458995
0.341839
-0.843403
-0.047349
0.246453
-1.063070
-0.095500
0.152233
-0.589155
0.000723
0.090063
-0.734782
-0.200632
0.033185
-0.481962
-0.752915
-0.036968
-0.904052
-1.258329
-0.142207
-1.307224
-1.501471
-0.276303
-1.140410
-0.596645
-0.383966
-1.214093
-0.283418
-0.491454
-1.154063
-0.460503
-0.582584
-0.876446
-0.339903
-0.668181
-0.757791
0.014736
-0.733987
-0.601152
0.461547
-0.789271
-0.673930
0.672628
-0.873994
-0.758551
0.929595
-0.947749
-0.560537
0.979069
-0.977264
-0.200530
0.692922
-1.009269
-0.325810
0.466278
-1.038704
-0.477202
-0.313966
-1.069223
-0.130256
-0.378664
-1.079188
-0.056709
-0.488619
-1.066692
0.136875
-0.872024
-1.056686
-0.076633
-0.625162
0.003133
1.372853
-2.202235
0.170637
1.408878
-2.028221
0.320248
1.113849
-1.867526
0.458206
1.280531
-1.164463
0.564205
0.721312
-1.033431
0.638788
0.536223
-1.201650
0.702009
0.671592
-1.714616
0.803472
0.976496
-0.873583
0.898627
0.902074
-0.350403
0.981063
0.715682
-0.151022
1.041955
0.628395
-0.774465
1.079355
0.131436
-1.573182
1.114930
0.329180
-1.119639
1.145984
0.005131
-1.102752
1.152800
-0.058760
-1.247736
1.157529
-0.270540
-0.440960
1.148835
-0.059058
-0.681302
1.144405
-0.204565
-0.290164
1.104547
-0.625893
-0.521673
1.024064
-0.871328
0.225257
0.938788
-0.888646
0.148841
0.858599
-0.765300
0.184603
0.790908
-0.824561
0.154350
0.692873
-1.137670
1.169737
0.581420
-1.095086
1.460160
0.459398
-1.204387
1.167234
0.370123
-0.661871
0.436059
0.294636
-0.804653
0.149217
0.224998
-0.718098
-0.202775
0.151202
-0.570894
0.581799
0.088519
-0.419646
-0.027001
0.009506
-0.923291
-0.811817
-0.093813
-1.149694
-0.587530
-0.218889
-1.327122
-0.164242
-0.364290
-1.331143
0.638862
-0.491053
-1.108640
-0.005141
-0.600656
-0.835960
0.182710
-0.696204
-0.861872
0.838697
-0.769437
-0.511721
1.431608
-0.836780
-0.677389
1.239986
-0.901282
-0.474172
1.616637
-0.953043
-0.335642
1.465347
-1.011244
-0.611814
1.298320
-1.060357
-0.297805
1.049910
-1.086689
-0.102364
0.913382
-1.096085
0.058243
1.365596
-1.090842
0.278762
1.537519
-1.076798
0.348070
2.129070
-1.057045
0.290939
2.937346
-1.009092
0.850837
3.531493
-0.170660
1.648152
-2.402963
0.011937
1.625415
-1.597770
0.162535
1.164206
-1.286531
0.293896
1.270528
-1.213797
0.450409
1.376487
-1.121947
0.598598
1.328156
-1.056476
0.710853
0.757459
-1.591630
0.816472
0.972776
-1.526408
0.910826
0.680265
-2.011193
0.996890
0.918987
-1.233552
1.081860
0.587095
-0.491737
1.113275
0.120297
-1.006326
1.102595
-0.254600
-0.872570
1.103131
0.111971
-0.200004
1.105355
-0.269951
-0.667262
1.083450
-0.221106
-0.220796
1.043229
-0.393426
-0.329734
0.997493
-0.584915
-0.252220
0.948855
-0.631518
-1.117732
0.913656
-0.476405
-0.849152
0.856805
-0.607393
-0.406980
0.789202
-0.395922
-0.252341
0.739865
-0.546175
-0.730828
0.690458
-0.620047
-1.224055
0.638639
-0.727348
-1.046453
0.559387
-0.953412
-0.458438
0.466031
-0.997871
0.470072
0.367380
-0.935533
0.890461
0.255283
-1.156843
1.078889
0.127036
-1.085746
0.734745
-0.001062
-1.138872
1.938207
-0.144081
-1.562626
2.104604
-0.269857
-0.902759
2.262542
-0.370632
-1.013265
2.252458
-0.465810
-0.717421
1.528430
-0.534495
-0.458307
1.646399
-0.595303
-0.439189
1.286019
-0.653566
-0.586735
1.193926
-0.718007
-0.478372
1.189315
-0.781934
-0.580043
0.201969
-0.848118
-0.666890
-0.413159
-0.910042
-0.539788
-0.849022
-0.956183
-0.494462
-0.690099
-1.007530
-0.411932
-0.191756
-1.059539
-0.674639
0.029084
-1.132096
-0.574784
1.079880
-1.179709
-0.411988
0.726643
-1.231266
-0.574633
0.560681
-1.279739
-0.567132
0.120085
-1.301139
-0.153510
0.436476
0.141221
0.675537
0.366677
0.197491
0.606528
0.468086
0.254505
0.647840
0.350067
0.328692
0.824803
-0.707238
0.414097
0.809574
-0.350094
0.481910
0.724460
-0.978373
0.550478
0.378305
-0.513732
0.595387
0.631621
-1.024597
0.658975
0.449238
-0.864168
0.732161
0.838956
-0.184387
0.799767
0.543372
-0.837791
0.849513
0.454797
-0.223953
0.882629
0.231811
-0.849401
0.903288
0.069239
-0.650234
0.916735
-0.015893
-0.718732
0.911718
-0.028366
-1.082049
0.904172
-0.130988
-1.504118
0.890530
-0.434185
-1.568313
0.850919
-0.263826
-1.068930
0.829406
-0.303969
-0.249167
0.791593
-0.401335
0.448857
0.749536
-0.375277
-0.386974
0.700278
-0.591023
-1.221645
0.652095
-0.552774
-0.904909
0.570265
-0.844396
-1.073422
0.483522
-0.943842
-0.670392
0.412859
-0.646578
-0.646686
0.333312
-0.764047
-1.013521
0.262852
-0.992954
-0.898827
0.172690
-0.840414
-0.683633
0.082749
-1.125809
-0.146339
-0.013864
-0.924656
0.184913
-0.085557
-0.872439
0.036131
-0.188511
-0.982482
-0.206691
-0.295441
-1.112167
-0.334522
-0.382665
-0.739954
-0.843201
-0.452118
-0.909419
-0.607092
-0.545329
-1.018793
0.094897
-0.613935
-0.308384
0.312925
-0.661009
-0.530636
-0.017969
-0.706520
-0.357108
0.192704
-0.754485
-0.393634
-0.001559
-0.794537
-0.408676
-0.440917
-0.825433
-0.335197
-0.681240
-0.863060
-0.431898
-0.822118
-0.897081
-0.310028
-0.619513
-0.908837
-0.210556
-1.146257
-0.931086
-0.426580
-1.727602
-0.970444
-0.244598
-1.673693
-1.006000
-0.627079
-2.218323
-0.266227
1.566707
-0.621383
-0.124788
1.182624
-0.368344
-0.010165
1.203886
-0.003109
0.127132
1.479594
-0.820467
0.265078
1.130473
-0.813395
0.375179
1.025374
-1.256817
0.490927
1.160020
-1.285838
0.596066
0.751783
-1.074455
0.663545
0.617878
-1.260505
0.734217
0.654762
-1.528516
0.818777
0.700228
-1.929191
0.880907
0.398694
-1.514576
0.925864
0.340153
-1.382240
0.956009
0.192486
-1.462984
0.967453
-0.315296
-1.792342
0.946862
-0.360653
-1.264604
0.918402
-0.214129
-0.806871
0.910030
-0.022836
-0.001068
0.894879
-0.326657
-0.483975
0.860752
-0.459816
-0.244262
0.812115
-0.542071
1.150575
0.758954
-0.292089
0.817401
0.722087
-0.177151
0.464862
0.674189
-0.608156
-0.008032
0.601636
-0.760699
0.531720
0.519186
-0.674392
0.415169
0.441220
-0.726306
0.579143
0.356259
-0.709012
0.093190
0.253748
-1.168356
-0.151494
0.137026
-0.952646
-0.566643
0.054037
-0.891257
-0.136182
-0.033113
-0.785107
-0.362277
-0.113869
-0.842001
-0.201046
-0.216598
-1.037034
-0.485016
-0.321585
-0.987255
-0.293060
-0.422181
-0.901535
0.607889
-0.494206
-0.731440
1.198887
-0.578226
-0.802822
1.029281
-0.649324
-0.699716
1.344951
-0.719929
-0.610286
0.878375
-0.788841
-0.467207
1.319611
-0.831255
-0.350612
1.320744
-0.870087
-0.296191
1.655547
-0.916635
-0.464556
1.399728
-0.962154
-0.366789
1.798193
-0.986675
-0.110055
1.613821
-1.021134
-0.140958
0.572138
-1.027422
-0.095854
0.680146
-1.028657
0.231682
0.915173
-1.016934
0.168467
1.587097
-0.086784
1.461376
-1.762801
0.053966
1.154251
-2.687730
0.177737
0.893494
-2.516309
0.282965
0.839155
-1.951088
0.377599
0.815862
-1.827977
0.454861
0.680314
-1.685085
0.524701
0.657377
-1.326920
0.611317
0.811251
-1.528370
0.693087
0.546575
-1.513039
0.748042
0.230956
-1.462108
0.805795
0.587637
-1.129429
0.861545
0.365843
-1.092528
0.899197
0.383058
-0.464440
0.928627
0.150818
0.040623
0.952084
0.500054
0.204601
1.007214
0.674811
0.075982
1.051520
0.236265
0.026186
1.033215
-0.547957
-0.331088
0.984094
-0.583735
0.223555
0.927151
-0.553177
0.553615
0.864047
-0.784394
-0.055871
0.761702
-0.965578
0.003850
0.667581
-0.870781
-0.475885
0.595232
-0.802323
0.334602
0.526588
-0.508618
0.187928
0.441669
-1.031754
0.254382
0.344205
-0.890269
0.372859
0.236769
-1.073597
-0.013337
0.136896
-0.906769
-0.102788
0.046484
-0.840321
-0.109456
-0.024919
-0.508330
0.098847
-0.080978
-0.595635
0.293042
-0.133802
-0.419727
-0.006663
-0.193407
-0.819097
-0.617551
-0.281767
-1.058594
-0.074035
-0.380279
-0.945018
0.109332
-0.477976
-1.003122
-0.230649
-0.566938
-0.507785
-0.510961
-0.634238
-0.758125
-0.844371
-0.697078
-0.489506
-0.803886
-0.744204
-0.551515
-0.035033
-0.797589
-0.536864
0.023353
-0.852029
-0.501007
0.333085
-0.898041
-0.498732
0.467333
-0.951975
-0.402488
1.098027
-0.987332
-0.252842
1.122246
-1.031098
-0.673830
1.338089
-1.088937
-0.303618
0.997382
-1.130992
-0.489970
1.290829
-1.199722
-0.729209
0.796975
-0.018816
0.964176
-0.289516
0.077980
1.018278
-0.576063
0.183089
0.981354
-0.915858
0.301132
1.163254
-1.263726
0.428934
1.067885
-1.023380
0.552072
1.092794
-1.119271
0.660667
0.932939
-1.262588
0.758487
0.777888
-0.834905
0.835184
0.643591
-0.564587
0.889596
0.241385
0.399495
0.911381
0.247345
-0.125840
0.941324
0.220682
-0.465381
0.951435
-0.237911
-1.003022
0.938175
-0.156817
-1.050004
0.942075
-0.074593
-1.089186
0.934395
-0.205847
-0.672558
0.907907
-0.290560
-0.594882
0.893224
-0.092853
-0.588272
0.881256
-0.059643
-1.214560
0.887478
0.028903
-1.271494
0.872770
-0.529848
-1.822286
0.813758
-0.634830
-1.615378
0.754012
-0.688705
-1.129041
0.679795
-0.657136
-1.292321
0.615283
-0.724516
-1.346741
0.527070
-0.998799
-0.359568
0.431975
-1.062521
-0.453798
0.327908
-1.203011
0.146672
0.188358
-1.393295
-0.465401
0.074958
-0.958496
0.370528
-0.016984
-0.729096
0.886000
-0.090110
-0.737486
0.681095
-0.163002
-0.677615
0.849869
-0.217629
-0.466366
0.566259
-0.268791
-0.776964
0.432076
-0.332106
-0.731271
-0.228937
-0.413463
-0.945998
0.353788
-0.499346
-0.855762
0.437677
-0.582384
-0.771559
1.134140
-0.672699
-0.927836
0.395043
-0.772779
-0.951571
0.110910
-0.862959
-0.864137
0.492916
-0.947141
-0.699834
0.245131
-1.016459
-0.544950
0.837001
-1.071746
-0.593166
1.243472
-1.131545
-0.258620
0.856525
-1.161904
-0.180393
0.631762
-1.171893
0.069495
0.756804
-1.153073
0.432425
0.100836
-1.101417
0.661311
1.407971
-0.024057
1.043755
-1.134547
0.095162
1.236417
-1.240057
0.214086
0.937250
-0.546540
0.322901
1.083575
-0.522717
0.418725
0.853661
-1.032055
0.506111
0.903222
-0.437938
0.612113
1.192592
-0.641878
0.727740
1.048291
-1.123809
0.811378
0.479458
-0.413281
0.857204
0.497514
-0.784032
0.899061
0.338749
-1.357651
0.920417
0.086762
-1.317507
0.926786
0.012487
-1.624564
0.930791
0.144140
-1.503228
0.944238
0.101067
-0.585649
0.943411
-0.233257
-0.255304
0.908939
-0.252655
0.141551
0.879628
-0.232256
-0.204811
0.863122
-0.322167
-0.324327
0.826335
-0.307202
-0.562530
0.824510
0.077954
-0.516646
0.811567
-0.260686
-0.277404
0.785312
-0.425459
-0.138980
0.724265
-0.802717
-0.013806
0.620977
-1.139405
0.049893
0.506120
-0.993757
-0.344594
0.406131
-1.115249
0.312918
0.313550
-0.502748
0.498547
0.246330
-0.568156
0.751282
0.150944
-1.157737
0.700089
0.031643
-1.002733
0.860330
-0.058673
-0.810050
0.554418
-0.145463
-0.958209
-0.261294
-0.218019
-0.493373
-0.050901
-0.262619
-0.535106
0.046002
-0.341830
-0.846376
0.772251
-0.436832
-0.879231
0.093531
-0.541669
-1.083324
-0.279525
-0.635621
-0.782357
-0.152210
-0.701838
-0.727719
0.932705
-0.769803
-0.430905
1.464688
-0.822026
-0.420590
1.796728
-0.862211
-0.263989
0.991991
-0.910928
-0.599282
0.845360
-0.967717
-0.387464
0.722253
-0.999629
-0.099138
0.323963
-1.000190
0.211744
0.198157
-0.962627
0.350661
0.423706
-0.946449
-0.048553
-0.048180
-0.961040
-0.246179
-0.763952
-0.063879
1.679302
-1.648728
0.106601
1.354852
-1.391557
0.232294
1.049698
-1.338568
0.332104
0.924675
-0.360378
0.422045
0.947513
-0.557741
0.537232
1.141088
-0.998192
0.650463
0.877927
-0.670750
0.737838
0.789467
-1.055536
0.800857
0.433799
-0.992228
0.861963
0.515691
-0.253989
0.929977
0.591613
0.038468
0.972229
0.320362
-0.538178
1.012257
0.344092
-1.451541
1.041230
-0.019701
-1.241729
1.025870
-0.369127
-1.591397
0.995577
-0.306827
-1.520207
0.965232
-0.431073
-1.442542
0.915476
-0.696640
-1.360243
0.863206
-0.558104
-1.369060
0.833970
-0.413025
-0.787012
0.800014
-0.233628
-0.573907
0.759482
-0.689857
-0.528195
0.691340
-0.698546
-0.213621
0.612054
-0.843940
-0.883324
0.518274
-1.103065
-0.712708
0.412474
-0.874686
-1.279861
0.337987
-0.754605
-1.194019
0.273815
-0.790498
-1.579313
0.209618
-0.751675
-1.188617
0.127494
-0.759822
0.469245
0.057002
-0.525637
0.336975
0.002193
-0.550422
0.184050
-0.063156
-0.781866
-0.215134
-0.152444
-0.867603
0.012749
-0.241008
-0.755275
0.379619
-0.311284
-0.654011
0.714850
-0.382362
-0.547873
1.642315
-0.462011
-0.742301
1.176483
-0.537389
-0.897186
0.424025
-0.631453
-0.834543
0.609907
-0.707832
-0.536664
0.786215
-0.776604
-0.646453
0.870374
-0.845529
-0.664526
0.991488
-0.924304
-0.686959
1.292360
-0.988114
-0.710025
1.592913
-1.061234
-0.609820
1.703956
-1.130940
-0.593488
2.003663
-1.195778
-0.538366
1.782401
-1.255434
-0.403522
1.312862
-1.291653
-0.117736
1.293624
-0.193828
1.331699
0.213282
-0.056993
1.326591
0.148615
0.073910
1.349830
0.423557
0.219775
1.377442
-0.105140
0.352233
1.266570
0.095084
0.440751
0.775458
-0.568293
0.518674
0.603212
-0.368166
0.598646
0.916576
-0.138529
0.684188
0.932814
0.142247
0.782635
0.902518
-0.162837
0.863896
0.739546
-0.057356
0.941645
0.745472
-0.353468
1.002724
0.783091
-0.055199
1.049841
0.246931
0.335239
1.044406
0.078869
-0.338704
1.051080
0.113332
-0.084015
1.059557
0.052419
0.063353
1.052393
-0.030221
-0.582795
1.032337
-0.292967
-1.003542
0.976168
-1.036572
-1.292657
0.883476
-1.105429
-0.889039
0.749611
-1.335902
-0.715232
0.627462
-1.276133
-0.387727
0.512076
-1.011762
-0.134149
0.411222
-0.994878
-0.014372
0.322800
-0.888013
0.376556
0.238874
-0.784790
0.507266
0.165022
-0.397319
0.355857
0.118251
-0.409597
-0.093972
0.084371
-0.217577
-0.910770
0.052044
-0.442089
-1.039507
0.012144
-0.616492
-1.359022
-0.056287
-0.798984
-0.776577
-0.151027
-1.170792
-0.489251
-0.279752
-1.369312
-0.332630
-0.402997
-1.165181
-0.009110
-0.517631
-1.120302
0.814252
-0.631152
-0.814844
0.067656
-0.716601
-0.868215
-0.190162
-0.771758
-0.129221
0.177907
-0.789494
-0.004002
0.123203
-0.810546
-0.305362
0.661714
-0.859252
-0.624502
0.685141
-0.930398
-0.705843
0.822872
-0.966079
-0.190058
0.583288
-0.990210
-0.306992
0.960235
-1.014858
-0.152829
0.743615
-1.043010
-0.288606
0.191358
-1.059439
0.019126
0.706137
-1.042304
0.486290
0.380198
-0.201655
1.535091
-0.760040
-0.025457
1.688442
-0.608437
0.125612
1.296461
-1.347090
0.246878
0.869369
-1.342611
0.353728
0.980655
-1.329571
0.455633
0.913648
-0.853779
0.536617
0.695517
-0.427224
0.617487
0.943020
-0.904043
0.691057
0.448789
-1.201003
0.755377
0.501009
-1.155615
0.788043
0.284149
-0.392631
0.830096
0.468237
0.559680
0.872202
0.255810
0.117800
0.891016
0.086527
-0.139635
0.901884
-0.185501
-0.572072
0.892009
-0.224494
-0.338270
0.866598
-0.118787
-0.175771
0.857039
0.053182
-0.032473
0.857429
-0.167917
-0.286585
0.848943
-0.141832
0.043369
0.825998
-0.401717
-0.831609
0.780837
-0.671626
-1.226575
0.716817
-0.749158
-0.994285
0.636814
-0.832719
-0.873185
0.546191
-0.931608
-0.843219
0.441190
-1.099957
-0.841613
0.352843
-0.744723
-0.979192
0.289830
-0.439211
-0.801757
0.251944
-0.440429
0.045870
0.200533
-0.717584
-0.693864
0.122384
-0.920269
-0.703815
0.011807
-0.947496
-0.154144
-0.076131
-0.584097
-0.057771
-0.140382
-0.525580
0.012964
-0.209751
-0.734437
-0.024432
-0.286438
-0.769206
0.179465
-0.366262
-0.679223
-0.322341
-0.425131
-0.460285
-0.124893
-0.486335
-0.469065
-0.026909
-0.565496
-0.986770
-0.047250
-0.671930
-1.049565
0.622732
-0.768749
-0.711328
0.601820
-0.853912
-0.698160
0.470690
-0.923247
-0.584199
0.926312
-0.995041
-0.689709
0.918251
-1.062237
-0.535211
1.383371
-1.117168
-0.246857
1.579740
-1.124996
0.142319
1.813276
-1.099848
0.592531
1.655957
-1.047377
0.769112
0.886903
-0.000285
0.875747
0.823098
0.086150
0.893125
0.925227
0.197810
1.252938
0.839120
0.336673
1.312831
0.278724
0.452950
1.005517
-0.367311
0.574648
1.154349
-1.265175
0.674281
0.777803
-1.621580
0.753345
0.578936
-2.103749
0.817231
0.405225
-1.436513
0.864040
0.300238
-1.552846
0.895145
0.147837
-1.346384
0.920339
0.068543
-0.725996
0.928833
-0.040919
-0.242425
0.933168
0.217308
0.145495
0.950356
0.004222
-0.868163
0.942851
-0.066708
-1.011424
0.939021
-0.273887
-0.833344
0.896491
-0.552349
-0.305058
0.851734
-0.277629
-0.748905
0.828019
-0.308842
-0.658581
0.802825
-0.307234
-0.272322
0.745463
-0.869603
-0.283223
0.658816
-0.841854
-0.214593
0.571941
-0.860441
-0.677462
0.476658
-1.134272
-0.952585
0.371944
-1.007027
-0.907455
0.271695
-1.050348
-0.057687
0.163435
-1.038870
-0.072521
0.073408
-1.000900
-0.226471
-0.003619
-0.324165
-0.000068
-0.051574
-0.372621
-0.273312
-0.099124
-0.637232
-0.342999
-0.168892
-0.707161
0.047905
-0.216250
-0.261300
-0.760994
-0.260338
-0.903447
-1.269444
-0.336157
-0.815819
-1.051651
-0.411931
-0.836146
-0.991692
-0.498602
-0.916300
-0.280612
-0.593377
-0.956684
-0.265223
-0.675507
-0.736898
-0.500770
-0.737449
-0.656231
-0.923508
-0.815434
-0.845006
-0.631259
-0.887006
-0.633782
-0.332637
-0.948636
-0.543404
-0.044340
-0.986748
-0.227419
-0.205501
-1.014969
-0.413419
-0.385091
-1.072975
-0.566402
-0.475259
-1.126265
-0.513077
-0.528442
-1.164348
-0.318973
-0.878000
-1.207595
-0.595732
-0.881865
0.223863
-0.271029
0.983112
0.185004
-0.347487
1.036359
0.165855
0.034540
0.350935
0.198401
0.703081
0.618958
0.259435
0.530308
0.423768
0.319053
0.872136
0.219823
0.418980
0.979446
0.003517
0.512885
0.959418
-0.643067
0.623845
1.265280
-1.055543
0.767871
1.420368
-1.663169
0.886655
0.797020
-1.836991
0.947525
0.223482
-0.915562
0.969285
0.188835
-1.668116
0.990208
0.229835
-1.626369
0.987414
-0.217696
-1.568603
0.956303
-0.463063
-0.673052
0.915101
-0.347585
-0.392362
0.885063
-0.193541
0.357323
0.885643
-0.018950
0.223095
0.868025
-0.187915
0.080848
0.823099
-0.714178
-0.436902
0.750986
-0.851495
-0.716166
0.683041
-0.649356
-1.492358
0.620375
-0.543435
-0.873919
0.569210
-0.586890
-0.356862
0.500634
-0.815234
-0.245413
0.422334
-0.798480
-0.446903
0.350469
-0.519437
-0.201878
0.297001
-0.483500
-0.238936
0.241890
-0.638995
0.320788
0.170639
-0.858217
0.730567
0.070004
-1.308547
0.247699
-0.073809
-1.175091
1.129431
-0.200140
-1.113201
1.303671
-0.307092
-0.707324
1.415967
-0.403995
-0.872016
1.200737
-0.511487
-1.153114
1.317450
-0.614978
-0.909323
0.522632
-0.704069
-0.826578
0.840619
-0.761369
-0.520609
0.996852
-0.813402
-0.663111
0.737632
-0.873389
-0.311800
0.424564
-0.914213
-0.320104
0.384479
-0.943353
-0.179609
0.569870
-0.969744
-0.196242
0.441015
-1.004576
-0.254752
0.118980
-1.036847
-0.484979
-0.399577
-1.075285
-0.476188
-0.835479
-1.135347
-0.710520
0.026479
-1.203085
-0.527500
-0.293053
0.232052
0.705881
-0.029438
0.298258
0.505321
-0.461322
0.363441
0.859202
0.024714
0.440197
0.809846
-0.586638
0.517636
0.822968
-0.125334
0.603713
0.961301
-0.033888
0.711130
0.798263
-0.235221
0.778811
0.493191
-0.083843
0.814024
0.332465
-0.265208
0.858604
0.606269
0.130874
0.920685
0.658196
0.104163
0.989158
0.599738
-0.051756
1.048673
0.428937
-0.586889
1.075110
0.166442
-0.557486
1.084785
-0.002976
-1.045492
1.064500
-0.468001
-0.863678
1.005082
-0.555800
-0.243188
0.959125
-0.427092
-0.485736
0.918780
-0.104475
0.075379
0.905725
-0.121240
-0.463985
0.901658
-0.043740
0.204217
0.871385
-0.526430
-0.472988
0.817941
-0.358512
-1.232152
0.756416
-0.743737
-1.064378
0.686081
-0.799797
-0.976549
0.605820
-0.806746
-0.522487
0.523487
-0.898976
-0.718657
0.445436
-0.716046
-0.238169
0.367606
-0.974585
0.570838
0.272622
-0.954538
1.830318
0.178289
-0.793749
1.693956
0.079075
-0.925418
1.419560
-0.008542
-0.711476
0.665760
-0.088969
-0.723010
1.825482
-0.168656
-0.632169
1.571893
-0.258642
-0.891283
1.293885
-0.358042
-0.822385
1.618886
-0.452426
-0.891668
1.464095
-0.557661
-0.790895
1.641546
-0.639028
-0.574657
1.185081
-0.729271
-0.994343
0.914603
-0.810896
-0.497329
0.682977
-0.863045
-0.576119
0.186347
-0.889743
-0.224976
0.699919
-0.923463
-0.405939
0.322182
-0.964578
-0.259312
0.279360
-1.014196
-0.465889
0.353479
-1.043489
-0.175800
0.577976
-1.082153
-0.385817
0.401998
-1.113055
-0.205943
0.148627
-0.051692
1.474415
-1.109894
0.083450
1.021671
-0.707660
0.189455
0.994330
-0.957433
0.282607
0.822684
-0.729078
0.371084
1.105824
-0.531066
0.468720
0.758323
-0.692495
0.577899
1.100830
-1.307327
0.702249
0.875759
-2.365851
0.779885
0.492512
-1.727278
0.844294
0.649537
-1.652475
0.921175
0.593123
-1.569623
0.980037
0.355511
-1.724522
1.008868
0.145263
-2.391272
1.034593
-0.140047
-2.854514
1.057084
0.028513
-2.547753
1.061471
-0.168483
-1.602091
1.034869
-0.508080
-1.851278
0.992211
-0.692291
-1.045273
0.928418
-0.723621
-0.273255
0.865393
-0.527432
-0.294471
0.827523
-0.615871
0.244041
0.792766
-0.235391
0.454388
0.774029
-0.129017
-0.529898
0.732883
-0.516719
-0.314457
0.691202
-0.445246
-0.745477
0.639578
-0.580211
-0.055290
0.555277
-1.092051
0.060266
0.419073
-1.469931
-0.504521
0.266470
-1.357363
-0.415080
0.148951
-1.040489
-0.023535
0.043422
-0.958343
0.368046
-0.057860
-1.084120
0.219509
-0.165926
-0.906144
-0.473033
-0.278487
-1.090309
-0.799818
-0.374735
-1.058807
0.579642
-0.486839
-0.921996
0.717772
-0.590265
-1.078678
0.484624
-0.690040
-1.064347
0.563227
-0.805489
-1.127984
0.617944
-0.910600
-0.763965
0.848872
-0.984279
-0.245617
0.737703
-1.021212
-0.458234
1.109134
-1.068436
-0.099358
1.476473
-1.059713
0.367111
1.425747
-1.017542
0.579607
1.638333
-0.981434
0.448501
1.245429
-0.929365
0.511999
1.094129
-0.867119
0.695046
1.281914
-0.817789
0.649759
2.222110
-0.754472
0.920309
2.475833
-0.036888
0.035517
1.047753
-0.014576
0.471924
0.723709
0.039278
0.623566
0.846932
0.095491
0.702444
0.590652
0.182357
1.009004
0.435788
0.291183
1.099192
-0.347752
0.393523
0.973552
-0.545091
0.510125
1.098101
-1.500980
0.636422
1.154207
-2.003609
0.757690
0.991555
-2.097174
0.816446
0.127284
-1.863664
0.828026
-0.035413
-2.318590
0.835646
-0.197512
-2.196464
0.826802
-0.152393
-1.844548
0.836823
0.134008
-1.368659
0.853020
0.062588
-1.110267
0.872688
0.060562
-1.951997
0.889447
0.334043
-1.296818
0.927618
0.299184
-1.589921
0.956883
0.008267
-2.030018
0.946933
-0.369176
-1.839706
0.931753
-0.136071
-1.359057
0.895323
-0.834042
-1.580227
0.813300
-0.669344
-1.510734
0.728164
-1.061296
-2.153575
0.620852
-1.298121
-1.104488
0.499533
-1.135844
-1.169822
0.381633
-1.312635
-1.171630
0.250805
-1.428245
-2.132619
0.132496
-1.150773
-1.992056
0.021702
-1.192526
-1.494012
-0.097921
-1.225574
-1.782491
-0.224969
-1.283891
-1.624257
-0.347761
-1.172549
-1.033585
-0.447960
-0.837852
-0.989875
-0.543732
-1.054691
-1.143839
-0.632991
-0.848960
-0.813023
-0.691263
-0.446123
-0.872811
-0.742071
-0.651508
-0.481474
-0.812298
-0.386066
0.288675
-0.862456
-0.290262
0.768484
-0.909087
-0.239171
0.196585
-0.936355
-0.370419
0.619883
-0.957813
-0.138107
1.097657
-0.970324
0.068068
0.904221
-0.985573
-0.222849
0.479480
-1.013747
-0.313250
1.325060
-1.032847
0.065417
1.502955
-1.022303
0.212485
2.088286
-1.028384
-0.144496
3.059401
0.142591
0.775420
-0.356385
0.220751
0.731634
-0.530099
0.316916
1.098013
-0.353371
0.429865
1.026545
-0.770037
0.526117
0.889434
-0.574555
0.618066
0.800833
-0.639035
0.707620
0.804319
-0.329152
0.790530
0.781238
0.154317
0.843281
0.299396
-0.102803
0.875181
0.312695
-0.066404
0.907034
0.392085
-0.247170
0.949561
0.309940
-0.262550
0.975041
0.234293
0.005398
0.990098
0.138226
-0.099915
0.987800
-0.104033
-0.688579
0.991336
0.043504
-0.761868
1.003974
0.090423
0.084427
0.995095
-0.077507
-0.161511
0.990377
-0.203561
0.006618
0.978718
0.005600
-0.779661
0.948367
-0.678048
-1.297133
0.875541
-0.846819
-0.799196
0.789723
-0.853747
-0.973802
0.710352
-0.807815
-1.162687
0.623266
-0.761651
-0.261958
0.539075
-0.892148
-0.819216
0.464686
-0.564501
-0.242563
0.401818
-0.471270
-0.141878
0.336218
-1.044871
0.341629
0.230757
-0.982287
0.800507
0.119568
-0.977219
0.164088
0.041235
-0.726665
0.513192
-0.034161
-0.730956
0.557210
-0.127099
-0.961186
1.095626
-0.224845
-0.928083
0.519767
-0.322272
-0.984173
0.356849
-0.416623
-0.735970
-0.244134
-0.487363
-0.711168
0.319561
-0.538622
-0.652249
0.638084
-0.600569
-0.504355
1.091589
-0.640128
-0.371581
0.279900
-0.683610
-0.521627
0.557750
-0.756869
-0.685355
0.829311
-0.826096
-0.650888
0.637389
-0.897210
-0.520437
0.174165
-0.963244
-0.825543
0.074811
-1.047914
-0.747755
0.802570
-1.127554
-0.883885
0.766831
-1.222643
-0.767490
0.281669
-1.298050
-0.625224
0.380474
0.070825
0.882881
-0.200010
0.168124
1.062857
-0.685585
0.264204
0.674992
-1.426695
0.339618
0.758999
-1.484641
0.440272
0.993247
-1.402952
0.557717
1.025896
-1.508203
0.657874
0.841429
-1.489910
0.751254
0.965429
-1.151393
0.851004
0.806358
-1.511987
0.927973
0.556329
-1.837492
1.001216
0.471579
-2.197071
1.023691
0.048109
-1.731449
1.024827
0.076717
-1.366968
1.041255
-0.026739
-1.548470
1.043954
-0.188896
-1.943669
1.031546
-0.365692
-2.500275
0.999470
-0.656587
-1.678295
0.939237
-0.575341
-1.714402
0.879735
-0.706101
-1.528485
0.813786
-0.854827
-1.424352
0.738879
-0.876219
-1.997164
0.658635
-0.788139
-1.481728
0.578592
-0.878636
-0.858389
0.509077
-0.418299
-0.496142
0.468536
-0.411853
-0.800550
0.416174
-0.555184
-1.505681
0.346099
-0.909334
-0.617285
0.248882
-1.123533
-0.274859
0.155983
-0.730374
-0.082376
0.071668
-0.589772
-0.103226
0.005624
-0.729814
-0.543020
-0.073667
-0.791410
0.070294
-0.128340
-0.572491
-0.269426
-0.191648
-0.692343
0.209465
-0.274183
-0.808577
0.136743
-0.352061
-0.664417
-0.304168
-0.417440
-0.799245
-0.707985
-0.482668
-0.766981
-0.121723
-0.556426
-0.944071
0.068162
-0.631897
-0.567246
0.205291
-0.695301
-0.606018
0.044025
-0.768642
-0.716929
0.439066
-0.833563
-0.628673
0.258097
-0.895508
-0.381485
-0.112411
-0.928315
-0.498034
0.296496
-0.965368
-0.429090
1.573931
-1.015672
-0.147270
1.231120
-1.046607
-0.333996
0.455965
-1.099982
-0.778692
0.704929
-1.185397
-0.794683
0.295976
0.207527
0.725425
0.135848
0.286947
0.747307
-0.024738
0.369102
0.721653
-0.846202
0.462432
0.881241
-0.899218
0.549163
0.665661
-0.580769
0.620844
0.745124
0.153986
0.709581
0.890432
-0.000634
0.807910
0.831511
-0.366152
0.880984
0.367296
-0.403951
0.937943
0.416463
0.378176
0.978449
0.426225
-0.199811
1.027997
0.368742
-0.967115
1.080003
0.379759
-1.704866
1.125055
0.269755
-1.717963
1.123250
-0.401353
-2.100998
1.105935
-0.180446
-0.695153
1.074381
-0.225489
-0.267226
1.036324
-0.618344
-0.474994
0.979314
-0.430590
-0.375699
0.954123
-0.396475
-0.344599
0.903703
-0.533182
-0.199457
0.821075
-0.854188
0.490075
0.734127
-0.773698
0.441201
0.661394
-0.672746
-0.065662
0.580541
-0.777802
-0.555784
0.514873
-0.484470
0.031826
0.490250
-0.109981
-0.728615
0.446168
-0.794601
-0.262264
0.355375
-0.780293
0.115976
0.258296
-1.183192
0.053452
0.136731
-1.012411
0.281398
0.027151
-0.852628
0.306705
-0.050981
-0.717280
0.897266
-0.126094
-0.686396
0.392155
-0.217946
-0.999496
0.790985
-0.328812
-0.972966
1.829407
-0.441437
-1.020128
1.465547
-0.527371
-0.667004
0.230239
-0.586818
-0.393735
0.935346
-0.620786
-0.236996
0.513600
-0.640409
-0.211781
0.397365
-0.667164
-0.274118
-0.593441
-0.681937
-0.223037
-0.160251
-0.701219
-0.462730
-0.473719
-0.737269
-0.366144
-0.210766
-0.763288
-0.157204
-0.162354
-0.785523
-0.375930
-0.308692
-0.830423
-0.445992
0.053408
-0.858564
-0.233277
0.539585
-0.894100
-0.718547
0.244238
-0.455163
1.601929
-1.259501
-0.294252
1.279556
-1.138905
-0.159963
1.316298
-1.254673
0.007392
1.699962
-0.715975
0.192318
1.625385
-0.595441
0.344650
1.163400
-0.901212
0.467130
1.009587
-0.770780
0.566688
0.808163
-0.802237
0.669517
0.946846
-1.248821
0.766062
0.732951
-1.911884
0.851736
0.884536
-1.018992
0.945650
0.822754
-1.045813
1.026801
0.531481
-0.983050
1.071408
0.116058
-1.008958
1.087418
0.182388
-0.778071
1.129653
0.484229
-0.944092
1.177241
0.413020
-1.732546
1.211813
0.134443
-1.663078
1.206758
-0.463353
-1.038289
1.154248
-0.724301
-1.485462
1.087206
-0.850166
-0.650287
0.985203
-1.078563
-0.761503
0.870253
-1.109813
-0.584692
0.752848
-1.192208
-0.270612
0.634709
-1.218213
-0.917493
0.514989
-1.219176
-0.429806
0.386778
-1.372175
-0.549952
0.245314
-1.351097
0.049357
0.113280
-1.117655
-0.573112
0.022606
-0.910845
-1.489010
-0.071629
-1.112850
-0.227370
-0.174587
-0.987715
-0.911836
-0.257518
-0.980907
-0.679361
-0.338880
-0.788699
-0.287398
-0.400653
-0.461979
-1.039711
-0.465665
-0.825409
-0.536360
-0.547341
-0.811703
-0.910862
-0.630032
-0.873099
-0.584538
-0.701699
-0.873324
0.209228
-0.791531
-0.939359
-1.043377
-0.861036
-0.757123
-1.076149
-0.931819
-0.619993
-0.310529
-0.990535
-0.576718
-0.713847
-1.064585
-0.720937
-1.054261
-1.114888
-0.524603
-0.987592
-1.145380
-0.030753
-0.154665
-1.162334
-0.089879
-0.387365
-1.167956
-0.175488
-0.710430
-1.180519
-0.060992
0.011460
-1.157100
0.522488
-0.282086
-0.200323
1.028872
0.687330
-0.092767
0.913913
0.077551
0.017125
1.189607
0.051878
0.123740
0.932654
-0.858100
0.224215
0.905946
-0.057247
0.328167
0.890837
-0.214202
0.421327
0.826214
-0.349829
0.524377
1.038688
-0.180363
0.616994
0.660065
-0.031468
0.667444
0.549578
0.379170
0.723608
0.528627
-0.541904
0.765843
0.320198
-0.763580
0.803828
0.309123
-1.344853
0.836910
0.276488
-1.071556
0.872492
0.352455
-1.183383
0.917856
0.392691
-0.790418
0.936573
0.117753
-1.195520
0.984079
0.506896
-0.646344
1.022502
0.265431
-0.923389
1.037770
-0.053228
-1.119388
1.019479
-0.223681
-0.988238
0.992473
-0.652378
-0.670960
0.907859
-1.075441
-0.053555
0.802572
-1.079224
-0.667647
0.721967
-0.854138
-0.606823
0.635601
-1.035563
-1.706248
0.518642
-1.113590
-1.084900
0.400126
-1.353318
-0.333673
0.269922
-1.205881
-0.451222
0.160125
-1.063428
0.092532
0.049008
-0.768728
-0.622808
-0.008915
-0.638001
-0.974381
-0.079079
-0.714673
-0.996180
-0.162256
-1.018652
-0.598798
-0.258180
-0.963361
-0.059183
-0.340407
-0.672958
0.016844
-0.401141
-0.598270
-0.422798
-0.487307
-1.148666
-0.126084
-0.607244
-1.269496
-0.114072
-0.734256
-1.012412
0.762222
-0.831218
-0.592341
0.954566
-0.889682
-0.580233
0.146414
-0.925914
-0.234412
0.274953
-0.940369
-0.280979
-0.037655
-0.975808
-0.534111
-0.470901
-1.023049
-0.508795
-0.521333
-1.065768
-0.395185
-1.213743
-1.111076
-0.622377
-0.997148
-1.203961
-1.101686
-0.854268
-1.355403
-1.832756
-0.863079
-0.197421
1.584295
-0.686268
-0.016533
1.947571
-0.874160
0.193687
1.756050
-1.042068
0.356659
1.264055
-1.125256
0.498298
1.372644
-1.448804
0.625214
1.057934
-1.350730
0.731157
0.912567
-1.099746
0.811971
0.602615
-0.640575
0.857525
0.264565
0.143543
0.885422
0.318849
-0.129123
0.919558
0.294832
-0.314540
0.948952
0.377857
-0.522711
0.999509
0.440870
-0.479318
1.021122
-0.052691
-0.176645
1.030589
-0.079770
-0.145242
1.028972
-0.116075
-0.346959
1.004618
-0.249501
-0.272836
0.990856
0.055186
-0.297436
0.974050
-0.336589
-0.497200
0.931828
-0.378558
-0.351852
0.884575
-0.625348
-1.253439
0.811285
-0.840137
-0.441215
0.746170
-0.661777
0.074834
0.678341
-0.448613
-0.044064
0.639561
-0.337402
-0.878200
0.596210
-0.639392
-0.507473
0.542653
-0.664683
-0.319273
0.491372
-0.570919
-0.381750
0.421206
-0.936712
-0.344983
0.312521
-1.278161
0.047559
0.169230
-1.229879
0.968222
0.037805
-1.133044
0.478417
-0.092324
-1.155202
-0.217554
-0.197826
-0.766147
0.504711
-0.276879
-0.560599
0.382946
-0.351749
-0.902255
0.265797
-0.450239
-0.928500
0.239287
-0.548193
-0.765482
-0.115429
-0.618866
-0.848866
-0.821677
-0.693307
-0.648134
-0.559069
-0.760967
-0.747250
-0.041589
-0.838333
-0.700720
0.441247
-0.905636
-0.581839
0.701149
-0.952923
-0.243288
1.008783
-0.977451
0.012495
1.036736
-0.959245
0.319191
0.892714
-0.903075
0.612866
0.102884
-0.841649
0.608002
0.160442
-0.771070
0.909546
-0.300870
-0.687626
0.871885
0.816661
0.114104
0.611451
-0.473419
0.174490
0.417918
-0.583419
0.253884
0.894730
-0.725534
0.345522
0.778658
-1.061240
0.456739
0.969439
-0.500693
0.523689
0.495914
-0.192132
0.565253
0.343366
0.231564
0.610988
0.421291
-0.672139
0.678803
0.839943
-0.865062
0.762798
0.725785
-1.119696
0.829337
0.359772
-1.094238
0.859178
0.219821
-1.429926
0.896847
0.501195
-1.302995
0.951793
0.502523
-1.292994
0.986858
0.097468
-0.959039
1.007726
0.018694
-0.695979
0.976287
-0.465766
-0.993989
0.935983
-0.276586
-0.755830
0.914307
-0.223084
-0.631137
0.915897
0.010402
-1.152785
0.913656
-0.150740
-1.409973
0.895695
-0.306577
-0.956634
0.866590
-0.601668
-1.726076
0.789815
-0.959096
-1.922260
0.684245
-1.152736
-1.434075
0.584935
-1.003295
-0.693758
0.476691
-1.273224
-0.394661
0.374837
-0.890397
-0.370034
0.259472
-1.321343
0.482182
0.115297
-1.290078
0.576653
-0.007540
-1.198626
-0.226248
-0.115357
-0.946010
-0.067070
-0.209774
-0.962094
-0.135550
-0.288319
-0.765210
0.016754
-0.348296
-0.495297
-0.148980
-0.412310
-0.586575
-0.049190
-0.468859
-0.574731
0.956002
-0.533378
-0.431686
1.197463
-0.591229
-0.416904
1.435829
-0.628488
-0.238984
1.985565
-0.675099
-0.285677
1.492502
-0.703499
-0.337777
1.194583
-0.761395
-0.504548
1.136112
-0.816521
-0.458089
0.904145
-0.867355
-0.600652
0.442678
-0.936164
-0.774602
0.664160
-0.998630
-0.317838
0.665311
-1.012461
-0.067239
0.158054
-0.999757
0.036694
-0.168909
-0.997824
-0.177017
-0.389563
-0.132096
1.089918
-1.170376
-0.023622
1.025634
-1.360904
0.080749
1.055247
-1.264277
0.190451
0.867493
-0.870625
0.274963
0.701270
-0.900838
0.367955
1.146493
-1.714740
0.493586
1.095144
-1.488889
0.592307
0.769526
-2.084659
0.677054
0.522910
-1.683084
0.754083
0.825079
-1.708895
0.845949
0.942811
-1.762524
0.924099
0.523828
-1.343895
0.971566
0.226475
-1.836210
0.999569
0.190315
-1.800886
0.979201
-0.527392
-1.260118
0.933014
-0.297823
-0.511505
0.924529
0.042820
-0.877368
0.933438
-0.030190
-0.436192
0.930566
-0.098879
-1.027807
0.913584
-0.319496
-0.751041
0.881876
-0.354621
-0.339369
0.843270
-0.647586
-0.007614
0.793256
-0.512918
0.072938
0.731590
-0.735829
0.300390
0.609346
-1.345238
0.300742
0.472452
-1.316763
0.672665
0.342817
-0.926381
1.355405
0.249406
-0.828219
1.548880
0.176389
-0.362781
1.199435
0.140098
-0.336799
0.338604
0.089299
-0.554827
0.345438
0.019024
-0.836926
0.383898
-0.062206
-0.820838
0.442457
-0.149777
-0.859279
0.124754
-0.224489
-0.684755
-0.272482
-0.291645
-0.688295
-0.594933
-0.374659
-1.030776
-0.172443
-0.501592
-1.345144
-0.624779
-0.615905
-0.963180
-0.661455
-0.704553
-0.928813
-0.549042
-0.793656
-0.908549
-0.140995
-0.877949
-0.704345
0.265670
-0.944067
-0.593075
-0.436598
-0.983948
-0.169566
0.066644
-0.985513
0.032744
-0.284903
-0.953801
0.347411
-0.298472
-0.940132
0.030783
-0.105855
-0.934952
-0.068891
0.242495
-0.929074
0.281265
-0.117995
-0.895154
0.305558
0.113411
0.176146
1.142682
-0.265439
0.270973
0.913852
-0.950849
0.353829
0.667655
-0.586077
0.435669
0.731967
-0.130490
0.491686
0.495970
0.174979
0.554679
0.834948
-0.262847
0.639788
0.684047
-0.155212
0.706129
0.552797
-0.851102
0.769227
0.547874
-0.591368
0.817956
0.351957
-0.878797
0.847563
0.341328
-0.552598
0.877038
0.180968
-1.366196
0.908625
0.311459
-1.296097
0.926176
0.034475
-0.852058
0.924316
-0.224612
-0.649303
0.912405
-0.111959
0.061066
0.883839
-0.200647
0.441723
0.872205
0.147772
0.193678
0.882671
0.051979
-0.592156
0.896749
0.136283
-0.070453
0.898092
-0.005298
0.569876
0.859435
-0.483117
0.459088
0.788130
-0.603996
0.366287
0.728881
-0.673242
0.889638
0.663103
-0.597951
0.975433
0.597141
-0.736153
0.956636
0.515150
-0.620529
0.419175
0.447140
-0.706157
1.270210
0.373029
-0.621007
0.695799
0.290153
-0.830469
-0.009238
0.187259
-1.074819
0.401548
0.079454
-0.882343
0.639353
-0.025076
-1.134385
-0.348755
-0.134774
-0.900454
-0.584376
-0.208528
-0.768020
-0.918035
-0.288741
-0.787341
-0.260176
-0.368794
-0.935079
-0.636631
-0.455829
-0.969123
-0.507290
-0.560377
-1.212089
-0.066628
-0.680576
-1.115020
-0.615105
-0.775046
-0.961993
-0.136195
-0.857770
-0.660524
0.610252
-0.921880
-0.445429
0.383092
-0.961776
-0.493568
1.271256
-1.010510
-0.377375
1.266509
-1.045668
-0.239550
0.715467
-1.081144
-0.083511
0.974306
-1.088721
-0.083819
0.413498
-1.114417
-0.475159
-0.101593
-1.128355
-0.104866
-0.145051
-0.040856
0.757710
0.659189
0.033529
0.873985
0.543229
0.133367
1.216461
-0.306978
0.294848
1.821146
-0.410187
0.463033
1.538066
-0.235628
0.589560
1.044819
-0.907630
0.694991
0.985786
-1.233569
0.788497
0.889378
-2.140591
0.867328
0.508740
-1.280917
0.921945
0.313168
-2.111388
0.954094
0.103934
-1.811180
0.970314
-0.150719
-1.685636
0.958959
-0.238916
-1.982187
0.950442
-0.144251
-1.196950
0.959030
0.075273
-1.040738
0.959392
-0.246266
-1.085736
0.942866
-0.351550
-0.664623
0.916864
-0.259815
-0.232465
0.889088
-0.259591
-0.649649
0.869898
-0.171979
-0.927792
0.849380
-0.151218
-0.558790
0.816281
-0.429100
-0.294107
0.771664
-0.657697
-0.617669
0.718710
-0.738714
-0.675994
0.649543
-0.952163
-0.752777
0.544941
-1.179944
-0.583831
0.431841
-1.225312
-0.434100
0.316407
-1.288482
0.260316
0.200605
-0.969559
0.376217
0.088759
-1.158743
-0.451823
-0.025735
-1.238562
-0.111864
-0.163486
-1.298248
-0.261059
-0.280875
-1.106889
-0.244262
-0.380962
-0.831383
-0.065097
-0.440035
-0.386063
-0.156718
-0.468906
-0.166262
-0.210693
-0.519683
-0.796859
-0.677521
-0.591842
-0.517805
-0.813638
-0.647560
-0.556631
-0.865696
-0.710879
-0.383259
-0.501245
-0.743107
-0.412852
-0.709915
-0.783740
-0.367808
-0.998642
-0.819318
-0.455747
-1.289936
-0.849964
-0.307865
-1.342958
-0.857160
-0.054032
-1.806818
-0.868745
-0.224287
-2.025528
-0.897380
-0.470706
-1.927325
-0.936922
-0.525238
-1.787888
-1.013503
-0.835411
-1.035099
-1.082618
-0.680700
-1.131176
-0.027335
1.317215
0.272388
0.096138
1.199218
0.632406
0.209550
1.086334
-0.143320
0.333423
1.153839
-0.210120
0.446484
1.055435
-0.226322
0.543603
0.874990
-0.096852
0.618961
0.727594
-0.361019
0.684611
0.656818
-0.264146
0.710528
0.046873
-0.258488
0.716952
0.068449
-0.188440
0.741603
0.267598
-0.491675
0.776769
0.504774
-1.157742
0.844569
0.592995
-1.007801
0.924264
0.716586
-1.284379
0.973583
0.233945
-0.798398
0.988005
0.015210
-0.589204
0.985193
-0.061152
-0.772181
0.983715
-0.196064
-0.629038
0.965601
-0.354522
0.025965
0.912627
-0.710348
-0.207234
0.854769
-0.523697
0.416703
0.795026
-0.578770
-0.231150
0.746835
-0.534037
0.773876
0.694909
-0.332883
0.975572
0.653156
-0.288703
0.860960
0.613713
-0.423493
0.064180
0.559648
-0.657510
-0.491839
0.505055
-0.571064
-0.508737
0.425555
-0.930420
-1.126597
0.335007
-0.996284
-1.121942
0.226782
-1.300071
-0.882530
0.088337
-1.360457
-0.538435
-0.040881
-1.182706
-0.175218
-0.167062
-1.214017
-0.098652
-0.292626
-1.337506
-0.904879
-0.412875
-1.384799
-1.456512
-0.529088
-1.098674
-1.527537
-0.638178
-1.144683
-1.701913
-0.754073
-1.134663
-1.145316
-0.828804
-0.655759
-0.840794
-0.870552
-0.465449
-1.010604
-0.911283
-0.693474
-1.016779
-0.961555
-0.421819
-0.815970
-0.995641
-0.122950
-0.373257
-1.003459
-0.188692
0.134092
-1.032009
-0.255718
-0.252677
-1.074579
-0.487221
0.156098
-1.114650
-0.365403
-0.013515
-1.147645
-0.171160
0.111366
-1.180649
-0.101740
0.443034
0.009504
0.644086
0.831088
0.067822
0.650228
0.801382
0.146759
0.898678
0.506700
0.236390
0.887452
0.191994
0.324630
0.951286
-0.459444
0.435602
1.157840
-0.441465
0.538859
0.875311
-0.659596
0.624683
0.787511
-0.992265
0.683604
0.539689
-1.503735
0.758282
0.599379
-1.400270
0.840166
0.603134
-2.249303
0.912473
0.605449
-1.858316
0.986485
0.596858
-1.894230
1.042002
0.296301
-1.245610
1.064468
0.038562
-0.840481
1.058915
-0.134314
0.130383
1.060162
-0.065805
-0.155016
1.051608
-0.331647
0.056193
1.026950
-0.469976
-0.409872
0.941954
-1.084728
-0.691359
0.842066
-0.943062
-0.744147
0.756570
-0.821003
-0.278730
0.691583
-0.636243
-0.346649
0.614699
-0.913609
-0.904413
0.542396
-0.634187
-0.298304
0.465144
-0.697931
0.160697
0.388944
-0.655771
-0.002599
0.310267
-0.803982
-0.202310
0.238360
-0.590380
-0.888503
0.165564
-0.977225
-0.805681
0.071545
-0.986791
-0.797026
-0.014632
-0.822346
-0.601674
-0.085215
-0.671896
-0.708272
-0.171191
-0.952475
-1.091921
-0.263920
-0.974629
-0.438781
-0.360895
-0.938103
-0.400886
-0.459643
-1.050888
-0.338299
-0.548045
-0.839585
0.004159
-0.631344
-0.710869
0.983665
-0.709708
-0.657014
1.340235
-0.769391
-0.565544
1.183781
-0.814156
-0.391566
0.930502
-0.854434
-0.296526
1.365968
-0.901835
-0.337040
0.917617
-0.949191
-0.477493
1.211951
-0.999422
-0.359636
0.501888
-1.032136
-0.171482
1.069146
-1.083032
-0.526937
0.723062
-1.155061
-0.860829
0.400294
-1.229942
-0.641061
1.324080
-0.038454
1.124253
1.131329
0.070880
1.189969
0.988634
0.201355
1.420723
0.923645
0.345747
1.331621
0.477367
0.469169
1.102729
0.119085
0.567691
1.032961
-0.357410
0.672296
0.948057
-0.533315
0.756074
0.694853
-1.538940
0.820718
0.685022
-1.624719
0.876998
0.175438
-0.944038
0.890938
0.031618
-0.925059
0.906659
0.214417
-1.253272
0.931749
-0.009926
-0.579444
0.933768
-0.105008
-0.913403
0.933473
-0.047667
-0.764369
0.932251
-0.031211
0.062266
0.919736
0.129244
-0.017781
0.920737
0.022156
-1.037716
0.911998
-0.188214
-1.228329
0.906401
-0.089036
-0.594718
0.869252
-0.619138
0.013437
0.799714
-0.821345
0.121859
0.704644
-0.926631
0.269069
0.591970
-1.182340
0.745120
0.483353
-0.809946
1.216747
0.387844
-0.993465
1.312884
0.288773
-0.723645
0.718094
0.220877
-0.526620
0.645307
0.143085
-0.629594
0.464553
0.071577
-0.508890
-0.257779
0.022765
-0.665734
-0.107561
-0.066786
-1.133994
0.007963
-0.173108
-0.927099
0.247071
-0.271674
-1.099982
0.726716
-0.360289
-0.762002
0.295651
-0.420878
-0.446986
-0.269573
-0.469127
-0.405195
-0.198362
-0.518687
-0.405217
-0.184860
-0.579051
-0.750225
-0.697140
-0.637814
-0.546036
-1.426415
-0.672881
-0.538530
-0.998468
-0.744066
-0.899933
-0.509403
-0.826060
-0.862631
0.247268
-0.909475
-0.646450
0.154730
-0.958706
-0.443038
-0.110675
-1.020563
-0.816634
-0.260519
-1.096810
-0.828341
-0.264361
-1.170010
-0.739417
-1.058773
-1.248696
-1.029994
-1.206525
-1.358354
-1.304444
-1.135104
0.142689
0.311298
-0.411452
0.185746
0.502521
0.170615
0.245248
0.577182
0.212928
0.296481
0.282359
-0.011865
0.326987
0.471613
0.411617
0.393490
0.825745
-0.503982
0.465839
0.569321
-0.157691
0.509871
0.292962
-0.431449
0.558592
0.688294
0.238863
0.609103
0.493057
0.385694
0.651895
0.380673
-0.017726
0.706936
0.673883
-0.307447
0.764501
0.419893
-0.849638
0.803809
0.215749
-1.296712
0.838093
0.268713
-1.282616
0.854493
0.073843
-1.142696
0.873731
0.050173
-0.579809
0.915132
0.542140
-0.122971
0.938680
0.071713
-0.244231
0.927454
-0.108401
0.341196
0.900154
-0.310077
-0.151733
0.854838
-0.599969
-0.768978
0.798534
-0.593694
-0.515035
0.735173
-0.585990
-0.241906
0.669537
-0.808542
-0.224134
0.593484
-0.680068
-0.274853
0.508623
-0.932742
-0.545011
0.405821
-1.063835
0.299394
0.283537
-1.466170
0.133669
0.136980
-1.267611
0.267787
0.016591
-0.987047
-0.022630
-0.081007
-1.049430
0.196687
-0.181834
-0.919431
0.227815
-0.270333
-0.887656
0.501491
-0.348770
-0.766522
1.319444
-0.424813
-0.384885
1.505365
-0.458129
-0.360166
0.911721
-0.504107
-0.568281
0.413559
-0.563381
-0.665953
0.581151
-0.648590
-1.024464
0.578577
-0.757609
-0.870546
0.790286
-0.851939
-0.896330
0.994908
-0.931688
-0.743854
1.115375
-0.996469
-0.503275
1.566344
-1.049674
-0.290860
1.697150
-1.059495
0.232824
1.502569
-1.029696
0.205640
1.427775
-1.014647
0.501818
1.805768
-0.951112
1.033932
2.143859
-0.859159
1.349655
2.283102
-0.031996
0.873660
0.667935
0.072016
1.041655
0.225808
0.156413
0.823731
-0.250202
0.230727
0.594184
-0.226676
0.307075
0.865646
0.182483
0.393816
1.133187
-0.086837
0.472821
0.724018
-0.350313
0.572496
1.019700
-0.523076
0.663088
0.762455
-0.953185
0.757724
0.920942
-0.873636
0.837140
0.563914
-1.038970
0.897919
0.364185
-0.702843
0.924941
0.388932
-0.901627
0.940072
0.067110
-1.129189
0.950473
-0.051694
-0.733388
0.946894
-0.062188
-0.319156
0.919675
-0.269841
-0.441008
0.905965
-0.283924
-0.913152
0.892048
-0.111770
-1.122449
0.869006
-0.318805
-1.484115
0.841899
-0.224817
-2.069892
0.814419
-0.575183
-1.357989
0.751124
-0.639940
-0.311029
0.681190
-0.552298
-0.808739
0.643056
-0.299655
-0.991989
0.605513
-0.540307
-1.443962
0.538867
-0.803765
-1.681907
0.475704
-0.729250
-1.613929
0.401138
-1.202500
-1.773792
0.276972
-1.413508
-0.510846
0.136232
-1.390042
-0.494988
-0.005979
-1.316516
-0.796628
-0.118802
-1.012720
-1.104744
-0.203744
-0.902500
-0.640492
-0.286880
-0.793203
-0.749217
-0.376024
-0.979221
-0.923075
-0.474114
-0.972373
-1.241225
-0.569430
-0.960307
-0.260837
-0.644258
-0.685912
0.033342
-0.716449
-0.653742
-0.259962
-0.780419
-0.724616
-0.256918
-0.841073
-0.374289
0.292532
-0.886023
-0.301765
-0.190032
-0.896547
-0.096915
-0.530156
-0.918450
-0.296644
-0.687174
-0.959841
-0.587697
-0.182253
-1.023540
-0.534697
-0.475691
-1.062901
-0.432899
-1.050717
-1.103847
-0.318023
-1.513466
-1.125656
-0.281428
-1.361911
-0.142380
1.462937
-1.222637
-0.005619
1.096656
-1.469545
0.142379
1.482709
-1.895139
0.286708
1.225975
-1.989282
0.414667
0.892906
-1.920823
0.513069
0.834969
-1.576896
0.607302
1.043579
-1.663068
0.707429
0.781511
-1.995225
0.781847
0.478409
-2.397479
0.849496
0.511003
-2.070344
0.888994
0.196358
-2.260377
0.944066
0.555355
-2.601623
0.997882
0.325175
-2.680339
1.042877
0.235267
-1.873357
1.044320
-0.295261
-1.210158
1.024397
-0.191225
-1.079670
1.006973
-0.065937
-1.226452
1.006095
-0.086694
-1.391084
0.993042
-0.190062
-0.847176
0.969223
-0.393582
-0.893592
0.927355
-0.423467
-1.061179
0.893791
-0.247495
-0.679220
0.859839
-0.598269
-0.207162
0.795738
-0.756644
-0.042687
0.701868
-0.937514
0.074897
0.593893
-1.160264
0.090428
0.467424
-1.231552
-0.192446
0.360578
-1.024915
0.197088
0.257037
-0.999033
0.642601
0.151649
-0.880537
0.309139
0.074142
-0.724830
-0.338361
-0.009456
-0.979549
-0.157758
-0.103845
-0.944531
-0.319745
-0.212455
-1.305107
-0.482352
-0.304580
-0.675867
-0.178095
-0.383660
-0.952742
-0.980034
-0.471271
-0.820687
0.127061
-0.571871
-0.990039
0.515554
-0.669071
-0.822996
0.801941
-0.743726
-0.360321
0.866061
-0.761636
-0.231985
0.674449
-0.785227
-0.189291
0.629864
-0.797272
0.232605
0.615255
-0.778847
0.133948
-0.283744
-0.765370
0.081695
-0.557091
-0.761224
-0.127957
-0.198143
-0.764746
-0.107052
-0.282297
-0.777133
-0.191308
0.410153
-0.801582
-0.205095
0.629004
-0.816762
0.090865
0.440367
-0.009322
1.421226
-0.069471
0.141788
1.437782
-0.748241
0.279407
1.141118
-0.923112
0.410283
1.277890
-0.766624
0.528654
1.071968
-1.018056
0.632002
1.080012
-0.921011
0.715456
0.482557
-2.044283
0.767770
0.525548
-1.456546
0.831899
0.468179
-1.417541
0.865297
0.264833
-1.692271
0.915479
0.485251
-1.538735
0.955432
0.190462
-0.781758
0.964083
-0.077440
-0.454149
0.955354
-0.236987
-0.830278
0.913639
-0.464966
-1.315367
0.866458
-0.695631
-1.505810
0.811134
-0.569673
-1.378317
0.777753
-0.174738
-1.267715
0.787124
0.030206
-1.535622
0.800369
0.049847
-2.008359
0.804960
-0.017767
-1.943098
0.794653
-0.314797
-1.410840
0.771735
-0.435711
-1.559238
0.705161
-0.741802
-1.665620
0.629347
-0.962344
-0.783991
0.527678
-1.101671
-0.783387
0.438288
-0.943492
-0.749730
0.345800
-1.145371
-1.444636
0.248143
-0.996901
-0.289711
0.136468
-1.266134
-0.446087
0.016110
-1.062996
-0.315544
-0.103269
-1.268125
-0.065878
-0.214911
-1.108171
-0.115357
-0.310981
-0.711887
-0.508787
-0.383944
-0.559222
-0.489104
-0.418229
-0.324331
-0.621660
-0.482516
-1.065557
0.216159
-0.566876
-0.613318
0.215015
-0.642808
-0.756313
-0.252130
-0.706851
-0.606947
-0.048721
-0.788921
-0.752714
-0.264030
-0.860316
-0.574868
-0.103068
-0.920244
-0.700312
0.333982
-0.999337
-0.788336
1.310665
-1.063535
-0.272833
2.272536
-1.088927
0.003270
1.872098
-1.082720
0.240738
1.379129
-1.085454
-0.049793
1.455202
-1.089708
0.098123
1.233086
-1.082152
0.166647
1.484144
0.094655
0.661435
0.404147
0.177642
0.912787
0.253325
0.266225
0.794514
0.087745
0.350970
0.903545
0.324082
0.442566
0.889695
-0.001964
0.522391
0.671873
-0.712034
0.577690
0.254553
-0.085637
0.607361
0.292896
0.212693
0.641751
0.518042
0.122537
0.685076
0.412385
-0.174114
0.753409
0.762728
-0.359359
0.824368
0.509382
0.016435
0.867331
0.234555
-0.422751
0.897389
0.239125
-0.758890
0.924828
0.093648
-0.917250
0.943523
0.168045
-0.803053
0.960136
0.061338
-1.143671
0.958205
-0.158907
-0.775456
0.941088
-0.241091
-1.120842
0.930633
-0.152057
-0.625641
0.898400
-0.570050
0.060871
0.840642
-0.576113
0.138950
0.776532
-0.601902
0.266873
0.721457
-0.568627
-0.459760
0.662225
-0.683996
-0.553194
0.613482
-0.551059
-0.614886
0.557710
-0.639366
0.022703
0.474548
-1.001712
0.572254
0.353020
-1.246902
0.938939
0.236657
-1.176374
0.868327
0.110266
-1.173328
0.998738
-0.047251
-1.398802
1.280970
-0.180484
-0.927154
1.966435
-0.280751
-0.977650
2.325854
-0.382211
-0.887059
1.569371
-0.464626
-0.655465
1.478297
-0.519461
-0.562832
1.022070
-0.562825
-0.295001
1.193365
-0.601808
-0.542596
-0.364551
-0.673484
-0.788520
-0.580134
-0.763636
-0.828047
-0.252648
-0.855995
-0.705645
-0.567458
-0.911219
-0.405097
-0.530333
-0.933483
-0.240293
0.026896
-0.975217
-0.523552
-0.089679
-1.027268
-0.341832
0.087286
-1.054814
-0.171490
0.333266
-1.074418
-0.283370
0.177870
-1.106731
-0.488815
0.190981
-1.155032
-0.283225
0.368231
-0.083027
1.293152
-1.334882
0.040725
0.997300
-1.889971
0.163552
1.192666
-1.916912
0.286734
1.133774
-1.254040
0.407031
0.971668
-0.987465
0.504647
0.818151
-0.791208
0.582188
0.786545
-0.758818
0.657034
0.688043
-0.718343
0.733806
0.848677
-0.795551
0.786910
0.441379
-0.545170
0.818620
0.172598
-1.129351
0.862819
0.473016
-1.469442
0.908203
0.426567
-1.088914
0.931113
0.038041
-0.351903
0.929661
-0.153514
-0.478944
0.898106
-0.217040
-0.378227
0.900501
0.076983
-0.543109
0.907085
0.130944
-0.639621
0.910033
-0.130791
-0.160047
0.896061
-0.166640
-0.121194
0.866995
-0.370651
-0.584522
0.807218
-0.883284
-0.952500
0.704173
-1.091190
-1.166116
0.586803
-1.359039
0.098942
0.474984
-0.818537
-0.548312
0.402390
-0.613026
-1.159838
0.358584
-0.792316
-1.107879
0.292600
-0.681318
-1.126953
0.211326
-0.895103
-0.900612
0.122506
-1.063585
-0.604242
0.012791
-1.009845
-0.466008
-0.064241
-0.773644
-0.234561
-0.146681
-0.783924
-0.389821
-0.233492
-0.879282
-0.793540
-0.314499
-0.800614
0.001373
-0.400929
-0.781213
0.019214
-0.473409
-0.580577
-0.674896
-0.500429
-0.142393
-0.439178
-0.521746
-0.292185
-0.219078
-0.573246
-0.720910
-0.634804
-0.648912
-0.637621
0.229422
-0.730686
-0.874722
0.391611
-0.813224
-0.810483
0.687967
-0.890346
-0.646919
0.905393
-0.932333
-0.182067
1.259505
-0.950316
-0.125858
0.894472
-0.954026
0.046696
0.772607
-0.955581
-0.171974
0.136862
-0.959122
0.025131
0.232519
-0.940596
0.301471
-0.428452
-0.136846
0.889099
0.086322
-0.062822
0.529623
-0.592883
0.008094
0.863808
-0.374416
0.096350
0.737531
0.032054
0.163834
0.792380
0.126536
0.255053
0.968072
-0.552387
0.377292
1.388218
-0.128833
0.524724
1.417292
-0.920550
0.674256
1.391420
-1.583342
0.809329
1.131517
-1.235130
0.926676
1.109669
-1.332170
1.019812
0.717507
-1.252300
1.080810
0.435216
-1.324555
1.103067
0.102582
-1.201777
1.100507
-0.183042
-0.752057
1.069481
-0.470464
-1.397252
1.017025
-0.450160
-0.670798
0.965754
-0.437241
-0.264743
0.929177
-0.318331
-1.051541
0.894124
-0.299618
-1.215196
0.859964
-0.525907
-1.153420
0.816260
-0.354667
-1.796775
0.777073
-0.530552
-1.640830
0.720738
-0.718697
-1.467960
0.636975
-0.893837
-2.091390
0.563529
-0.829043
-1.741803
0.485000
-0.892249
-1.126117
0.385919
-1.281061
-1.470662
0.268109
-1.039880
-1.282205
0.175794
-0.844921
-0.857397
0.096009
-0.595181
-0.579296
0.025427
-0.888309
-0.337050
-0.074469
-0.916844
0.060501
-0.184031
-1.046380
-0.618038
-0.288370
-1.152215
-1.238119
-0.375426
-0.701167
-1.658316
-0.427445
-0.650385
-1.630040
-0.481725
-0.678250
-1.314250
-0.541640
-0.621588
-1.500248
-0.591745
-0.699656
-1.519111
-0.646156
-0.536918
-0.710432
-0.697073
-0.638602
-0.116392
-0.754296
-0.577568
-0.249734
-0.818535
-0.714548
-0.038171
-0.898607
-0.676375
0.107522
-0.955127
-0.449043
-0.580317
-1.005702
-0.708254
-0.794041
-1.087862
-0.898455
-0.691037
-1.160125
-0.754928
-0.595372
-1.244691
-1.155767
-0.039359
-0.272607
1.050912
-0.938349
-0.154590
1.108932
-1.229732
-0.041964
1.105273
-1.143562
0.103089
1.499745
-1.286292
0.254557
1.097548
-0.801310
0.375947
1.156407
-0.810076
0.501447
1.085301
-1.411882
0.613816
0.958439
-0.653654
0.714501
0.962666
-0.865562
0.812116
0.786125
-1.513413
0.870315
0.261965
-0.925727
0.898863
0.283837
0.302124
0.897282
-0.181122
0.280242
0.881914
-0.352948
0.041221
0.857729
0.000613
0.384199
0.863275
0.111844
0.610850
0.878221
0.202599
0.786310
0.899720
0.268310
0.983357
0.926049
0.270376
0.665435
0.949755
0.058173
1.453381
0.942280
-0.001984
0.637669
0.920571
-0.271603
0.532506
0.890998
-0.323111
1.246194
0.832872
-0.491371
1.262415
0.765795
-0.500767
0.482866
0.705106
-0.528581
0.208852
0.632788
-0.992034
0.501281
0.514309
-1.365286
0.635325
0.356714
-1.702213
0.810686
0.192990
-1.486183
0.755625
0.056866
-1.339615
0.921854
-0.073509
-1.194487
0.759586
-0.183235
-0.953242
0.589338
-0.271880
-0.949932
0.111648
-0.355353
-0.945576
0.051732
-0.460392
-0.934713
1.079862
-0.555657
-0.762467
1.550799
-0.639568
-0.668115
1.012682
-0.697540
-0.504000
1.869212
-0.765084
-0.473451
1.600692
-0.811455
-0.275142
1.618840
-0.839843
-0.139270
0.798971
-0.864992
-0.288834
1.044342
-0.890750
-0.368581
0.134132
-0.931396
-0.335092
-0.236864
-0.975850
-0.645195
-0.347878
-1.030004
-0.652547
-0.100148
-1.088666
-0.723582
-0.429410
-1.173143
-0.815136
0.064450
-1.252460
-0.648677
0.054557
-0.104747
0.055310
1.035938
-0.081621
0.487398
1.202656
-0.029590
0.685292
0.537239
0.057485
1.180998
0.320561
0.201058
1.424190
-0.211176
0.337591
1.194854
-0.371824
0.466987
1.202979
-0.339596
0.571044
0.869201
-1.246379
0.658389
0.879790
-0.836283
0.735941
0.619574
-0.542864
0.782638
0.385163
-0.457884
0.805227
0.251897
-0.164212
0.812217
-0.071293
-0.099919
0.801517
-0.169452
0.382004
0.790222
-0.156761
0.078474
0.769671
-0.185144
0.307882
0.756714
0.193312
0.450890
0.772230
0.331861
-0.296179
0.803515
0.359309
-0.693464
0.825000
0.002858
-0.451298
0.811196
-0.174508
-0.716945
0.784450
-0.202083
-0.434057
0.761301
-0.322533
-0.652264
0.724609
-0.416560
-0.837518
0.679740
-0.633168
-1.167953
0.611962
-0.629840
-0.904284
0.547360
-0.631967
-0.956723
0.500227
-0.481509
-1.173209
0.431516
-1.083548
-0.780084
0.320976
-1.099075
-1.119773
0.212023
-1.113853
-0.375026
0.086394
-1.517782
-0.502434
-0.060918
-1.629371
0.268181
-0.216792
-1.551647
0.127910
-0.357441
-1.084637
0.298451
-0.463512
-0.982964
0.046247
-0.562313
-0.869821
-0.117305
-0.651109
-0.953460
0.172279
-0.729672
-0.748339
-0.023698
-0.799471
-0.691010
-0.043093
-0.874509
-0.670934
0.482543
-0.938194
-0.463589
0.825271
-1.000235
-0.563712
0.754676
-1.063998
-0.761650
0.528303
-1.139909
-0.570666
1.362288
-1.207260
-0.792593
1.241429
-1.252479
-0.008628
2.226866
-1.243554
0.277764
1.690498
-1.227246
0.260653
1.371975
-1.209888
0.224600
0.969957
0.051755
0.835535
-0.974827
0.146677
0.943981
-0.431977
0.225560
0.601616
0.048611
0.287283
0.633075
0.644672
0.347663
0.745605
0.970997
0.438238
0.905505
0.977311
0.536085
0.918506
1.088482
0.603193
0.853162
0.055731
0.699299
0.737519
-0.261318
0.767858
0.601133
-0.805311
0.815588
0.389677
-1.190292
0.864342
0.424340
-0.461862
0.914407
0.458850
-0.922565
0.975320
0.518631
-1.328381
1.017588
0.221907
-0.690154
1.042780
0.200282
-0.862934
1.054744
-0.267031
-0.017821
1.041452
-0.189881
0.152324
0.996608
-0.560095
0.548175
0.951831
-0.133620
0.894518
0.903484
-0.614997
0.645002
0.865749
-0.152604
0.513476
0.820659
-0.423659
0.024545
0.747612
-1.095483
-0.029648
0.641872
-1.037230
0.370187
0.540464
-0.935137
0.747934
0.444724
-0.921193
0.696132
0.347090
-0.740403
0.866555
0.272061
-0.734105
0.726254
0.197595
-0.613511
0.077445
0.124251
-0.768240
-0.422552
0.041650
-0.840142
0.347732
-0.038602
-0.766122
0.216503
-0.149556
-1.292714
0.129182
-0.282070
-1.337450
1.062926
-0.412964
-1.114217
1.608685
-0.519361
-0.704706
2.104857
-0.593589
-0.520528
1.660093
-0.654356
-0.420248
1.447554
-0.709084
-0.490266
2.328678
-0.790951
-0.830872
2.333549
-0.854687
-0.319141
2.385692
-0.889740
-0.244485
2.469302
-0.935007
-0.275923
2.841291
-0.965921
-0.092869
2.935846
-0.983591
0.208903
2.355717
-0.981585
-0.078553
2.855730
-1.000824
-0.201030
3.238283
-1.008329
0.411710
3.251754
-0.962368
0.962052
3.733694
-0.076895
1.126780
0.693272
0.019806
0.715668
0.786606
0.089588
0.822076
0.593106
0.215798
1.543416
0.543465
0.345254
1.146962
-0.691080
0.465461
1.109446
-0.432283
0.588843
1.378268
-0.851768
0.719192
1.084101
-1.273967
0.820205
0.707975
-0.910701
0.883611
0.340821
-0.876336
0.906620
0.238415
-1.476993
0.915585
-0.118818
-1.830787
0.903998
-0.386205
-1.892427
0.901288
-0.009884
-2.102043
0.903749
-0.065994
-1.767585
0.902502
-0.067770
-0.994871
0.913728
0.222101
-1.634295
0.949080
0.323235
-1.857996
0.986928
0.218248
-1.492034
0.989083
-0.118051
-1.306354
0.981802
-0.282873
-1.404717
0.944864
-0.447437
-0.649926
0.892067
-0.691074
-0.835544
0.804966
-1.038969
-1.416139
0.696362
-1.351966
-1.157479
0.580355
-1.169489
-0.944508
0.452288
-1.454224
-1.196156
0.306233
-1.324590
-0.673970
0.194120
-1.070197
-0.738738
0.065265
-1.435536
0.446634
-0.060683
-1.180427
0.346472
-0.151097
-0.576111
0.298883
-0.214254
-0.787186
0.107851
-0.294541
-0.663376
0.279162
-0.355765
-0.760844
0.062731
-0.422179
-0.491831
0.210171
-0.465286
-0.613833
-0.167230
-0.528997
-0.861577
-0.772410
-0.603195
-0.694561
-0.398448
-0.688747
-0.641529
0.166729
-0.763973
-0.811861
0.171415
-0.840201
-0.578876
-0.055605
-0.880219
-0.282543
-0.490988
-0.902533
-0.635332
-0.301364
-0.967902
-0.796308
-0.589857
-1.061252
-0.890173
-0.962074
-1.145454
-1.278881
-0.683375
-1.261414
-1.136862
-1.757056
-1.375829
-1.153435
-1.668289
-1.497269
-1.459842
-2.471766
-0.233373
1.408079
-0.508061
-0.094195
1.445418
0.033528
0.052206
1.360306
0.242418
0.204429
1.546540
0.031772
0.358196
1.375680
-0.999429
0.493971
1.190591
-1.199795
0.631776
1.278191
-1.238810
0.755323
1.145038
-1.562766
0.862698
0.834311
-1.995776
0.938851
0.571317
-2.196414
1.007668
0.466060
-1.949095
1.063883
0.397880
-1.722602
1.095367
0.041828
-1.447798
1.087030
-0.171416
-0.919822
1.102062
0.374506
-1.143922
1.131522
0.012866
-1.541765
1.127396
-0.330097
-0.856462
1.091798
-0.566159
-0.999188
1.027471
-0.696504
-0.755412
0.961740
-0.520729
-1.139908
0.919082
-0.570562
-1.111884
0.873125
-0.505935
-1.255205
0.837883
-0.425574
-1.310242
0.791211
-0.518638
-0.975785
0.709890
-1.146958
-1.341065
0.601549
-1.275098
-1.293067
0.467836
-1.275333
-1.567843
0.356771
-1.149829
-0.598712
0.226360
-1.351791
-0.115215
0.115124
-0.907673
0.204281
0.050489
-0.688924
-0.053424
-0.029491
-0.798913
0.193509
-0.116091
-0.864027
-0.168608
-0.212346
-0.963735
0.006882
-0.323935
-1.164657
0.403020
-0.433190
-0.858420
0.422524
-0.514511
-0.684046
0.332892
-0.596471
-0.781541
-0.288106
-0.648259
-0.227341
-0.384036
-0.684440
-0.421655
-0.044454
-0.730565
-0.586501
0.495822
-0.787081
-0.772697
0.403568
-0.865295
-0.712943
-0.217051
-0.922036
-0.575667
-0.402836
-0.976313
-0.463211
-0.193232
-1.027133
-0.497550
-0.205697
-1.075972
-0.590368
-0.974630
-1.120968
-0.413083
-0.533650
-1.146094
-0.328762
-1.570968
-1.210876
-0.930017
-1.164837
0.081587
0.341234
-0.865340
0.101213
0.110157
-0.334284
0.127861
0.482682
0.507115
0.173494
0.510050
0.684020
0.230501
0.709010
0.500590
0.310969
0.827047
0.957773
0.387195
0.758873
0.324711
0.483534
1.041806
0.489721
0.571389
0.888451
-0.114872
0.671479
1.003687
-0.131236
0.760471
0.791522
-0.968109
0.814514
0.208562
-1.027170
0.844411
0.208956
-1.559269
0.894434
0.539188
-1.886773
0.939030
0.161956
-0.391973
0.963494
0.177722
-0.102029
0.978731
0.143327
-0.487143
0.976183
0.011652
-0.725593
0.968476
-0.295345
-0.569972
0.934220
-0.304392
-0.131050
0.889612
-0.413202
-0.338145
0.841089
-0.613211
-0.490097
0.759713
-0.996920
-0.133514
0.640286
-1.372331
0.000863
0.498850
-1.186147
0.097678
0.394220
-0.882389
0.089979
0.300028
-0.810678
0.168314
0.230999
-0.525819
0.004997
0.188699
-0.107645
-0.650870
0.160512
-0.441497
-0.480321
0.110709
-0.720543
-0.537331
0.024082
-1.071257
-0.986720
-0.091570
-1.288178
-0.816346
-0.196276
-1.078318
-0.986619
-0.284973
-0.663945
-0.017224
-0.357434
-0.690928
-0.352027
-0.443210
-0.879188
-0.510973
-0.533928
-0.984271
0.193750
-0.640988
-1.021023
0.467694
-0.748584
-0.806711
0.369580
-0.836542
-0.890803
0.107384
-0.934016
-1.057952
0.451285
-1.043208
-0.842024
1.148924
-1.101206
-0.242353
1.461184
-1.130541
-0.146874
2.245192
-1.153442
0.105586
2.340215
-1.143948
0.319404
2.546078
-1.093030
0.983942
2.983131
-1.007361
1.079474
3.244407
-0.873593
1.551328
3.596324
0.073252
1.065741
0.228425
0.164996
0.501631
0.318870
0.241081
0.882334
0.917232
0.332159
1.044846
0.795587
0.442822
1.025387
0.687424
0.540096
0.976088
-0.534228
0.626504
0.556723
-0.559253
0.700329
0.688026
-0.888329
0.784546
0.783572
-1.212805
0.871656
0.541313
-1.347799
0.943157
0.570890
-1.193618
1.003482
0.438870
-0.693422
1.045553
0.180527
-0.639225
1.053702
-0.128836
-0.812047
1.027781
-0.459586
-0.303508
1.001596
-0.298971
-0.664542
0.980295
-0.319167
-1.067911
0.952821
-0.391570
-0.903204
0.937952
-0.066054
-1.290820
0.909578
-0.371852
-2.191304
0.854991
-0.703744
-2.005601
0.794141
-0.684754
-1.928260
0.720570
-0.825701
-1.776861
0.650582
-0.793727
-1.937585
0.595139
-0.635614
-1.678985
0.553086
-0.327078
-1.888418
0.517189
-0.454581
-1.007703
0.478541
-0.490039
-0.755084
0.405787
-0.942964
-1.389314
0.296066
-1.361321
-1.748909
0.183434
-1.122037
-1.181374
0.064934
-1.295534
-0.952571
-0.056119
-1.146795
-0.090000
-0.168098
-0.975898
0.266899
-0.281445
-0.998249
0.434524
-0.381373
-0.984350
0.694254
-0.497854
-1.138025
0.917389
-0.590368
-0.750577
1.808507
-0.668520
-0.518807
1.156843
-0.728808
-0.587101
1.504002
-0.777172
-0.238952
1.503454
-0.805975
-0.114481
1.847150
-0.809726
0.030460
1.506084
-0.842153
-0.526708
0.762837
-0.890653
-0.414606
1.113086
-0.952878
-0.692630
0.858997
-1.018196
-0.528241
0.455334
-1.068172
-0.327242
0.883229
-1.085384
0.064110
1.220565
-1.092348
-0.140991
1.686719
-0.017416
1.063872
0.001272
0.083542
0.928388
0.090203
0.163546
0.783973
-0.079398
0.247303
0.754500
0.616393
0.313886
0.563310
0.712452
0.381452
0.719341
0.622528
0.466657
1.006563
0.499061
0.570906
1.073440
0.042056
0.688296
1.115272
-0.273335
0.793760
0.991491
-0.056094
0.887911
0.796102
-0.140068
0.967218
0.752026
-1.301354
1.010115
0.062714
-0.698109
1.005670
-0.436459
-0.614546
0.955657
-0.682582
-1.015069
0.912562
-0.345500
-0.823765
0.893780
-0.175306
-0.625702
0.881230
-0.077368
-0.387577
0.883450
-0.007711
0.106626
0.861840
-0.322631
-0.702020
0.822968
-0.518475
-0.301614
0.773885
-0.549108
0.325473
0.719910
-0.457027
-0.377873
0.668937
-0.599531
-0.484087
0.608745
-0.448837
-0.141589
0.547791
-0.683015
-0.269364
0.472894
-0.970191
0.128382
0.381363
-0.872083
-0.784919
0.294352
-0.752296
-1.054635
0.203674
-0.963768
-1.037627
0.092642
-1.240870
-0.616986
-0.010641
-1.068615
-0.407395
-0.124838
-1.215971
-1.123531
-0.230088
-1.039361
-0.722769
-0.326870
-0.873962
-0.431348
-0.381196
-0.377638
-0.453531
-0.419538
-0.474390
-0.648813
-0.479485
-0.628413
-0.888222
-0.544221
-0.663267
-0.145405
-0.627598
-0.913191
0.793097
-0.732713
-1.189409
0.861478
-0.857093
-1.115777
1.270221
-0.966681
-0.977734
1.333650
-1.063187
-0.741589
1.650264
-1.111658
-0.026817
2.035482
-1.105716
0.203815
2.511202
-1.091020
0.279594
2.297165
-1.045924
0.851474
1.814318
-0.949251
1.249280
1.665641
-0.820478
1.605864
1.677362
0.044879
0.887690
-0.470721
0.137550
0.924206
-0.167406
0.227187
0.771379
-0.662950
0.329311
1.214071
0.111620
0.439111
1.131263
0.807339
0.523202
0.804149
-0.102809
0.599923
0.807566
0.004205
0.681252
0.730712
0.375291
0.768969
0.859846
0.377961
0.859072
0.967700
-0.283664
0.953644
0.882975
-0.828294
1.050034
0.785605
-0.478508
1.125875
0.673131
-0.969558
1.182290
0.365279
-1.538614
1.191543
-0.318429
-1.399803
1.155351
-0.569886
-1.518920
1.102116
-0.456288
-1.872969
1.069205
-0.297412
-1.200299
1.036334
-0.346090
-2.186284
0.992650
-0.623985
-1.899190
0.917692
-1.185048
-1.534546
0.816156
-0.784713
-1.740967
0.750616
-0.732594
-2.261400
0.704281
-0.564071
-2.022178
0.648089
-0.853362
-1.397702
0.558262
-0.979285
-0.978858
0.467122
-0.942528
-1.133528
0.385109
-0.843405
-1.003884
0.286570
-1.186634
-1.310335
0.159594
-1.279922
-1.922489
0.028770
-1.454235
-1.474166
-0.119241
-1.344395
-1.787369
-0.245029
-1.418203
-0.741821
-0.366235
-1.309771
-1.255864
-0.488641
-1.064840
-0.512860
-0.577081
-0.785114
-0.611201
-0.650559
-0.766254
-0.578685
-0.723608
-0.679858
-1.247496
-0.780036
-0.685560
-0.646866
-0.851508
-0.502920
0.068443
-0.911787
-0.602863
-0.718469
-0.940602
-0.287960
-0.562571
-0.952909
-0.018651
0.253375
-0.967664
-0.188089
0.570281
-1.024160
-0.823284
1.001651
-1.098258
-0.690705
0.737243
-1.161528
-0.510380
0.603923
-1.203671
-0.390501
1.608094
-1.249648
-0.130648
2.153699
-1.264852
0.140109
3.010116
-0.006533
0.637415
-1.307711
0.088514
1.274686
-1.826319
0.215291
1.051995
-1.354071
0.334089
1.108060
-1.738266
0.466641
1.116355
-1.471579
0.559116
0.716021
-1.133552
0.647315
0.795659
-1.945885
0.740611
0.724490
-1.112415
0.800337
0.229209
-0.063187
0.824710
0.188945
-0.293684
0.817664
-0.079195
-0.189430
0.809724
-0.011654
0.346119
0.811059
0.081659
0.494245
0.819615
0.329369
0.240320
0.858926
0.636807
0.205124
0.883226
0.179074
0.290178
0.900472
0.168994
-0.123387
0.925543
0.191721
-0.168819
0.940568
0.108600
-0.134220
0.928292
-0.218965
-0.651678
0.897637
-0.535495
-0.866060
0.844071
-0.568447
-0.963565
0.776762
-0.744697
-0.409315
0.712266
-0.749544
-0.285222
0.650107
-0.381480
0.056773
0.587815
-0.799279
0.141189
0.496330
-0.848918
1.066243
0.400221
-0.912607
0.274061
0.327243
-0.655960
-0.118615
0.259636
-0.680478
-0.087365
0.180783
-0.898986
0.326972
0.088526
-0.956202
1.140434
-0.023315
-1.081628
1.732463
-0.162563
-1.396253
1.586068
-0.302085
-1.166496
1.120168
-0.395600
-0.795738
1.394946
-0.461513
-0.286284
1.167859
-0.514219
-0.517088
0.524011
-0.552047
-0.425985
0.331126
-0.603583
-0.457475
-0.353914
-0.641612
-0.246280
0.256108
-0.672896
-0.536786
-0.331590
-0.744683
-0.841459
-0.919438
-0.839975
-1.153342
-1.351944
-0.931586
-0.755703
-0.832263
-1.006059
-0.845647
-0.823591
-1.094830
-1.075231
-0.749513
-1.197050
-0.849634
-0.817386
-1.275779
-0.834063
0.142286
-1.355639
-0.773922
0.488370
0.024725
0.950726
1.039650
0.119071
0.982013
1.192410
0.217968
0.933072
1.371295
0.304311
0.940546
1.808078
0.395828
1.024577
1.427445
0.492727
0.914127
0.926850
0.578183
0.983696
-0.253986
0.684488
0.971359
0.433000
0.734687
0.190189
0.473189
0.735848
-0.058028
0.901984
0.736139
0.055636
0.047406
0.736968
0.090406
0.578782
0.745681
0.090887
0.856755
0.768840
0.225478
0.717702
0.792090
0.291203
1.234337
0.800760
-0.054704
0.351311
0.797249
-0.019126
0.428583
0.790579
0.061113
-0.063951
0.799473
0.241425
0.210868
0.807008
-0.140261
-1.007297
0.805188
-0.028631
-1.432402
0.780575
-0.526239
-1.607004
0.725771
-0.638911
-1.243424
0.660448
-0.929231
-1.209532
0.579872
-0.912802
-1.302664
0.469567
-1.063789
-1.609498
0.365135
-1.011315
-1.047163
0.274281
-0.815922
-0.647268
0.203859
-0.489538
-0.239944
0.143075
-0.621714
-0.215759
0.095181
-0.490878
-0.377228
0.037786
-0.427601
-0.041143
-0.029257
-0.523532
-0.161828
-0.092515
-0.761522
-0.634205
-0.179763
-0.863141
-0.214322
-0.287751
-1.240232
0.053938
-0.419444
-1.307432
-0.141699
-0.547574
-1.351199
-0.181783
-0.685378
-1.337486
0.345126
-0.788240
-0.727176
0.555733
-0.853026
-0.414439
0.300405
-0.891066
-0.297366
-0.719747
-0.924457
-0.348485
-0.909270
-0.959848
-0.554493
-0.311296
-1.033198
-0.581828
-0.008935
-1.090021
-0.623845
0.061781
-1.123354
-0.151833
0.378413
-1.132516
-0.237757
-0.355176
-1.166701
-0.468279
-1.192087
-1.229664
-0.852784
-0.954370
-0.074815
1.645055
-0.768572
0.080826
1.436012
0.687374
0.228574
1.319364
1.049814
0.325691
0.957577
0.777663
0.405240
0.714066
0.976396
0.500493
1.016342
0.758478
0.589383
0.925289
0.146718
0.708462
1.239504
-0.785537
0.802839
0.640565
-0.912675
0.850511
0.325143
-0.813913
0.874784
0.176160
-1.208173
0.906117
0.343119
-1.108982
0.926479
0.125045
-1.268011
0.934339
-0.171461
-0.894643
0.918912
0.135003
-1.196213
0.929484
0.013368
-0.752322
0.921447
-0.350888
-0.923236
0.893835
-0.344842
-0.638705
0.867686
-0.331878
-0.992373
0.856708
-0.180662
-0.564127
0.817545
-0.534052
-0.856617
0.768968
-0.531658
-0.474520
0.716958
-0.667659
-1.015391
0.635361
-0.998959
-1.066031
0.532317
-1.160953
-0.415726
0.416083
-0.961822
-0.807427
0.319638
-1.053775
-0.397443
0.203697
-1.259035
-0.375304
0.094720
-0.836452
-1.043778
0.017170
-0.630995
-0.920828
-0.040203
-0.675046
-0.937193
-0.104109
-0.728903
-1.323540
-0.187305
-0.857324
-0.775585
-0.269174
-0.877200
-0.198318
-0.359519
-0.859828
-1.281061
-0.432060
-0.676732
-0.970604
-0.506959
-0.562449
-0.678532
-0.559291
-0.560150
-0.760442
-0.617911
-0.758698
-0.991038
-0.680740
-0.384951
-0.990306
-0.711044
-0.413873
-0.397600
-0.739748
-0.254612
-1.010335
-0.781593
-0.678511
-0.764936
-0.867626
-0.804479
-0.197590
-0.963303
-1.008349
-0.029038
-1.055391
-0.789929
0.309940
-1.129854
-0.581133
0.170462
-1.177172
-0.346724
0.162885
-1.185987
0.120961
0.158011
-1.156947
0.223504
-0.039160
-0.294923
1.668554
-1.388150
-0.132552
1.461979
-1.283936
0.031310
1.573315
-1.716574
0.213159
1.603294
-1.926488
0.355738
1.095736
-1.889251
0.485748
1.190137
-2.405338
0.628415
1.321433
-2.452373
0.757987
0.994350
-2.667548
0.848774
0.698785
-2.855013
0.917419
0.356512
-2.642325
0.974400
0.269811
-2.171163
1.003607
0.031410
-1.987224
1.017359
-0.050431
-2.046893
1.010276
-0.304198
-2.036415
1.003176
-0.120178
-1.020426
1.001172
-0.056375
-0.956281
1.003099
-0.062304
-0.664993
1.006572
0.081278
-0.732547
1.000228
-0.325341
0.312866
0.962161
-0.481340
-0.221317
0.906952
-0.887796
-0.805150
0.826353
-0.945125
-0.190560
0.730166
-0.767325
-0.228487
0.653794
-0.947208
-0.096553
0.562446
-1.114763
0.190775
0.448300
-1.066771
1.223628
0.332685
-0.929105
1.582239
0.246524
-0.850055
1.562421
0.164384
-0.420675
1.971033
0.091271
-0.707051
1.423897
0.028242
-0.420823
0.952329
-0.032997
-0.589438
0.582899
-0.111088
-1.023179
0.601642
-0.207436
-0.928127
0.310195
-0.289881
-0.723250
0.589172
-0.356748
-0.652825
0.474455
-0.441245
-0.975539
0.720180
-0.525501
-0.869332
0.915349
-0.622907
-0.837818
1.129817
-0.702254
-0.633480
1.109395
-0.772896
-0.586435
1.137164
-0.811372
-0.340388
0.670034
-0.837059
-0.153320
0.857269
-0.847189
-0.208483
-0.134238
-0.860697
-0.170927
-0.378798
-0.895299
-0.523024
-0.337331
-0.949619
-0.590576
-0.765165
-0.962522
-0.199599
-0.449080
-0.991041
-0.366160
-0.902452
-1.011858
-0.213785
-1.219161
-0.020740
0.591960
-2.142968
0.068433
0.701828
-2.235129
0.181464
1.303627
-1.725658
0.341677
1.580501
-1.880956
0.490144
1.281931
-1.466278
0.597213
0.799622
-1.447078
0.674657
0.672323
-2.294979
0.745516
0.328558
-2.163880
0.777003
0.090020
-2.144565
0.796473
0.159071
-1.730279
0.839487
0.261571
-1.785636
0.881543
0.439788
-2.618299
0.928332
0.222343
-2.316900
0.933255
-0.114712
-1.972381
0.928421
-0.028917
-2.051521
0.936234
-0.034046
-1.676982
0.940008
-0.166395
-1.854715
0.933049
-0.139183
-2.149345
0.921905
-0.450851
-2.015944
0.899530
-0.157091
-1.938579
0.889724
-0.287591
-1.910771
0.858819
-0.435472
-0.783071
0.816538
-0.440834
-0.176545
0.776472
-0.328589
-0.130408
0.738184
-0.429400
-0.126109
0.679702
-0.974843
-0.195700
0.574243
-0.987674
-0.019025
0.459225
-1.242357
-0.414312
0.349334
-1.117926
0.198284
0.236567
-0.772691
0.034431
0.129079
-1.326048
0.135825
0.007269
-1.302543
0.292790
-0.107223
-0.917607
0.256422
-0.199952
-0.861865
0.361340
-0.291120
-1.008312
0.359400
-0.400239
-0.786098
-0.050795
-0.487417
-0.909198
-0.276285
-0.592603
-1.165720
0.641671
-0.714516
-1.097738
0.109102
-0.803186
-0.516830
0.219238
-0.850537
-0.352429
1.154273
-0.879318
-0.185865
0.958945
-0.884246
0.034382
0.481662
-0.880693
-0.068703
0.591133
-0.916574
-0.458211
1.135231
-0.973771
-0.525250
1.437195
-1.034852
-0.681265
1.794273
-1.104070
-0.583334
2.055435
-1.169242
-0.334986
1.676642
-1.175031
0.072940
2.306944
0.052830
0.764690
-0.652418
0.124230
0.538076
-0.501853
0.183146
0.640236
-0.405315
0.258170
0.757209
-0.702238
0.338614
0.713412
-1.157280
0.418707
0.704132
-0.902434
0.510777
0.903851
-1.361303
0.601569
0.678707
-0.821632
0.670771
0.582314
-0.595560
0.741987
0.777822
-0.044809
0.812042
0.541668
0.275141
0.869087
0.618977
-0.105537
0.918408
0.468638
-0.351336
0.957486
0.321688
-0.907386
0.979930
0.201910
-0.700007
1.004376
0.222699
-0.357426
1.035781
0.249093
-1.306453
1.051632
-0.232720
-1.096223
1.039646
-0.135390
-0.978185
1.021944
-0.384662
-0.227081
0.981437
-0.481335
-0.734856
0.924169
-0.598913
-0.489330
0.855448
-0.606863
-0.724383
0.785964
-0.807784
-0.985128
0.706378
-0.820414
-0.955989
0.624485
-0.846487
-0.922541
0.554827
-0.859517
-0.937073
0.463672
-1.041623
-0.227095
0.349377
-1.083619
-0.820378
0.246317
-1.165454
-0.162686
0.136272
-1.073878
0.180083
0.024452
-1.102250
-0.197499
-0.094213
-1.290413
0.186142
-0.199137
-0.936140
0.318793
-0.291575
-0.823497
0.984010
-0.378056
-0.799756
0.805474
-0.476461
-1.036966
1.035218
-0.576210
-0.925920
0.906971
-0.671597
-0.595858
1.476787
-0.727634
-0.420716
1.478300
-0.781135
-0.558858
0.939737
-0.820859
-0.202753
1.566644
-0.852653
-0.190330
0.457124
-0.877333
-0.262788
0.418503
-0.900742
-0.108931
0.526771
-0.903080
0.134145
0.220963
-0.905937
-0.104587
-0.014472
-0.927269
-0.254910
0.162814
-0.930807
0.140392
0.008797
-0.924060
0.042038
0.229650
-0.228238
1.316676
-1.345289
-0.091976
1.133971
-0.586948
0.022888
1.126015
0.045150
0.134897
1.056337
0.069137
0.246549
1.020162
-0.082715
0.344559
0.826948
-0.091968
0.430515
0.908719
0.092623
0.521243
0.913874
-0.390924
0.633617
1.019230
-0.630496
0.726046
0.724773
-0.825886
0.801643
0.595485
-0.513863
0.860900
0.579578
-0.587927
0.909481
0.392297
-0.150361
0.947592
0.266194
-0.165631
0.958475
0.137556
-0.807983
0.966327
-0.089340
-1.179485
0.951940
-0.117932
-0.618399
0.951317
0.045229
-1.028474
0.962158
0.018790
-1.203898
0.949293
-0.243026
-1.245509
0.924742
-0.518454
-1.290097
0.858751
-0.799105
-0.942897
0.766920
-0.996750
-1.420621
0.666311
-1.151266
-1.027340
0.552058
-1.053204
-0.127154
0.457926
-0.998755
-0.500740
0.353685
-1.031146
-1.115275
0.278251
-0.695575
-0.635570
0.194584
-0.910001
-0.049335
0.099236
-0.951355
0.847246
0.000150
-0.850751
1.025025
-0.082034
-0.689598
0.496823
-0.159859
-0.693981
0.432208
-0.240532
-0.788204
0.609782
-0.331951
-0.850402
0.717057
-0.396423
-0.547544
0.780682
-0.450468
-0.542016
0.303150
-0.505696
-0.487255
-0.015771
-0.554932
-0.512538
-0.490194
-0.613007
-0.704594
-0.534458
-0.671360
-0.584206
-0.804506
-0.717527
-0.530003
-0.280769
-0.766885
-0.512688
-0.019051
-0.825379
-0.675430
-0.475990
-0.900862
-0.661273
-0.120703
-0.954694
-0.380300
0.521143
-1.000274
-0.332104
0.764953
-1.040546
-0.333277
0.827569
-1.076321
-0.248521
0.305767
-1.102333
-0.308898
0.534774
0.015532
0.954922
-0.228529
0.115640
0.969679
-0.650848
0.206643
0.878583
-0.270382
0.308934
1.182829
-0.083816
0.435023
1.223932
0.117592
0.551777
1.075142
-0.563167
0.655521
0.736985
-1.437186
0.749041
0.827004
-1.818689
0.838381
0.696185
-2.029641
0.897832
0.356142
-1.874670
0.915611
-0.150226
-1.441997
0.921181
0.159661
-0.923850
0.930045
-0.042890
-0.905570
0.929821
-0.089879
-1.308053
0.906294
-0.324562
-0.603757
0.871624
-0.446690
-1.257478
0.838089
-0.306660
-0.873080
0.812061
-0.235111
-0.474060
0.791266
-0.313147
0.051428
0.751175
-0.446172
-0.183459
0.706239
-0.441080
-0.826605
0.663727
-0.513338
-0.108039
0.624438
-0.387135
-0.119526
0.593443
-0.272709
-0.861661
0.565837
-0.301292
-1.288695
0.529171
-0.581555
-0.709685
0.460309
-0.832369
-0.837834
0.368454
-1.028956
-0.882128
0.261225
-1.215136
-0.853415
0.141074
-1.301412
-0.106344
0.004284
-1.321977
0.302870
-0.125177
-0.972508
0.089809
-0.225631
-1.013881
-0.077915
-0.321126
-0.857052
0.077926
-0.396866
-0.711866
1.009774
-0.482354
-0.892109
1.668302
-0.577932
-0.728360
2.180600
-0.656844
-0.535501
2.032345
-0.715095
-0.418008
1.284062
-0.780278
-0.654404
1.059229
-0.843739
-0.589226
1.499128
-0.907363
-0.460875
2.215433
-0.954338
-0.238553
1.970341
-0.993045
-0.219936
1.499027
-1.032062
-0.188886
2.069720
-1.051084
-0.046107
2.156963
-1.058057
0.211567
2.118645
-1.029714
0.648111
3.062901
-0.970972
0.980349
3.339385
-0.861421
1.673672
3.731714
-0.069235
1.274331
-1.899806
0.074341
1.326895
-1.579443
0.203736
1.128027
-1.151662
0.311822
0.938253
-1.885651
0.415220
0.838355
-1.079239
0.509655
0.932182
-1.088671
0.597581
0.631997
-1.388648
0.662577
0.501358
-1.253309
0.704684
0.222089
-0.656251
0.729576
0.274528
-1.284278
0.768246
0.302229
-0.658417
0.816119
0.393773
-1.052867
0.862218
0.620593
-1.420839
0.919636
0.379581
-1.149814
0.960667
0.187595
-1.676289
0.983361
-0.000697
-1.301322
0.954906
-0.452581
-0.474946
0.916533
-0.248753
-0.245338
0.882458
-0.376848
-0.759144
0.837385
-0.487123
0.069240
0.783554
-0.544165
0.070217
0.711883
-0.785821
0.136086
0.634933
-0.705589
0.209001
0.562513
-0.574000
0.550763
0.502093
-0.602873
0.613655
0.432796
-0.652914
0.835167
0.363817
-0.697901
0.857282
0.294045
-0.549322
0.298415
0.229588
-0.705137
0.103740
0.170845
-0.564837
0.015709
0.102279
-0.720871
0.180855
0.022581
-0.852747
0.163985
-0.065960
-0.647772
-0.559055
-0.135725
-0.828180
-0.405728
-0.208659
-0.841133
-0.355303
-0.287536
-0.872456
-0.280258
-0.368608
-0.699906
0.083821
-0.447442
-0.703118
-0.394065
-0.524524
-0.925078
-0.787972
-0.620045
-0.912679
-0.540813
-0.703251
-0.837544
-0.649024
-0.779641
-0.748839
-0.069476
-0.855632
-0.643939
-0.582190
-0.915500
-0.596069
-0.296777
-0.965121
-0.409381
0.200011
-1.006781
-0.409311
0.025254
-1.041359
-0.309739
-0.023456
-1.063897
-0.202495
0.273915
-1.080595
0.030503
0.398900
-1.068146
0.177589
0.419431
-0.090403
1.493364
-0.940330
0.048520
1.181240
-0.846033
0.175911
1.068951
-1.332608
0.306297
1.298830
-1.081176
0.442799
1.321835
-0.368319
0.564320
1.232206
-0.376244
0.671626
0.989020
-1.170299
0.781818
1.021724
-0.981266
0.878512
0.807412
-1.508742
0.950257
0.563727
-1.629091
1.010660
0.457367
-1.410088
1.038793
0.122667
-0.916482
1.059857
0.131082
-0.625952
1.076163
0.093658
-0.596886
1.085207
-0.075582
0.239109
1.068367
-0.229410
0.076683
1.044999
-0.327989
-0.919724
1.006305
-0.305525
-0.517971
0.977492
-0.292148
-0.171993
0.941443
-0.502808
-0.061604
0.884404
-0.619528
-0.419732
0.825496
-0.656548
-0.803692
0.758298
-0.745620
-0.872014
0.682464
-0.847586
-0.949499
0.591047
-0.905797
-0.485184
0.499873
-0.945393
-0.216314
0.394264
-0.930352
-0.136371
0.299134
-0.830560
0.427659
0.202114
-1.056353
0.606456
0.109672
-0.806293
0.699001
0.029113
-0.797826
0.266414
-0.064154
-1.008107
0.429286
-0.174406
-0.989432
0.605702
-0.278882
-0.947972
0.417288
-0.370356
-0.814629
1.258065
-0.467706
-0.818135
2.255333
-0.563114
-0.854544
1.612451
-0.660714
-0.776708
0.932520
-0.731298
-0.479231
1.071831
-0.783990
-0.532543
0.924957
-0.832924
-0.394167
0.619486
-0.876598
-0.319479
0.721079
-0.918490
-0.276763
0.250422
-0.942790
-0.228239
0.085219
-0.972714
-0.304360
-0.085544
-0.996845
-0.354009
0.028427
-1.035128
-0.340566
-0.268694
-1.069503
-0.435485
-0.362392
-1.116708
-0.562220
-0.285870
-1.163732
-0.367877
-0.463301
-0.059183
0.969657
-0.897744
0.038830
0.880783
-0.692152
0.148100
1.118342
-0.577085
0.251815
1.016251
-0.043259
0.365665
1.155931
-0.578017
0.487460
1.139357
0.081558
0.598092
1.259317
-0.289226
0.724508
1.269983
-1.254045
0.843474
0.934775
-1.233609
0.933459
0.948125
-0.853224
1.008144
0.514464
-1.025395
1.061019
0.311369
-0.708251
1.088905
0.223579
-1.345364
1.116148
0.242879
-1.393562
1.152767
0.221664
-1.175178
1.171133
0.112782
-0.686150
1.181604
-0.094365
-0.460347
1.155321
-0.384224
-0.668870
1.113031
-0.568044
-0.563196
1.051072
-0.843425
-0.210672
0.974355
-0.637141
-0.544834
0.911731
-0.693959
-0.415656
0.838953
-0.768433
-0.130740
0.753643
-0.910406
0.213908
0.658112
-0.954366
0.511610
0.560194
-1.020080
0.295270
0.471597
-0.768957
0.563437
0.398439
-0.509033
0.425471
0.343559
-0.425253
0.524458
0.280326
-0.705137
-0.164315
0.205102
-0.755658
-0.442233
0.106656
-1.131358
0.187839
-0.004292
-1.109876
0.279643
-0.129238
-1.176553
0.374694
-0.247600
-1.006290
0.553504
-0.351420
-1.026551
0.727672
-0.462516
-1.076774
0.869390
-0.569546
-0.858768
0.770545
-0.656240
-0.834775
0.816826
-0.741702
-0.794890
0.901624
-0.816898
-0.469280
1.105217
-0.846959
-0.169089
0.427379
-0.883625
-0.374459
0.306706
-0.937167
-0.542828
-0.134028
-0.988268
-0.432136
-0.612716
-1.021281
-0.154397
-0.174634
-1.053858
-0.288939
0.027687
-1.081263
-0.295847
0.508277
-1.115503
-0.180647
0.272961
-1.136607
-0.273360
0.507451
-0.046674
1.177902
-0.755744
0.061843
1.073105
-0.208718
0.155562
0.867489
-0.349788
0.253824
1.233247
-0.339123
0.372205
1.183059
-0.881740
0.494254
1.138456
-1.097127
0.602323
0.916198
-1.437619
0.704872
0.912775
-0.813068
0.797206
0.889222
-0.918683
0.875358
0.624662
-0.940355
0.926303
0.429676
-0.570728
0.983891
0.497156
-0.744496
1.024394
0.385433
-1.385527
1.057733
0.134780
-1.374008
1.061243
-0.071747
-1.652104
1.046179
-0.276661
-1.472418
1.015090
-0.576214
-2.282600
0.973005
-0.498245
-1.644169
0.938472
-0.439987
-1.309974
0.898750
-0.316071
-1.752931
0.851148
-0.600803
-1.375767
0.785766
-0.768390
-0.778872
0.712699
-0.824830
-1.224805
0.633299
-0.924439
-1.136153
0.549657
-0.767173
-1.111810
0.481318
-0.601756
-1.616009
0.423756
-0.804257
-1.189314
0.341528
-0.710592
-1.162218
0.276269
-0.863329
-0.840543
0.192874
-0.803118
-0.500628
0.102797
-0.975038
-0.669288
0.004148
-0.953939
-0.520735
-0.088410
-1.048976
-0.673423
-0.193279
-1.021446
-0.464019
-0.284344
-0.887478
0.001428
-0.384421
-1.067618
-0.234857
-0.481289
-1.026460
0.032438
-0.578155
-0.881436
0.318898
-0.660047
-0.728097
0.723461
-0.734829
-0.609070
0.867989
-0.774330
-0.202024
1.755353
-0.815910
-0.343064
1.395813
-0.834622
-0.038891
1.109862
-0.850126
-0.131127
1.066287
-0.878335
-0.201487
0.005387
-0.913467
-0.291665
-0.061466
-0.950578
-0.325699
-0.046100
-0.992696
-0.403909
-0.293776
-1.037323
-0.471042
0.149232
-1.081210
-0.585351
-0.014172
-0.198165
2.051547
-1.212888
0.014435
2.039195
-1.367190
0.210322
1.659831
-1.807839
0.385618
1.458467
-1.305068
0.532050
1.345252
-0.504178
0.667589
1.179910
-0.401958
0.788185
0.942921
-1.104935
0.880543
0.796017
-0.979967
0.950540
0.634943
-1.069117
1.008749
0.343329
-0.528537
1.020363
-0.052805
-0.367765
1.014175
0.011090
-0.816780
1.016156
-0.053450
-0.920543
1.018824
-0.021253
-0.198568
1.012548
-0.162852
-0.284692
0.996812
-0.167564
-0.773495
0.985242
-0.201930
-1.769963
0.981150
-0.085958
-1.894345
0.962211
-0.347364
-1.687868
0.932561
-0.548899
-1.270367
0.873160
-0.755409
-1.075545
0.800326
-0.783810
0.002028
0.703888
-1.028472
-0.292513
0.601684
-1.077378
0.228430
0.495077
-0.927414
-0.252304
0.403264
-0.907737
-0.501009
0.309167
-0.892130
-0.328235
0.239391
-0.539913
-0.003780
0.166863
-0.908737
-0.107863
0.061454
-1.213994
-0.783096
-0.053034
-1.085464
-0.291664
-0.162759
-0.989227
0.026132
-0.255507
-0.883167
-0.122261
-0.349283
-1.013044
-0.591505
-0.448765
-0.817892
-0.822786
-0.517806
-0.562668
-0.791651
-0.571272
-0.495267
-0.052662
-0.603627
-0.316126
-0.537294
-0.646606
-0.480731
0.075453
-0.701163
-0.511449
0.080603
-0.771817
-0.880733
0.670722
-0.848344
-0.509606
0.983931
-0.897499
-0.400350
1.284915
-0.934971
-0.250946
1.513847
-0.972447
-0.347169
0.498092
-1.000965
-0.198625
0.309766
-1.021265
-0.250063
0.129492
-1.039329
-0.323469
0.355895
-1.078195
-0.305319
0.608591
-1.091412
-0.052590
0.187240
-0.063152
1.350509
-1.026886
0.076436
1.175532
-1.126814
0.197586
1.070046
-1.357075
0.303352
0.755170
-1.319132
0.381683
0.815530
-1.606559
0.455051
0.553459
-1.697042
0.516848
0.526661
-2.157735
0.576469
0.480622
-1.776981
0.637071
0.572069
-1.815914
0.720705
0.816551
-1.887016
0.798572
0.525576
-1.930960
0.848084
0.333587
-1.919330
0.887679
0.315586
-1.609621
0.917020
0.051830
-1.027957
0.939957
0.186743
-0.473529
0.957257
0.109802
-0.950830
0.960375
-0.055303
-0.781989
0.960771
-0.036417
-1.346520
0.950361
-0.366394
-1.188481
0.905379
-0.624353
-0.848353
0.834854
-0.812237
-0.225457
0.762555
-0.734426
-0.676306
0.700031
-0.671761
0.113382
0.627912
-0.643875
-0.327026
0.569622
-0.641625
-0.705671
0.498461
-0.845581
0.133584
0.413275
-0.833767
0.320238
0.341279
-0.595573
-0.543612
0.262189
-0.915133
-0.903763
0.171120
-0.900230
-0.406026
0.086102
-0.824808
-0.270369
0.008739
-0.853695
0.271086
-0.082659
-0.980296
-0.804247
-0.166547
-0.778752
-0.426851
-0.234544
-0.598250
0.003509
-0.290442
-0.475427
-0.703084
-0.339145
-0.558410
-0.076335
-0.384056
-0.459643
0.406236
-0.434853
-0.436179
-0.210117
-0.482330
-0.441834
-0.690442
-0.531134
-0.590605
-1.099148
-0.595402
-0.746258
-0.857109
-0.663563
-0.646168
0.137685
-0.742726
-0.674145
-0.265001
-0.808709
-0.742736
0.012564
-0.872221
-0.648266
-0.465686
-0.929957
-0.492330
-0.359929
-0.967388
-0.375714
0.631340
-1.012338
-0.479257
0.528432
-1.057392
-0.343885
0.308622
-0.015168
0.959998
0.236064
0.076701
0.892679
-0.320003
0.181477
0.960349
-0.378185
0.281231
1.048068
-0.656325
0.380537
0.939904
-0.400136
0.464504
0.801484
-0.067355
0.569269
1.065445
-0.316525
0.672118
0.874824
-0.113975
0.770271
1.002798
-1.586179
0.886421
0.955419
-1.596397
0.981911
0.725366
-1.313465
1.045349
0.333972
-1.729846
1.079023
0.066633
-1.939670
1.076523
-0.254960
-1.670634
1.059364
-0.303863
-1.009453
1.041513
-0.122902
-1.050018
1.025224
-0.292636
-1.161689
0.999827
-0.363760
-0.869922
0.960539
-0.515516
-0.633120
0.903467
-0.621335
-0.333003
0.854462
-0.448763
-1.126406
0.806734
-0.678415
-0.891542
0.747464
-0.668259
-0.601954
0.666049
-0.987918
-0.569840
0.565905
-1.078150
-0.172627
0.478308
-0.807932
-0.499855
0.398657
-0.907010
-0.602041
0.321698
-0.801641
-0.527070
0.231380
-0.977859
-0.838984
0.130566
-1.059470
-0.457844
0.030313
-1.149167
-0.745316
-0.077324
-1.160632
-1.040910
-0.171693
-0.877691
-0.857859
-0.259895
-0.872476
-0.289264
-0.350345
-1.040044
0.319245
-0.445761
-0.883989
0.875776
-0.534372
-0.808711
1.736660
-0.623868
-0.877630
1.932514
-0.718080
-0.823538
1.968309
-0.809168
-0.787555
1.193572
-0.896252
-0.807147
1.003301
-0.965251
-0.463287
1.322353
-1.004857
-0.263536
1.352933
-1.041563
-0.207197
0.842485
-1.073166
-0.289455
0.577592
-1.134314
-0.669125
0.635704
-1.206758
-0.602649
1.186725
-1.259538
-0.277759
1.251944
-1.293793
-0.168274
1.397571
-1.310207
0.187992
1.097850
-0.136784
1.335884
-0.903701
0.011959
1.475582
-1.198314
0.156794
1.325946
-0.621349
0.289359
1.167428
0.204481
0.404195
1.118089
0.149045
0.509446
0.885745
0.143790
0.610763
1.082907
-0.227142
0.704578
0.877326
-0.407383
0.785462
0.799016
-0.994471
0.854966
0.466147
-1.121051
0.900715
0.276789
-1.431447
0.940054
0.257487
-1.465455
0.965612
0.134119
-0.973852
0.990768
0.209125
-1.198692
1.014345
0.124857
-1.496213
1.026429
0.044261
-1.707898
1.022071
-0.193783
-1.456567
0.989164
-0.465061
-1.672970
0.944940
-0.576965
-1.828549
0.877744
-0.846041
-1.462050
0.797028
-0.795163
-1.676079
0.726091
-0.622315
-0.587603
0.652611
-0.835158
-0.809346
0.576321
-0.791738
-0.274723
0.495443
-0.756083
0.311367
0.409456
-0.896107
1.001401
0.303911
-0.959554
0.535104
0.209715
-0.770334
0.847673
0.132440
-0.723565
0.621702
0.048712
-0.811310
0.883284
-0.028904
-0.662157
0.117694
-0.102152
-0.755991
-0.455664
-0.165282
-0.721488
-0.759073
-0.220211
-0.572879
-0.452658
-0.282331
-0.599924
0.065231
-0.335468
-0.481868
-0.020837
-0.392795
-0.638359
-0.425298
-0.443247
-0.283561
0.063797
-0.495237
-0.615391
0.054908
-0.562918
-0.775301
0.044244
-0.647970
-0.922643
-0.065326
-0.742679
-0.932865
0.775985
-0.843390
-1.017193
0.756495
-0.949015
-0.963687
0.727756
-1.041932
-0.727228
0.859212
-1.102266
-0.285842
0.928225
-1.135692
-0.303392
0.410985
-1.168659
-0.385414
0.296888
-1.214045
-0.386956
0.025446
-1.256309
-0.359034
0.528505
-0.109863
0.849781
0.717997
0.004624
1.375759
0.673320
0.148150
1.429249
0.486315
0.282157
1.305979
-0.191048
0.386790
0.886724
-0.807517
0.473751
0.770140
-0.490964
0.555333
0.802048
-0.270709
0.648848
0.882887
-0.264686
0.734793
0.738302
-0.020069
0.796195
0.645584
0.296675
0.848236
0.453578
-0.337849
0.888758
0.238950
-0.457391
0.916691
0.084638
-0.180362
0.924499
0.124178
-0.587013
0.941242
0.317929
0.122204
0.954934
-0.000360
0.004709
0.947223
-0.235803
-0.461530
0.925432
-0.165316
-0.548828
0.896658
-0.312327
-0.502787
0.862353
-0.469192
-0.586304
0.816760
-0.581010
-0.971920
0.765106
-0.562224
-1.194914
0.708680
-0.678792
-1.140818
0.642781
-0.767316
-0.911639
0.569110
-0.696698
0.087424
0.490703
-0.768526
-0.361573
0.410494
-0.738177
0.361561
0.326688
-0.738010
0.462870
0.237075
-1.014988
0.032751
0.141847
-0.750778
0.052292
0.056426
-0.938311
0.556801
-0.055737
-1.079004
1.521311
-0.180410
-1.046465
1.676624
-0.293594
-1.054675
0.896456
-0.400954
-1.190516
0.651011
-0.515419
-0.857690
0.654476
-0.606342
-0.801472
0.758014
-0.678883
-0.519410
0.380675
-0.721862
-0.353412
0.852145
-0.760266
-0.354835
0.840287
-0.797845
-0.384381
0.271687
-0.842718
-0.376911
0.655503
-0.890580
-0.462056
0.421018
-0.939516
-0.452882
1.123197
-0.983500
-0.332770
0.704309
-1.017678
-0.269129
0.592942
-1.050123
-0.355969
0.501124
-1.089808
-0.374696
-0.107625
-1.113193
-0.201730
-0.330531
-1.140316
-0.350802
-0.145330
-0.159758
1.479238
-1.795651
-0.007869
1.172125
-1.962372
0.130682
1.261778
-1.200328
0.261341
1.244304
-1.008728
0.384314
0.959426
-0.440463
0.492634
1.035255
0.115679
0.589645
0.838572
-0.302254
0.681646
1.050071
-0.836849
0.799327
0.958558
-0.917644
0.879817
0.582776
-0.938023
0.946217
0.454774
-0.300612
0.992719
0.343246
-0.807101
1.022103
0.201758
-0.812245
1.034158
0.088213
-0.607350
1.046664
0.022155
-0.228342
1.042165
-0.076141
0.135861
1.027227
-0.326444
-0.405978
0.992475
-0.446556
-0.104732
0.935760
-0.750984
0.157275
0.871108
-0.694506
0.119156
0.801919
-0.658937
0.585381
0.740246
-0.522177
1.018092
0.696681
-0.289952
0.703932
0.669861
-0.299813
0.079577
0.637445
-0.387427
0.206484
0.578775
-0.645845
-0.295381
0.511496
-0.701714
-0.664948
0.439481
-0.766432
-0.856995
0.359654
-0.836395
-1.404223
0.267324
-1.082449
-2.165734
0.154140
-1.191037
-1.926896
0.040398
-1.349771
-0.651988
-0.072826
-1.055655
0.038019
-0.170480
-0.925144
0.072019
-0.268859
-0.949661
1.102724
-0.378108
-1.001971
0.861056
-0.465885
-0.834658
1.499876
-0.547316
-0.724615
0.875727
-0.629043
-0.873881
0.919697
-0.715814
-0.732166
1.126334
-0.795989
-0.693681
0.674651
-0.859736
-0.479805
0.627631
-0.904733
-0.341507
0.625651
-0.944092
-0.473042
-0.217771
-0.983925
-0.348436
0.050025
-1.003765
-0.060258
-0.470536
-1.005874
-0.087129
0.172019
-1.023218
-0.082491
0.018187
-1.031548
-0.078499
0.588838
-1.048178
-0.208656
0.741196
0.041209
0.904322
-0.287750
0.135490
0.983253
-0.466305
0.244680
1.033562
-0.672353
0.347228
0.887075
-1.483569
0.444190
0.996071
-1.116458
0.541857
0.828615
-0.681164
0.630513
0.940587
-0.673716
0.730068
0.944833
-0.976835
0.835142
0.894616
-0.793585
0.922066
0.662187
-1.057735
0.994399
0.644966
-1.018460
1.049933
0.324885
-0.646917
1.063084
-0.116355
-0.341068
1.055808
-0.214347
0.236852
1.044518
-0.310901
-0.303086
0.992168
-0.641169
0.098521
0.926138
-0.692929
0.393761
0.850372
-0.660443
0.357564
0.797738
-0.391468
-0.136766
0.766213
-0.367633
-0.050214
0.735398
-0.423112
-0.982024
0.682939
-0.774850
-1.165374
0.611383
-0.704951
-0.622697
0.540289
-0.772757
-0.453694
0.466215
-0.811560
-0.545330
0.398044
-0.536167
-0.645990
0.332399
-0.873709
-0.541994
0.236066
-0.917803
0.054078
0.142128
-0.879567
0.498821
0.039389
-0.944756
-0.105096
-0.055573
-0.859778
0.178343
-0.140343
-0.807542
-0.598125
-0.226639
-0.971362
-0.442198
-0.323436
-1.011830
-0.322269
-0.410879
-0.958156
-0.913401
-0.500934
-0.927338
-0.492825
-0.569982
-0.631584
-0.042365
-0.633031
-0.752808
0.486663
-0.696075
-0.607847
-0.123811
-0.759627
-0.623394
0.068784
-0.815691
-0.369460
-0.449310
-0.841471
-0.306636
-0.413504
-0.857692
-0.211670
-0.797636
-0.854612
0.100874
-0.602975
-0.855752
-0.138629
-0.358807
-0.867301
-0.203056
-0.569594
-0.904911
-0.462387
-0.163998
-0.955032
-0.405168
-0.228692
-0.990414
-0.406319
-0.312223
-1.025820
-0.386693
0.471208
-0.115707
1.043682
0.026334
-0.004840
1.046190
-0.324029
0.112374
1.176255
-0.687138
0.226689
1.033469
-1.544653
0.359382
1.433894
-1.576501
0.514795
1.461724
-1.908434
0.657658
1.138270
-2.585949
0.770318
0.854847
-1.911709
0.851838
0.620933
-0.854973
0.916431
0.465254
-1.023468
0.950860
0.151242
-1.295641
0.974267
-0.070815
-0.892465
0.980361
0.003260
-0.408155
0.992316
0.137405
-0.223534
0.989172
-0.109941
-0.363037
0.985737
0.056255
-0.050532
0.988903
0.134915
-0.302005
0.999800
-0.091397
0.143582
0.997659
0.022300
-0.982865
0.998486
-0.224162
-0.822953
0.954464
-0.751903
-0.992257
0.881342
-0.803183
-1.377003
0.792884
-1.003793
-1.720999
0.699326
-1.109254
-1.135883
0.587306
-1.141034
-1.287110
0.482621
-1.068411
-0.779356
0.380433
-1.018756
-0.647817
0.287705
-0.877363
-0.759282
0.201830
-0.917808
-0.703668
0.110156
-0.886598
-0.373646
0.014122
-0.911649
-0.000682
-0.075319
-0.962419
0.273569
-0.159847
-0.724191
0.461322
-0.245871
-0.915445
0.102471
-0.338345
-0.993701
0.169361
-0.445673
-0.959226
-0.006199
-0.548339
-1.047183
0.602991
-0.644214
-0.725360
0.531088
-0.706293
-0.502828
0.810787
-0.753283
-0.525918
0.323599
-0.805008
-0.435395
1.470071
-0.858013
-0.449736
0.388165
-0.914958
-0.571640
0.909942
-0.975270
-0.585684
0.812936
-1.029006
-0.357136
0.937121
-1.067168
-0.215663
1.009034
-1.068201
0.255473
0.616958
-1.044640
0.298415
-0.072924
-1.032865
-0.189900
-0.361503
-1.039044
-0.140625
-0.920902
-0.072221
1.074639
-0.043070
0.042570
1.064524
0.559151
0.147213
1.075956
0.166272
0.264237
1.184610
0.302938
0.389784
1.427903
0.478077
0.529615
1.139129
0.488666
0.625918
0.864545
-0.281154
0.720264
0.927328
-0.086673
0.806323
0.727993
-0.464020
0.873512
0.479081
-0.807137
0.923505
0.403623
-1.017191
0.975422
0.319694
-1.414693
0.996600
-0.064845
-1.532349
0.984299
-0.210554
-1.593724
0.981983
0.014123
-1.576039
0.978446
-0.271781
-1.831713
0.950428
-0.510473
-1.601711
0.908042
-0.605845
-1.628171
0.864213
-0.577510
-0.983052
0.809465
-0.638442
-1.093899
0.754791
-0.597405
-1.247873
0.696014
-0.544514
-0.883279
0.638847
-0.704389
-0.743351
0.581150
-0.562605
-0.131658
0.521078
-0.654270
-0.056529
0.439474
-0.919095
0.479420
0.350397
-0.804262
1.025713
0.257493
-0.853870
0.737329
0.173967
-0.874681
1.269484
0.094601
-0.709723
1.030783
0.024975
-0.620288
1.647727
-0.050930
-0.704846
1.394293
-0.123371
-0.545292
0.639247
-0.194618
-0.688821
-0.085633
-0.262976
-0.823321
-0.524945
-0.355743
-0.863467
0.121978
-0.440569
-0.721538
-0.295722
-0.521704
-0.856740
-0.414407
-0.608893
-0.808884
-0.605746
-0.687216
-0.702522
-0.271648
-0.747436
-0.560627
-0.128304
-0.809008
-0.549248
-0.266312
-0.866373
-0.517518
-0.842778
-0.917905
-0.558192
-0.182065
-0.977533
-0.443665
-0.451131
-1.020721
-0.619503
0.006877
-1.084818
-0.678982
0.179171
-1.138355
-0.493600
0.298575
-1.177547
-0.375954
0.599540
-1.218702
-0.372785
1.206561
0.043003
1.641091
-2.845932
0.205930
1.316357
-1.643818
0.347003
1.117404
-2.190824
0.464060
1.045149
-2.171804
0.575539
1.117425
-2.221335
0.683788
0.878054
-2.359644
0.781766
0.768991
-1.462493
0.859152
0.694995
-1.545045
0.919041
0.419424
-2.091794
0.982037
0.517344
-1.770315
1.034524
0.229049
-1.570437
1.053468
-0.100783
-1.998003
1.044509
-0.280608
-1.092587
1.029971
-0.229692
-1.603470
1.019637
-0.225042
-1.620762
1.004068
-0.212129
-2.564420
0.987643
-0.214152
-1.971823
0.963934
-0.607626
-1.601837
0.891291
-0.905473
-0.941610
0.811441
-0.610763
-0.908411
0.756734
-0.610803
-0.750837
0.698293
-0.539424
-0.822096
0.640276
-0.547274
-1.169552
0.604072
-0.284377
-0.839152
0.575953
-0.289112
-1.067365
0.536393
-0.518046
-0.638336
0.472257
-0.714688
-1.314021
0.406322
-0.743129
-1.100592
0.332301
-0.828834
-1.687577
0.248994
-0.909694
-1.402957
0.159418
-1.016542
-0.834747
0.050023
-1.100657
-0.059041
-0.074619
-1.266361
0.125616
-0.199503
-1.136577
0.150242
-0.316473
-1.151241
0.373979
-0.417895
-0.798850
1.033257
-0.504515
-0.747124
0.687698
-0.590386
-0.790499
0.003310
-0.673838
-0.899394
0.503480
-0.767186
-0.824823
0.477543
-0.850257
-0.706641
0.228586
-0.916576
-0.655888
0.635137
-0.997991
-0.700267
0.931080
-1.070462
-0.517567
1.314921
-1.109026
-0.200154
1.264134
-1.119656
0.072101
0.903249
-1.107507
0.399096
0.487915
-1.065618
0.482885
1.268758
-1.018751
0.432142
0.846623
-0.990568
0.324546
0.953261
-0.256690
1.671460
-0.983182
-0.088303
1.494300
-0.894541
0.055685
1.232954
-1.075038
0.193533
1.256024
-0.471815
0.316536
1.226786
-1.036866
0.453351
1.265548
-1.174913
0.577833
1.049702
-1.097620
0.687172
0.969584
-1.489625
0.793533
0.819404
-1.910820
0.891394
0.942117
-1.837574
0.972125
0.448462
-1.990633
1.014465
0.183315
-2.273303
1.018091
-0.186794
-1.611541
1.017400
-0.093617
-0.922378
0.998074
-0.170585
0.094428
0.985367
-0.069846
-0.369288
0.971055
-0.250321
-0.428523
0.942336
-0.359250
-0.897177
0.891191
-0.705883
-0.722378
0.834594
-0.527204
-0.941336
0.780408
-0.542138
-1.201328
0.732650
-0.409362
-1.595151
0.682698
-0.632636
-0.637576
0.606630
-0.843705
-0.772951
0.518115
-0.901994
0.065124
0.436201
-0.776352
-0.053024
0.355521
-0.836618
0.504530
0.258520
-0.967848
0.868590
0.170627
-0.725140
1.279298
0.098228
-0.709953
1.128035
0.014584
-0.798684
1.015750
-0.073286
-0.875232
0.368690
-0.178250
-1.063227
0.671749
-0.302600
-1.191756
1.013046
-0.426510
-1.025634
1.684272
-0.527288
-0.813115
2.276635
-0.609277
-0.543790
1.902218
-0.671290
-0.390483
1.841696
-0.703112
-0.259110
1.793900
-0.736834
-0.281990
0.796371
-0.761200
-0.203183
-0.042389
-0.779053
-0.074463
0.712840
-0.802167
-0.179413
0.881584
-0.816597
-0.174840
0.977385
-0.843544
-0.193399
0.913978
-0.866186
-0.158205
1.044784
-0.876252
-0.028496
-0.029972
-0.883422
-0.064195
-0.383347
-0.879162
-0.010406
-0.136127
-0.866364
0.179199
0.298939
0.060337
1.029434
-1.862933
0.180946
1.049932
-1.735841
0.281035
0.760546
-0.979001
0.359661
0.693786
-0.612068
0.435888
0.652681
-0.794326
0.502048
0.550990
-0.302577
0.558210
0.517402
0.378967
0.603962
0.574672
0.758578
0.665924
0.803765
0.211963
0.732511
0.648040
0.277324
0.787457
0.455008
-0.255366
0.826081
0.208108
-0.595488
0.849567
0.088476
-0.484886
0.864840
0.144327
-1.565704
0.882491
-0.065050
-1.877505
0.877808
-0.018381
-1.777451
0.879220
-0.100130
-1.847129
0.885945
-0.004096
-2.051231
0.883876
-0.278158
-2.024846
0.867518
-0.249960
-1.957849
0.844954
-0.386325
-1.950629
0.800849
-0.562630
-1.505532
0.730030
-0.864445
-1.312182
0.645958
-0.997886
-1.448260
0.561805
-0.850236
-0.982674
0.480641
-0.889383
-0.109286
0.372111
-1.160064
0.655169
0.237670
-1.309089
0.695083
0.123026
-1.136946
0.360689
0.001477
-1.005892
0.390833
-0.089646
-0.871105
0.119509
-0.196807
-1.129429
0.025313
-0.321234
-1.189541
1.003624
-0.431738
-1.069168
1.158852
-0.532012
-0.836688
0.967032
-0.612760
-0.589936
0.965180
-0.666735
-0.329068
0.496630
-0.713962
-0.520967
-0.023802
-0.762811
-0.411190
0.049363
-0.800989
-0.381607
-0.093513
-0.829820
-0.259644
0.300858
-0.855361
-0.186670
0.009861
-0.880782
-0.185414
0.033705
-0.909203
-0.245045
0.379236
-0.928394
-0.085813
-0.451136
-0.939414
-0.059834
-0.937646
-0.939013
0.042188
-1.301287
-0.926121
-0.074824
-1.024372
-0.936301
-0.126125
-1.161417
-0.973379
-0.558127
-1.043622
-0.139835
0.978504
-0.488537
-0.040018
0.948827
-0.891282
0.074639
1.123031
-0.510669
0.193467
1.100312
-0.822090
0.300029
0.991210
-0.762499
0.407205
1.062568
-0.341663
0.496276
0.726546
-0.014223
0.569400
0.738435
0.457876
0.640311
0.824765
0.371505
0.728478
0.885789
-0.810211
0.807920
0.618484
-0.780225
0.859168
0.317416
-1.514316
0.881950
0.171286
-1.356638
0.905274
0.076616
-1.311366
0.917943
0.101709
-1.338128
0.927825
-0.062343
-1.693248
0.936587
0.023296
-1.888004
0.942946
-0.149605
-1.151075
0.923870
-0.349853
-0.904697
0.882336
-0.485247
-1.195266
0.842934
-0.582843
-0.532044
0.789283
-0.562857
-0.917581
0.734934
-0.567768
-0.000305
0.676891
-0.463465
-0.128680
0.603207
-0.699967
-0.301894
0.523192
-0.834915
0.076498
0.427504
-1.048190
-0.009845
0.323901
-0.994545
-0.175199
0.221129
-0.956724
0.338313
0.132535
-0.710182
0.507222
0.043171
-0.964036
0.557732
-0.062002
-1.082666
0.273981
-0.169091
-0.959382
0.215285
-0.262071
-0.913884
-0.069610
-0.354391
-0.890424
-0.079873
-0.432962
-0.654382
-0.241018
-0.498344
-0.638183
0.252306
-0.563311
-0.752339
-0.158846
-0.642139
-0.742429
-0.343433
-0.704668
-0.763019
-0.583199
-0.766949
-0.643749
-1.388134
-0.839438
-0.842752
-0.085770
-0.905281
-0.504640
0.507073
-0.950471
-0.428028
0.091512
-0.991186
-0.269208
-0.187926
-1.017930
-0.223723
-0.574744
-1.028353
-0.273241
0.152561
-1.057513
-0.181508
0.289403
-1.083640
-0.326199
-0.622629
-1.103114
-0.188665
-0.899621
0.146046
0.629556
-0.804495
0.220243
0.650079
-0.100451
0.290177
0.573163
0.083878
0.366522
0.954966
0.560815
0.456703
0.973125
-0.251318
0.563715
0.894322
-0.430216
0.669195
0.983314
-0.872248
0.768340
0.946178
-1.269490
0.856102
0.723331
-1.712563
0.922160
0.440181
-1.671241
0.965433
0.175726
-1.828374
0.985554
0.145834
-1.515000
1.019013
0.194999
-0.987266
1.046832
0.080264
-1.180125
1.060720
0.015741
-1.233631
1.074040
-0.046096
-1.142666
1.081476
-0.069121
-1.119812
1.069635
-0.321548
-1.403996
1.050207
-0.304401
-1.869458
0.998366
-0.746713
-0.985780
0.916512
-1.001945
-0.934651
0.816250
-1.110441
-0.575484
0.704683
-0.923227
-0.468781
0.598508
-1.025663
-0.781420
0.514935
-0.853260
0.057399
0.434349
-0.767164
-0.008691
0.337348
-1.066094
-0.505700
0.242939
-0.912677
-0.621992
0.155795
-0.769198
0.341798
0.072110
-0.735843
0.029346
-0.000311
-0.598874
-0.233735
-0.056327
-0.655202
-0.914564
-0.117833
-0.603837
-0.751139
-0.183711
-0.765134
-0.919584
-0.259018
-0.780089
-1.294362
-0.340425
-0.838573
-0.866380
-0.407864
-0.726938
-0.954746
-0.455266
-0.457685
-1.092907
-0.494513
-0.283750
-1.453279
-0.522220
-0.453356
-0.745868
-0.567868
-0.507445
-1.238499
-0.624925
-0.766208
-1.238237
-0.698496
-0.898482
-0.818907
-0.787512
-0.926679
-0.584628
-0.883109
-0.996965
-0.293698
-0.988337
-1.199925
-0.178209
-1.110257
-1.240602
-0.212235
-1.226014
-1.180968
-0.128862
-1.365226
-1.392101
-0.376719
-1.496101
-1.386067
-0.472580
-0.154748
1.623299
-0.223465
0.016923
1.638678
-0.135802
0.172687
1.368430
-0.526115
0.294864
1.218694
-0.357144
0.414234
1.087874
-0.936821
0.518074
0.853026
-1.356149
0.610984
0.893325
-1.178455
0.707294
0.646513
-1.718517
0.767717
0.456879
-0.768629
0.804006
0.230167
-1.343661
0.835896
0.230008
-2.001085
0.859092
0.119681
-1.154250
0.897168
0.266708
-0.932497
0.933739
0.351477
-1.038719
0.967145
0.197770
-1.329740
0.989380
0.207196
-1.509618
1.009870
0.115246
-1.937403
1.010401
-0.334635
-1.693499
1.003460
-0.196776
-0.672820
0.984610
-0.300970
-1.473784
0.948295
-0.585872
-1.310677
0.891112
-0.687713
-1.058102
0.809879
-0.918678
-0.440181
0.728191
-0.688441
-0.962086
0.647563
-0.988961
-1.471750
0.547422
-1.095544
-0.807369
0.456185
-0.859583
-1.188845
0.365693
-0.860420
-0.418823
0.278007
-0.903046
-0.400079
0.188985
-0.761818
0.189142
0.097417
-0.925598
0.064497
-0.000189
-1.003767
-0.179575
-0.086222
-0.825162
1.093690
-0.182152
-0.865300
-0.214369
-0.261432
-0.768201
0.069850
-0.349097
-0.780002
-0.336133
-0.426053
-0.745855
-0.244769
-0.501271
-0.838796
-0.154377
-0.583299
-0.798990
0.154588
-0.657469
-0.711011
0.537397
-0.726372
-0.595392
0.154050
-0.791626
-0.607164
0.481107
-0.859841
-0.707465
0.487387
-0.939499
-0.742404
0.712655
-1.019102
-0.710446
1.071906
-1.104782
-0.821971
0.999484
-1.177110
-0.431101
2.105692
-1.231180
-0.362137
2.548867
-1.252626
-0.004265
2.097380
-1.252959
0.326106
1.845429
-0.001053
1.008368
-0.018324
0.108995
1.099795
-0.604589
0.216897
1.017602
-0.590262
0.309854
0.918809
-0.493665
0.389120
0.697587
0.019999
0.471007
0.788663
-0.290122
0.558587
0.716084
-1.155856
0.643991
0.774267
-1.251650
0.724853
0.832905
-1.278659
0.798812
0.574644
-0.507854
0.861307
0.563898
-0.962666
0.925323
0.539813
-0.847075
0.966597
0.282987
-0.661775
0.983736
-0.053481
-0.995382
0.976757
-0.247135
-1.021109
0.961015
-0.171139
-0.649913
0.932681
-0.357757
-0.054835
0.891412
-0.512824
-0.204230
0.849229
-0.371458
0.071460
0.812241
-0.416955
-0.842479
0.772759
-0.308752
-1.315438
0.738020
-0.491858
-1.375169
0.707290
-0.409407
-0.995330
0.668284
-0.538094
-1.343892
0.602201
-0.765595
-1.161315
0.519414
-0.943294
-1.468681
0.422373
-1.013899
-1.442082
0.323132
-1.087593
-1.099442
0.218996
-1.108029
-0.519484
0.115644
-1.048583
-0.157647
0.011504
-0.961068
-0.209070
-0.079695
-0.901313
0.338856
-0.155105
-0.686590
0.117894
-0.223373
-0.637729
0.443728
-0.292655
-0.666465
0.563267
-0.372657
-0.815362
0.247801
-0.457052
-0.910133
0.662737
-0.546882
-0.924202
0.605764
-0.633659
-0.633012
1.032781
-0.712382
-0.827975
0.223662
-0.773746
-0.296202
0.182504
-0.811576
-0.467960
0.289912
-0.853107
-0.270818
0.124100
-0.894481
-0.467708
-0.629617
-0.938260
-0.413037
-0.185253
-0.982777
-0.457008
-0.453899
-1.030418
-0.558248
-0.645709
-1.087761
-0.660101
-0.702623
-1.131845
-0.378379
-0.077139
-1.169219
-0.329838
-0.093975
0.016587
1.310293
-0.845646
0.159298
1.474366
-0.824689
0.304699
1.256726
-0.667308
0.421980
1.106747
-0.630095
0.522548
0.857535
-1.468035
0.615195
0.844196
-1.423527
0.697314
0.717147
-1.180843
0.759532
0.415128
-1.639244
0.802167
0.322567
-1.195130
0.849091
0.361535
-1.195174
0.880235
0.224834
-1.078685
0.902061
0.089892
-0.746431
0.910447
0.008798
-0.767734
0.930997
0.331386
-0.899604
0.965484
0.191775
-1.082390
0.976592
-0.058012
-1.007067
0.958859
-0.433756
-0.884437
0.914459
-0.421732
-0.492610
0.867089
-0.568935
0.367048
0.798856
-0.753462
0.176563
0.717466
-0.683382
-0.104884
0.662084
-0.330390
-0.260037
0.620822
-0.503144
-0.149869
0.589247
-0.247259
-0.611951
0.556531
-0.436411
-0.391086
0.517649
-0.208233
-0.638858
0.487258
-0.316549
-0.274007
0.439236
-0.761112
-0.320138
0.370404
-0.542943
-0.149782
0.301854
-0.846371
0.089902
0.203881
-1.125438
0.243625
0.098778
-0.995464
0.394262
-0.007560
-1.109598
0.559451
-0.113822
-0.968219
1.121259
-0.230330
-1.069702
1.395293
-0.355269
-1.012526
1.228144
-0.443097
-0.699732
0.966726
-0.530491
-0.920119
0.717897
-0.632303
-1.078825
0.785675
-0.744195
-0.982483
1.331883
-0.847879
-0.907124
1.008589
-0.930698
-0.663914
0.616410
-0.996637
-0.668958
1.340135
-1.072504
-0.696743
1.263835
-1.144585
-0.536002
1.499979
-1.203779
-0.363878
1.638375
-1.227048
0.029345
1.205305
-1.241192
-0.132421
1.586734
-1.262021
-0.004414
2.212791
-1.270356
0.074398
2.133125
0.209678
0.269624
0.275127
0.231811
0.242180
0.001199
0.263340
0.380020
0.341210
0.299201
0.484287
0.113871
0.351577
0.560391
0.463061
0.408943
0.666359
-0.011183
0.485692
0.697407
-1.075108
0.568869
0.806976
-1.337902
0.645984
0.709237
-1.059304
0.724315
0.706080
-1.338024
0.809996
0.790689
-1.700001
0.882887
0.510152
-1.574039
0.917607
0.140270
-1.454291
0.931912
-0.087569
-1.012282
0.929587
-0.155489
-0.526627
0.903703
-0.239570
-0.507764
0.874366
-0.308688
-0.302428
0.850175
-0.201711
-0.102451
0.832422
-0.149694
-0.024058
0.813991
-0.257466
0.052514
0.789332
-0.320687
-0.254935
0.751334
-0.496062
-0.584287
0.708105
-0.536228
-0.243615
0.644054
-0.796380
-0.210565
0.548828
-0.804654
0.043001
0.466580
-0.910441
0.564891
0.365557
-0.916013
0.104172
0.263445
-1.125366
-0.264822
0.142324
-1.259087
-0.903851
0.040205
-0.870476
-0.455164
-0.045181
-0.875631
0.410021
-0.141074
-0.913649
0.268991
-0.241576
-0.924530
0.051264
-0.337494
-0.936514
0.214202
-0.422296
-0.742634
0.524713
-0.486540
-0.669651
0.253780
-0.566438
-0.826093
1.090144
-0.644954
-0.645250
0.541573
-0.717912
-0.712768
0.137777
-0.774098
-0.435803
0.492007
-0.819878
-0.332137
0.408967
-0.850103
-0.204825
0.575795
-0.884015
-0.421459
0.947636
-0.920507
-0.169838
1.457920
-0.941767
-0.208572
1.533729
-0.971072
-0.062341
1.356180
-0.981173
-0.175758
1.685784
-0.992498
0.159073
1.328023
-0.957735
0.484243
1.195725
-0.929716
0.353396
0.463076
-0.131153
1.421210
-0.258168
-0.002923
1.306349
-0.290927
0.129596
1.295204
-0.521072
0.261726
1.203924
-0.657351
0.387280
1.175606
-0.671588
0.508847
1.132398
-0.947610
0.625483
0.992373
-1.150475
0.725948
0.902861
-1.121681
0.826919
0.799582
-1.244155
0.922329
0.827401
-1.286480
1.003631
0.624424
-1.364977
1.057799
0.362654
-1.784554
1.102840
0.228124
-1.148924
1.136656
0.091691
-0.970883
1.145229
0.035876
-0.836765
1.145879
-0.058469
-0.601135
1.127364
-0.272136
-0.060007
1.105107
-0.285906
0.120045
1.081015
-0.245090
0.368711
1.055833
-0.282062
0.592164
1.011751
-0.643770
0.323842
0.942847
-0.704916
1.030336
0.875947
-0.381335
1.183747
0.820971
-0.544498
0.824171
0.748014
-0.911655
0.136086
0.645238
-1.034138
0.145178
0.550107
-0.850901
0.325548
0.466612
-0.846672
-0.006016
0.386336
-0.733421
0.261566
0.296498
-1.082689
0.976405
0.177433
-1.113882
0.805955
0.060219
-1.287178
0.594292
-0.061505
-1.060817
0.961180
-0.175871
-1.163722
0.902796
-0.302368
-1.131996
0.696009
-0.431697
-1.313852
0.822741
-0.541129
-0.740057
0.937222
-0.627418
-0.792583
1.074503
-0.702604
-0.605959
1.183434
-0.759319
-0.315997
1.515041
-0.815246
-0.537611
1.467421
-0.875474
-0.485561
1.161886
-0.924619
-0.414936
1.781077
-0.986981
-0.555437
1.216774
-1.039648
-0.282796
2.071723
-1.063824
0.101163
1.541013
-1.057327
0.131928
1.716174
-1.033528
0.572881
2.055143
-0.980025
0.647606
2.349890
-0.910760
0.861012
1.851251
-0.142357
1.795463
-0.155978
0.022310
1.578231
-1.019069
0.178851
1.382672
-1.492879
0.320322
1.287349
-1.336407
0.446995
0.999506
-1.596102
0.546099
0.678774
-1.313789
0.617542
0.581877
-1.247689
0.681074
0.523263
-0.870100
0.743394
0.487912
-1.051880
0.792212
0.351584
-1.065443
0.842602
0.422562
-1.185294
0.884278
0.268760
-0.917016
0.918701
0.326908
-0.489910
0.957873
0.279262
-0.909226
0.976800
0.027883
-1.246929
0.968998
-0.353544
-1.474989
0.946295
-0.267296
-1.726736
0.924358
-0.302644
-1.902631
0.902169
-0.278997
-2.742543
0.884746
-0.357419
-2.897837
0.853703
-0.575344
-2.392596
0.799508
-0.682643
-1.385689
0.732774
-0.844239
-1.178227
0.648450
-0.910617
-0.346543
0.550973
-1.021208
-0.691690
0.446674
-1.167000
-0.299839
0.350843
-0.814059
-0.824803
0.266719
-0.856266
-0.614527
0.178261
-0.965775
-0.602187
0.089189
-0.858550
0.045132
-0.012174
-0.946529
-0.484857
-0.089609
-0.788946
-0.327203
-0.167772
-0.709231
-0.554408
-0.243392
-0.697482
0.144324
-0.301248
-0.588216
-0.456600
-0.366076
-0.652001
-0.273792
-0.434888
-0.634045
-0.488467
-0.503342
-0.620639
-0.265688
-0.576749
-0.774859
-0.179710
-0.644893
-0.704004
-0.172115
-0.712046
-0.665335
0.626159
-0.768872
-0.436219
-0.390233
-0.801513
-0.323180
-0.786549
-0.839463
-0.518062
-0.594031
-0.889302
-0.522758
-0.639312
-0.942112
-0.520381
-0.127306
-1.003776
-0.544465
-0.676291
-1.057849
-0.584694
-0.507022
-1.124215
-0.797930
-0.172455
-1.215912
-1.016176
-0.296728
0.073995
1.034309
-1.505673
0.168442
0.823328
-1.344014
0.271788
0.941807
-1.384781
0.369766
0.880647
-1.619026
0.451846
0.801124
-1.403481
0.548321
0.843240
-0.861312
0.634749
0.910309
-0.273841
0.727591
0.770760
-0.724364
0.808637
0.762794
-0.837515
0.874719
0.519483
-1.058108
0.922565
0.413101
-0.380056
0.966981
0.213327
-0.758661
0.996552
0.122315
-0.853110
1.008087
-0.000259
-0.609929
1.017552
-0.023004
-0.651137
1.017513
-0.009374
-0.297571
1.005688
-0.284764
-0.575494
0.961477
-0.628875
-0.502046
0.883377
-0.859257
-0.830282
0.795606
-1.149784
-0.331646
0.678259
-1.117808
-0.379095
0.580328
-0.919476
0.558035
0.486112
-0.833573
0.849668
0.402125
-0.655039
0.390138
0.336287
-0.640081
-0.400082
0.279996
-0.610421
0.216023
0.218749
-0.520614
0.448163
0.159652
-0.576984
-0.131442
0.098398
-0.573280
-0.140605
0.026492
-0.742754
-0.328666
-0.052698
-0.706565
0.579521
-0.122446
-0.692931
-0.069894
-0.187333
-0.551704
-0.158951
-0.247989
-0.627888
-0.309480
-0.315948
-0.772520
-0.698780
-0.396690
-0.844609
-0.410713
-0.488264
-0.855311
-0.151558
-0.575259
-0.762119
0.582747
-0.643053
-0.676597
1.153004
-0.718247
-0.634130
1.336549
-0.784158
-0.540160
1.052814
-0.844075
-0.486037
0.741279
-0.880098
-0.275696
0.710631
-0.908645
-0.111578
0.977755
-0.929464
-0.211076
0.384638
-0.956711
-0.277528
0.091343
-0.997752
-0.599456
0.414871
-1.046930
-0.298030
0.424822
-1.069567
-0.220199
-0.359053
-1.087938
-0.220472
-0.211576
-0.092760
0.974871
0.562773
0.013478
1.120817
0.353030
0.116287
0.931201
0.368767
0.228344
1.238209
0.246423
0.347849
1.059327
0.018429
0.466372
1.220588
-0.285436
0.576535
0.949391
-0.555414
0.656396
0.563724
-0.212700
0.722814
0.780871
-0.547350
0.799295
0.698344
-0.050424
0.849370
0.187293
-0.499621
0.860189
-0.099453
-0.366125
0.856206
-0.045459
-0.515591
0.841874
-0.337552
-0.240120
0.807399
-0.271001
0.172172
0.783100
-0.116217
0.335263
0.777888
0.051652
0.222435
0.782237
-0.006967
-0.103930
0.772436
-0.023841
-0.573242
0.766643
0.027638
0.144635
0.757336
-0.237367
0.082485
0.738365
-0.242987
-0.168241
0.708316
-0.283511
-0.022308
0.666600
-0.476297
-0.524524
0.597434
-0.754884
-0.675038
0.507700
-0.782720
-0.320277
0.430511
-0.790297
-0.751174
0.346357
-0.884911
-0.474397
0.264016
-0.820139
-0.002908
0.177977
-0.967744
0.311928
0.068792
-0.992335
0.370992
-0.042011
-1.168380
0.316853
-0.156869
-1.037434
0.262926
-0.245469
-0.840338
-0.182730
-0.344549
-1.113597
-0.132081
-0.447637
-1.028890
0.726040
-0.549488
-0.921739
1.351221
-0.641427
-0.583071
1.232883
-0.707764
-0.464043
0.999036
-0.760402
-0.456279
0.932381
-0.811838
-0.516620
1.069343
-0.847308
-0.170923
1.771737
-0.882585
-0.356460
1.598425
-0.924437
-0.261283
1.341222
-0.949949
-0.130435
0.937795
-0.954164
0.116137
1.109043
-0.943758
0.273724
1.054139
-0.910832
0.257204
0.757562
-0.884163
0.350774
0.562059
-0.841687
0.386575
0.123349
0.050796
0.748929
-0.514734
0.130016
0.822645
-0.650460
0.219021
0.792968
-0.962890
0.309462
0.911690
-0.650660
0.407241
0.920959
-0.817762
0.500095
0.775459
-1.246372
0.563654
0.612728
-1.689020
0.617250
0.121022
-0.612120
0.645249
0.117465
-1.121342
0.674735
0.229894
-1.023972
0.716922
0.333379
-1.039566
0.758417
0.443925
-0.873835
0.798193
0.322872
-0.944944
0.822099
0.093166
-1.515613
0.832949
0.144378
-1.631893
0.848581
-0.079403
-1.110393
0.844530
0.010353
-1.428904
0.847735
-0.094233
-1.695373
0.852550
-0.095678
-1.286557
0.851144
-0.043426
-1.329225
0.839264
-0.357178
-1.264712
0.807077
-0.375471
-1.689696
0.760848
-0.679618
-1.377998
0.682250
-0.869375
-0.921404
0.603924
-0.798613
-1.120760
0.530710
-0.882994
-1.464393
0.446336
-1.084864
-1.441889
0.339323
-1.177648
-0.918701
0.219046
-1.206732
-0.712338
0.101528
-1.010570
-0.522459
0.019367
-0.779816
0.074778
-0.062023
-0.749760
0.360747
-0.138306
-0.831869
-0.225188
-0.218669
-0.793519
-0.553693
-0.288273
-0.655165
-0.246858
-0.354948
-0.672607
0.195800
-0.430672
-0.622867
-0.128877
-0.486549
-0.533879
1.073015
-0.546465
-0.477077
0.281043
-0.608313
-0.679202
0.847598
-0.687990
-0.698275
0.450539
-0.749396
-0.494819
0.723023
-0.813123
-0.525509
0.894865
-0.880743
-0.666966
0.729832
-0.952626
-0.649694
0.631858
-1.023024
-0.540103
1.104717
-1.083473
-0.438707
1.083000
-1.127233
-0.521954
0.862045
-1.172550
-0.286267
0.947801
-1.213071
-0.367504
2.033189
-0.133260
1.115575
-0.674374
-0.002828
1.116370
-0.775186
0.138368
1.373222
-1.021481
0.280004
1.249843
-0.936889
0.414639
1.510036
-0.583786
0.550542
1.012027
-1.065310
0.643759
0.806292
-0.889122
0.726828
0.600613
-0.940320
0.805803
0.786260
-0.919196
0.878114
0.634036
-0.615162
0.932447
0.339791
-0.140672
0.962888
0.296706
-0.721315
0.990781
0.276091
-0.596767
1.011475
0.132631
-0.386913
1.012343
-0.195099
-1.014607
0.991954
-0.174639
-1.125280
0.975738
-0.255096
-1.124644
0.959454
-0.181566
-0.620599
0.941530
-0.156775
-1.028917
0.915286
-0.443144
-1.150714
0.872624
-0.582237
-1.009875
0.813096
-0.689514
-0.515302
0.748285
-0.681510
-0.251368
0.673925
-0.808546
-0.009706
0.597012
-0.855881
-0.407728
0.529147
-0.696987
-0.356493
0.453578
-0.778317
-0.609536
0.376732
-0.851722
-0.106333
0.273670
-1.125736
0.089100
0.161366
-1.049496
-0.207911
0.060361
-0.998071
-0.889900
-0.042437
-0.988897
-0.000453
-0.151454
-1.226706
0.395802
-0.283869
-1.156414
0.393738
-0.404279
-1.002758
0.361158
-0.477834
-0.408044
0.528030
-0.530108
-0.632643
0.766236
-0.607488
-0.598258
0.839469
-0.668843
-0.591888
0.948079
-0.732956
-0.532769
0.547523
-0.801700
-0.611762
-0.031076
-0.868523
-0.533705
0.121121
-0.938444
-0.684729
0.008376
-1.005174
-0.560925
0.423041
-1.057162
-0.302421
0.320275
-1.105261
-0.511630
0.836751
-1.150415
-0.224182
1.056791
-1.175720
-0.309015
0.900960
-1.202957
-0.207723
0.713501
-1.222424
-0.062917
0.974913
-0.075231
0.809884
-0.412286
0.014101
1.110424
-0.354354
0.126350
1.076464
-0.051643
0.235927
1.192885
0.295556
0.356980
1.175175
0.212004
0.474516
1.066234
-0.367476
0.568048
0.828465
-0.705828
0.635897
0.587688
-0.848425
0.693247
0.562830
-0.727409
0.736409
0.251975
-0.181309
0.767804
0.343146
0.221343
0.808557
0.392201
0.083408
0.833631
0.117205
0.728878
0.852273
0.135288
-0.379703
0.867931
0.072413
-0.626715
0.880344
0.018967
-0.190279
0.888140
0.059296
-0.817389
0.896806
0.014973
-0.118194
0.889361
-0.161622
0.145474
0.867950
-0.336203
-0.578833
0.829767
-0.554250
-0.249122
0.789722
-0.428234
-0.722504
0.749832
-0.492920
-0.889987
0.705215
-0.493451
-0.699926
0.657828
-0.588888
-1.228179
0.593510
-0.637781
-1.431742
0.515258
-1.056674
-0.775394
0.414243
-0.960256
-0.329409
0.320223
-1.066668
-0.280204
0.208057
-1.080777
-0.239510
0.099612
-1.091905
-0.045190
-0.004911
-0.944225
0.087714
-0.111973
-1.047870
0.597029
-0.206564
-0.818020
0.649354
-0.300273
-0.894715
0.953098
-0.399239
-1.050449
0.850329
-0.506517
-0.945274
1.408617
-0.608251
-0.882282
1.095682
-0.678793
-0.536736
0.235554
-0.741984
-0.582664
-0.119561
-0.799033
-0.521644
0.165442
-0.854279
-0.580458
0.121017
-0.905357
-0.411911
-0.275612
-0.954293
-0.518966
-0.356414
-1.009326
-0.423036
0.710086
-1.034125
-0.179066
0.800908
-1.053710
-0.052031
0.755633
-1.049109
0.128749
0.443468
-1.023383
0.417495
0.162063
-0.987620
0.279541
-0.339792
0.103213
0.856167
0.641017
0.188897
0.803239
-0.285125
0.273979
0.800819
-0.036662
0.371494
0.983364
-1.151535
0.472594
0.916856
-1.496815
0.570014
0.807201
-1.334795
0.656837
0.766514
-1.065068
0.745125
0.819166
-0.693138
0.826007
0.732881
-0.144765
0.909290
0.854279
-0.188454
0.975927
0.492325
-0.008541
1.015065
0.285458
0.160895
1.052959
0.358322
-0.671953
1.092747
0.230753
-0.692277
1.107363
-0.111984
-0.518850
1.097786
-0.303253
-0.716674
1.063681
-0.339025
-0.128049
1.034675
-0.153890
0.144245
1.001865
-0.278296
0.232593
0.952926
-0.513338
0.171426
0.901299
-0.551171
0.508548
0.838193
-0.608437
0.420856
0.763182
-0.888651
-0.287810
0.669869
-1.016097
-0.245976
0.575106
-0.964212
-0.577723
0.470799
-1.063905
-0.374762
0.365217
-1.062231
-0.146146
0.257160
-1.056640
-0.261125
0.147837
-1.034720
-0.284720
0.054344
-0.915790
-0.545241
-0.039512
-0.935075
0.191360
-0.123545
-0.742873
1.090303
-0.209750
-0.746040
0.294392
-0.286815
-0.651512
0.276613
-0.363372
-0.795508
0.601782
-0.445429
-0.711600
0.973639
-0.533345
-0.780589
1.187066
-0.619408
-0.728493
0.627241
-0.697667
-0.736544
0.623191
-0.766023
-0.426705
0.991050
-0.817026
-0.491344
0.988130
-0.867422
-0.569701
0.694173
-0.923431
-0.490216
0.616596
-0.996697
-0.790530
0.579011
-1.073036
-0.642900
0.940509
-1.129254
-0.300933
1.370865
-1.163776
-0.273036
1.419089
-1.190569
-0.144729
1.802970
-1.214115
-0.202436
1.466688
-1.237659
-0.033309
1.570466
-0.094531
1.285074
-0.754923
0.041569
1.313388
0.142092
0.184510
1.372690
0.715423
0.321937
1.255457
-0.188726
0.444619
1.167840
-1.111936
0.553929
1.009282
-1.876624
0.666860
1.006351
-1.697824
0.772425
0.967781
-1.827639
0.867393
0.792308
-1.663444
0.941855
0.566631
-1.807541
1.000023
0.405139
-1.821754
1.038403
0.084539
-1.386342
1.058838
0.093588
-1.199465
1.070661
0.075545
-0.925361
1.076505
-0.133497
-0.771766
1.073498
-0.182179
-0.513780
1.056242
-0.191733
-0.817516
1.036316
-0.263525
-0.702360
1.020746
-0.188298
-0.946469
0.994862
-0.377257
-0.505980
0.952729
-0.474240
-0.412250
0.884437
-0.745586
-0.357812
0.795281
-1.019710
0.365444
0.683095
-1.112354
1.210259
0.571944
-1.086976
0.026632
0.475305
-0.847937
0.028503
0.370038
-1.092691
-0.345372
0.255878
-1.145800
0.317795
0.141049
-1.001395
0.614560
0.041628
-0.833878
1.155612
-0.041912
-0.675575
0.794371
-0.103728
-0.667088
0.571489
-0.174564
-0.582356
0.549924
-0.243234
-0.632313
1.018712
-0.317952
-0.736456
0.060446
-0.395603
-0.845329
0.153031
-0.468409
-0.607227
0.413090
-0.543228
-0.764089
1.128839
-0.613142
-0.519887
0.262922
-0.664052
-0.496323
0.842837
-0.729320
-0.652922
1.065134
-0.802988
-0.578709
0.883479
-0.856584
-0.320746
1.276812
-0.909884
-0.474015
0.940354
-0.962894
-0.513088
0.472928
-1.017578
-0.523237
0.371834
-1.068987
-0.448673
0.736449
-1.104484
-0.184064
0.242540
-1.125837
-0.244852
0.033878
-1.150298
-0.194291
0.282302
0.215592
0.116558
-0.800164
0.230021
0.151710
-0.048282
0.248445
0.355045
0.874061
0.275127
0.362972
0.692161
0.322349
0.624454
0.828868
0.389556
0.688046
0.430263
0.445252
0.459653
-0.132987
0.495654
0.592715
0.082168
0.556006
0.616252
-0.868692
0.614834
0.543161
-0.765646
0.677958
0.588747
-0.930290
0.739502
0.503769
-1.096765
0.791354
0.506806
-0.885362
0.844357
0.352894
-0.786750
0.864850
0.029412
-0.141412
0.871979
0.074335
-0.350209
0.868912
-0.056434
-0.185485
0.854859
-0.041405
0.364374
0.859328
0.125964
-0.650772
0.861991
-0.080958
-1.497250
0.854661
-0.133610
-1.776488
0.837151
-0.354982
-1.352017
0.788799
-0.677051
-1.208847
0.724455
-0.851070
-0.865185
0.628289
-1.034031
-0.946379
0.529684
-1.068799
-0.269748
0.412441
-1.067853
0.102368
0.307887
-1.042014
0.457670
0.201343
-1.005496
0.897620
0.103732
-0.943043
0.238845
0.015405
-0.745138
-0.279818
-0.051597
-0.678205
-0.219074
-0.119845
-0.713537
-0.782164
-0.186553
-0.725724
-1.572234
-0.259704
-0.936373
-1.593078
-0.340611
-0.916732
-1.257842
-0.427480
-1.049483
-1.195930
-0.518048
-0.887424
-1.404102
-0.592381
-0.807930
-0.572849
-0.657446
-0.654630
-0.302994
-0.720059
-0.629024
-0.193647
-0.781548
-0.636581
0.112961
-0.862674
-0.907605
-0.043387
-0.945765
-0.680405
-0.109448
-1.020001
-0.812271
0.044147
-1.094645
-0.807933
0.290469
-1.169134
-0.598375
0.475768
-1.214894
-0.463011
0.975238
-1.265097
-0.524218
1.356490
-1.312214
-0.161857
1.359547
-0.048164
0.780147
-0.954083
0.029643
0.692126
-0.126459
0.112231
0.880068
-0.358636
0.201331
0.900873
-0.476473
0.295269
0.816383
0.103380
0.385535
1.046282
-0.006539
0.500441
1.054379
-0.486829
0.599773
0.777277
-0.215798
0.682996
0.914251
-0.619846
0.776559
0.785625
-0.156289
0.846376
0.683183
-0.059036
0.916475
0.702674
-0.188194
0.974427
0.548762
-0.178677
1.015518
0.361778
-0.519147
1.034084
-0.024305
-0.476680
1.028368
0.049372
0.462025
1.024377
-0.118008
0.479805
1.022325
0.016668
0.111212
1.016659
-0.386200
-0.318783
0.967884
-0.530230
-0.397032
0.912867
-0.530727
-1.021357
0.856536
-0.628567
-0.390239
0.776465
-0.888655
-0.254135
0.688768
-0.831484
0.109894
0.591884
-0.959415
0.253938
0.482981
-1.143208
-0.038208
0.364365
-1.173062
0.312277
0.257233
-1.019310
0.048299
0.159513
-0.899409
0.697724
0.072961
-0.778035
0.226406
-0.003739
-0.675515
0.355784
-0.070556
-0.647713
-0.154098
-0.132309
-0.622856
0.229595
-0.194966
-0.700364
0.720264
-0.254447
-0.315810
-0.492024
-0.295006
-0.446978
0.040180
-0.343663
-0.399468
-0.538235
-0.389146
-0.602106
0.136394
-0.463930
-0.758284
-0.241578
-0.547628
-1.017883
0.113341
-0.664340
-1.084144
-0.103257
-0.775522
-1.131337
0.051768
-0.878569
-0.786245
-0.668975
-0.952297
-0.608714
-0.036292
-1.004501
-0.507955
1.002623
-1.060943
-0.554725
0.894523
-1.118729
-0.514411
-0.112635
-1.173189
-0.610017
-0.082985
-1.237404
-0.542149
0.058387
-1.302451
-0.589343
0.034571
0.049562
1.294273
0.430158
0.175726
1.268199
-0.240382
0.300318
1.160468
-0.285632
0.419316
1.066049
-1.157044
0.533651
1.071186
-0.900984
0.639569
1.069195
-1.297044
0.736985
0.653209
-1.405450
0.795319
0.318558
-1.390743
0.835389
0.518546
-1.039095
0.881480
0.297735
-0.981526
0.912784
0.211625
-0.407559
0.932083
0.199489
-0.881805
0.955392
0.177938
-0.618819
0.976995
0.263370
-0.475843
0.997920
0.212680
-0.725874
1.023156
0.186537
-0.725052
1.035191
0.147772
-0.222068
1.050670
0.032012
-0.680546
1.033118
-0.380852
-1.721064
0.989594
-0.545756
-1.347130
0.937394
-0.559609
-0.996934
0.869657
-0.694577
-0.365212
0.795011
-0.699920
-0.389513
0.714173
-0.775545
-0.624743
0.624562
-0.943635
-0.865007
0.531076
-0.937083
-1.328019
0.435122
-1.108474
-1.337282
0.343877
-0.791277
-0.727202
0.263790
-0.935032
-0.277916
0.160646
-1.099250
-0.537935
0.042906
-1.164058
-0.479262
-0.054807
-0.984883
0.108843
-0.149681
-0.808658
0.288102
-0.236543
-0.906489
0.164945
-0.342042
-1.057020
-0.413203
-0.444531
-0.897197
0.421063
-0.541778
-0.780900
-0.485119
-0.615160
-0.668460
0.320866
-0.681150
-0.612360
0.587660
-0.757973
-0.744553
0.690535
-0.827204
-0.549618
0.461356
-0.865838
-0.249348
0.889630
-0.891759
-0.107982
1.251680
-0.924667
-0.490790
1.146253
-0.978806
-0.524420
0.925058
-1.035311
-0.600013
0.959922
-1.090566
-0.314204
1.238975
-1.112645
-0.068572
1.149666
-1.123225
0.044970
0.620670
-1.126628
0.032956
0.832927
-0.110778
1.480377
-0.697409
0.043037
1.426856
-0.771894
0.176210
1.213558
-1.310632
0.291424
1.014308
-1.279179
0.401593
1.010205
-0.889545
0.499060
0.832302
-1.016396
0.586064
0.695185
-0.923193
0.652137
0.626803
-0.869210
0.725417
0.662872
-1.348215
0.807739
0.705423
-1.569443
0.876118
0.432141
-1.167821
0.920633
0.304896
-0.821584
0.957586
0.266395
-0.289563
1.002107
0.448752
-0.654365
1.047685
0.419455
-1.500497
1.081033
0.170935
-0.972626
1.075302
-0.365876
-0.831453
1.044668
-0.478277
-0.718641
0.986464
-0.613901
-0.095132
0.908123
-0.789889
0.264726
0.831606
-0.640739
0.176636
0.770575
-0.508140
0.242096
0.711522
-0.587466
0.641501
0.639209
-0.811097
0.371949
0.546899
-0.994695
0.222110
0.453357
-0.864024
0.464950
0.350516
-0.974440
0.170141
0.262718
-0.828401
-0.028607
0.170567
-0.998261
-0.169190
0.067732
-0.910168
0.034987
-0.035442
-0.940478
0.192601
-0.141562
-0.768246
-0.105001
-0.216906
-0.726140
-0.296269
-0.290646
-0.603217
0.925098
-0.361388
-0.568076
0.354520
-0.426257
-0.580859
0.719806
-0.496976
-0.608872
0.836060
-0.560134
-0.514903
0.898385
-0.638001
-0.714645
1.123425
-0.710473
-0.787795
0.736659
-0.783501
-0.462949
1.907489
-0.830040
-0.332069
1.514795
-0.852501
0.016152
1.166403
-0.869862
-0.216285
1.628928
-0.896334
-0.231579
1.187643
-0.915462
0.087766
0.739050
-0.908299
0.149082
1.071659
-0.911563
-0.041833
1.339215
-0.916666
-0.037986
1.547445
-0.910002
0.173866
1.554680
-0.198359
1.809537
-1.215560
-0.015121
1.670639
-1.329513
0.145570
1.409331
-1.324013
0.274606
1.105213
-0.673851
0.384485
0.986963
-1.098344
0.490326
1.026098
-0.280893
0.589375
0.890996
-0.247268
0.678233
0.734363
0.318935
0.758391
0.845051
-0.270989
0.824378
0.471918
-0.315901
0.853993
0.254985
-0.252327
0.877164
0.191821
-0.046520
0.907330
0.246398
-0.102835
0.928733
0.131886
-0.147466
0.937229
0.030792
-0.546564
0.930599
-0.184800
-0.988344
0.920970
-0.103144
-1.392588
0.911331
-0.335726
-1.185704
0.889123
-0.289896
-1.257238
0.856069
-0.453106
-1.033489
0.806444
-0.728335
-1.050818
0.731177
-0.805754
-1.007972
0.656056
-0.739980
-1.484212
0.593898
-0.733320
-1.575709
0.528593
-0.674819
-0.850257
0.453666
-0.912238
-0.936959
0.378664
-0.615791
-1.003926
0.319893
-0.771262
-1.554331
0.242765
-0.733838
-0.938371
0.159019
-0.995286
-0.530910
0.052073
-1.131877
-0.183269
-0.053141
-1.053938
-0.548729
-0.146645
-0.771582
-0.995643
-0.212907
-0.664310
-1.143301
-0.284649
-0.792726
-0.699431
-0.365791
-0.971365
-0.297443
-0.451893
-0.794653
0.517532
-0.535873
-0.725125
0.498882
-0.614469
-0.752948
0.303136
-0.689613
-0.693770
0.346410
-0.747799
-0.476920
-0.048384
-0.801398
-0.541582
0.694627
-0.861541
-0.512510
0.536924
-0.899017
-0.103541
1.124494
-0.915709
-0.113796
1.558024
-0.949769
-0.343052
1.404528
-0.988246
-0.246259
1.884991
-1.008640
-0.022570
1.615823
-1.008692
0.216603
1.183431
-0.987868
0.328173
0.864937
-0.141363
1.399311
-0.717466
-0.004801
1.307580
-1.184041
0.139933
1.320395
-0.901187
0.262722
1.105401
-1.219017
0.364881
0.732670
-1.322277
0.451338
0.874362
-1.553901
0.539628
0.712412
-0.910368
0.623695
0.899657
-0.329295
0.721420
0.850356
-0.701280
0.807082
0.725373
-0.832641
0.874734
0.408511
-0.547004
0.924507
0.435310
-1.421598
0.975119
0.405454
-1.250683
1.012161
0.357045
-0.806621
1.049565
0.309795
-1.651900
1.067082
-0.001763
-1.444443
1.078342
-0.072770
-1.179425
1.068819
-0.225016
-0.695993
1.031467
-0.488970
-1.199657
0.978581
-0.652121
-0.000184
0.912445
-0.772212
-0.021119
0.844171
-0.693411
0.217559
0.775500
-0.601972
-0.016947
0.711422
-0.772177
-0.697270
0.637247
-0.718632
-0.903074
0.575998
-0.637664
-0.902263
0.494194
-0.826816
-0.462855
0.407731
-1.015467
0.256241
0.300435
-1.091764
0.142185
0.201498
-0.911240
-0.114316
0.101187
-0.972575
0.167171
0.000978
-0.766694
0.599905
-0.086554
-0.855317
1.387775
-0.174888
-0.934527
1.524435
-0.259110
-0.664545
1.632739
-0.343380
-0.760436
1.077994
-0.423428
-0.724153
0.054307
-0.497165
-0.782834
-0.054164
-0.582425
-0.795198
0.112175
-0.668077
-0.807850
-0.186233
-0.752393
-0.874630
-0.101842
-0.852295
-1.045377
0.360744
-0.960694
-0.996281
0.644701
-1.051117
-0.581665
0.903581
-1.110448
-0.366449
1.652630
-1.138755
-0.065132
2.490144
-1.160855
-0.052711
2.900367
-1.159246
0.417713
2.407891
-1.115068
0.631373
2.236721
-1.051410
0.972947
2.735070
-0.030234
1.141003
-0.880650
0.090275
0.959669
-0.733518
0.199611
1.027488
-0.395841
0.314704
1.141335
-0.085352
0.433774
1.125443
-0.097783
0.545118
1.061964
-0.467435
0.645322
0.948425
-1.085536
0.748722
0.861856
-1.130485
0.839004
0.658624
-1.155950
0.909472
0.465469
-1.815573
0.957577
0.469060
-1.361570
1.010504
0.468911
-0.967252
1.060137
0.342161
-0.363426
1.094039
0.271933
-0.328010
1.095959
-0.096069
-0.766392
1.082830
-0.243009
-0.663792
1.046073
-0.542895
-0.820110
1.000055
-0.517089
-0.969186
0.952785
-0.616601
-0.601167
0.902740
-0.444003
-0.303272
0.857496
-0.416309
-0.428290
0.818639
-0.608372
-0.282870
0.754515
-0.661680
-0.603536
0.700725
-0.498595
0.136987
0.641608
-0.633443
-0.312534
0.578587
-0.702860
-0.649345
0.505547
-0.778921
-0.361510
0.439014
-0.631469
-0.785030
0.366200
-0.747298
0.072371
0.273528
-0.966412
0.052501
0.166544
-0.877445
0.360658
0.059288
-0.834890
0.429398
-0.039706
-1.160487
0.303688
-0.158623
-1.105059
0.934062
-0.263978
-0.827111
0.448869
-0.355992
-0.867319
0.357385
-0.444122
-0.974999
0.102274
-0.540128
-0.894848
0.196750
-0.627598
-0.885575
0.835188
-0.719992
-0.862748
0.322236
-0.812946
-0.847848
0.383819
-0.886020
-0.530213
-0.033123
-0.918288
-0.221726
-0.541823
-0.952833
-0.460650
-0.606865
-0.997674
-0.409997
-0.800467
-1.024463
-0.230751
-0.170621
-1.042482
-0.197537
-0.584717
-1.065674
-0.145397
0.169734
-1.067100
-0.133549
0.369990
-1.078166
-0.020592
-0.022853
-0.082889
1.664620
-2.565382
0.082841
1.398226
-1.603967
0.233905
1.251022
-1.185320
0.358538
0.989584
-0.449597
0.464272
1.001458
-0.516043
0.556910
0.754517
-0.553212
0.632233
0.653858
-0.615393
0.703685
0.772795
-0.570607
0.768296
0.425070
-1.013222
0.816176
0.471671
-0.647094
0.862558
0.468643
-0.147040
0.905147
0.464188
0.330181
0.931235
0.273167
0.439887
0.940263
-0.063976
0.475793
0.935265
-0.115585
0.066376
0.925807
0.037563
-0.057174
0.921872
-0.052298
-0.935535
0.901280
-0.351198
-0.933096
0.874933
-0.436219
-1.467807
0.823707
-0.654952
-1.983679
0.784445
-0.470202
-2.168637
0.737627
-0.646509
-2.021832
0.658373
-1.018743
-1.976686
0.563573
-0.966184
-1.135845
0.462757
-1.063746
-0.723550
0.363226
-1.071268
-0.305064
0.266513
-0.946951
-0.454161
0.172220
-0.884891
-0.463224
0.089386
-0.721998
-1.059712
0.013607
-0.746614
-1.192698
-0.058646
-0.722731
-0.341736
-0.126616
-0.650582
-0.597663
-0.199566
-0.877656
-0.823389
-0.290510
-0.888845
-0.189796
-0.376519
-0.866401
-1.015633
-0.454504
-0.694872
-0.273869
-0.524717
-0.699452
0.265122
-0.603113
-0.759953
0.391591
-0.676939
-0.707715
0.710248
-0.743815
-0.476534
0.702825
-0.805630
-0.556264
1.327884
-0.859494
-0.420734
1.619871
-0.911792
-0.390291
2.125909
-0.958567
-0.395243
1.931660
-0.984109
-0.084380
1.981847
-0.999911
-0.004652
1.885427
-1.018579
0.043367
1.273574
-1.001981
0.508180
1.868267
-0.951771
0.686219
1.869526
-0.862977
1.174195
1.910119
0.100321
0.388289
1.206922
0.144489
0.527148
0.856841
0.205981
0.692628
0.294235
0.280098
0.748658
-0.070273
0.349405
0.652379
-0.548247
0.410377
0.532597
-0.698259
0.482313
0.711314
-0.928388
0.563154
0.761793
-0.645302
0.637372
0.655689
-0.249241
0.699840
0.515621
-0.393649
0.754795
0.571729
-0.166665
0.817120
0.752402
-0.805405
0.887133
0.554133
-0.972385
0.932519
0.336343
-0.999529
0.976415
0.283435
-0.201234
1.003324
0.178554
-0.760683
1.023541
0.222285
-1.334700
1.032539
-0.059418
-1.117570
1.028164
-0.059737
-0.959375
1.010408
-0.317457
-0.373947
0.967205
-0.714117
-0.611754
0.904563
-0.605645
-0.098591
0.830958
-0.760448
-0.130358
0.742742
-0.813703
-0.244588
0.665202
-0.684073
-0.412852
0.605466
-0.664081
-0.371482
0.533113
-0.908442
-0.840209
0.435937
-1.057324
-1.198377
0.323918
-1.232151
-0.759370
0.205689
-0.989640
-0.086358
0.111449
-0.841147
0.044178
0.021896
-0.996928
-0.360182
-0.058339
-0.660956
-0.305910
-0.133964
-0.857392
-0.235248
-0.247129
-1.082118
0.416842
-0.370583
-1.201877
0.394684
-0.499315
-1.325041
-0.285423
-0.629092
-1.191060
0.234803
-0.738755
-1.153059
0.773110
-0.839198
-0.840544
0.454749
-0.916720
-0.586032
0.703929
-0.972203
-0.461014
1.123119
-1.015034
-0.093383
1.143167
-1.021614
0.101778
1.307007
-1.010573
0.231969
1.215604
-0.999184
0.229482
1.181274
-0.969506
0.470018
1.428171
-0.929477
0.393520
1.916566
-0.892873
0.610797
1.788729
-0.824687
0.794356
2.562051
-0.205136
1.347792
-0.938885
-0.063276
1.280623
-0.526986
0.056440
1.017713
-0.242644
0.158526
1.031543
0.187911
0.268554
1.203093
-0.561120
0.398496
1.140681
-0.555460
0.501446
0.858123
-0.407592
0.590598
0.895042
-0.708861
0.684628
0.870209
-0.636302
0.770217
0.817858
-0.775725
0.847656
0.538594
-0.758296
0.899487
0.384978
-1.036771
0.951265
0.542009
-0.986645
1.003758
0.434369
-0.916805
1.065311
0.522501
-0.774751
1.116867
0.354655
-0.834382
1.130201
-0.127792
-0.864168
1.101079
-0.472056
-0.616776
1.056215
-0.351088
-0.246650
1.006473
-0.614994
-0.732758
0.941628
-0.748613
-0.540014
0.864160
-0.699190
-0.953606
0.794567
-0.589579
-1.323407
0.721092
-1.015994
-1.206758
0.624841
-1.073556
-1.179765
0.507016
-1.202860
-1.436000
0.389639
-1.136584
-1.456839
0.282147
-1.210717
-0.729427
0.170366
-1.176462
-1.028098
0.075565
-0.870310
-0.702814
0.003747
-0.643836
0.025866
-0.077988
-1.002098
0.281897
-0.177786
-0.896837
0.183073
-0.278863
-1.048216
0.510493
-0.380584
-0.917211
0.136165
-0.456001
-0.687824
0.264116
-0.546961
-0.883728
0.186572
-0.651103
-1.164611
0.584234
-0.750275
-0.756905
0.885098
-0.824180
-0.627934
1.470858
-0.886567
-0.427469
1.561117
-0.931286
-0.365830
1.306087
-0.977048
-0.466305
1.528405
-1.012015
-0.168020
2.182779
-1.035330
-0.130994
2.694748
-1.058134
0.045017
2.452228
-1.054441
0.196561
2.041465
-1.045874
0.295701
1.210973
-1.007998
0.538212
0.895928
-0.962897
0.449561
0.208481
-0.110306
0.856271
-0.854954
-0.027973
0.784889
-0.815808
0.052716
0.845230
-1.185881
0.140767
0.817687
-0.739511
0.222012
0.666611
-0.620011
0.309289
0.935274
-0.550060
0.408529
1.057151
-1.613450
0.510305
0.894046
-1.343059
0.615633
0.836260
-0.735745
0.694166
0.719779
-0.319508
0.753547
0.462638
-0.562919
0.800982
0.483991
-0.846142
0.849003
0.394556
-1.066161
0.883801
0.240103
-0.642935
0.905077
-0.035924
-0.978594
0.906800
0.001170
-0.917172
0.901088
-0.171880
-1.192232
0.882364
-0.423380
-1.264924
0.837679
-0.586060
-0.579268
0.787808
-0.558501
-1.405088
0.740537
-0.642569
-1.342888
0.683870
-0.646354
-1.278938
0.633634
-0.527235
-0.288464
0.574705
-0.549425
-0.309817
0.524136
-0.437091
-0.445764
0.484672
-0.377661
-0.576326
0.437259
-0.474624
-0.315535
0.377846
-0.657019
-0.156556
0.291234
-0.972373
0.321008
0.195664
-0.927155
0.689240
0.097350
-0.998441
0.761182
-0.020368
-1.225162
0.965742
-0.142080
-1.143362
0.732280
-0.270969
-1.267444
0.710227
-0.389397
-1.083385
1.273889
-0.493108
-0.733625
0.847913
-0.568039
-0.772541
0.738052
-0.662183
-0.764344
0.841027
-0.750474
-0.804704
1.035584
-0.827251
-0.590355
1.156473
-0.883332
-0.360680
1.488341
-0.934528
-0.409139
1.279208
-0.977709
-0.438690
1.607734
-0.997069
-0.053097
1.052540
-1.001661
-0.047053
0.735068
-1.001144
0.248461
0.170585
-0.978714
0.192112
0.610620
-0.951755
0.280851
-0.053841
-0.926423
0.256506
0.105841
-0.879789
0.556889
0.453856
-0.050841
1.182329
-0.430419
0.072130
1.192214
-1.234701
0.195742
1.089413
-0.780591
0.299454
0.903481
-0.071821
0.390743
0.863460
0.041929
0.485612
0.792715
-0.011358
0.564292
0.805718
-0.272139
0.653230
1.013465
-0.507479
0.759834
1.157036
-0.837308
0.866338
0.734388
-0.272392
0.943212
0.470132
-0.538323
0.998650
0.347192
-0.687623
1.030670
0.214873
-0.567359
1.052958
-0.124333
-0.735048
1.046529
-0.075364
-0.669037
1.029199
-0.450086
-0.749655
0.988832
-0.501199
-0.581648
0.929873
-0.598972
-0.765672
0.867918
-0.658667
-0.599666
0.797774
-0.776264
-0.816485
0.723058
-0.669845
-0.559720
0.663854
-0.325774
-0.492079
0.633881
-0.390075
-0.639407
0.584564
-0.706102
-0.319790
0.515812
-0.652556
-0.551703
0.446459
-0.677238
-0.710104
0.380493
-0.695209
-0.817382
0.320358
-0.618379
-0.406896
0.246201
-0.822901
-0.266990
0.162280
-0.989004
-0.580535
0.056638
-1.137266
-0.470846
-0.053684
-1.024060
0.265714
-0.151116
-0.850464
0.498340
-0.236079
-0.810429
0.535749
-0.319542
-0.694068
0.846678
-0.405694
-0.953389
0.992429
-0.510377
-1.006174
0.928065
-0.613073
-0.977691
0.619291
-0.708810
-0.872264
1.291142
-0.796836
-0.799431
1.461614
-0.867828
-0.645644
1.286943
-0.942573
-0.506260
1.633716
-0.993035
-0.456705
0.974402
-1.029812
-0.203965
0.495745
-1.057745
-0.300666
0.803087
-1.084813
-0.069686
0.802977
-1.090295
-0.054343
0.964942
-1.093190
0.125247
0.357356
-1.083301
0.189986
0.414892
-1.068118
0.225264
0.524462
-0.332942
2.173099
-0.804256
-0.129164
1.775743
-1.081965
0.047034
1.603697
-0.924294
0.215781
1.624427
-1.175060
0.371596
1.341119
-0.762937
0.499630
1.087614
-1.179674
0.598491
0.828401
-1.104211
0.686822
0.759886
-1.342639
0.763967
0.466850
-0.314141
0.822942
0.611634
0.188883
0.870414
0.518593
-0.809911
0.915377
0.291703
-0.995190
0.939226
0.250254
-0.613991
0.964381
0.085963
-1.097305
0.954402
-0.431321
-1.300708
0.911951
-0.653244
-1.807288
0.867234
-0.297570
-1.416781
0.837264
-0.379575
-0.497276
0.793175
-0.431273
-0.145571
0.747464
-0.431369
-0.188372
0.712970
-0.370867
0.212525
0.675390
-0.414897
0.401520
0.620280
-0.561476
-0.470674
0.561182
-0.623166
-0.417784
0.501152
-0.550121
-0.057695
0.437828
-0.657938
0.465875
0.366430
-0.776157
-0.003897
0.293518
-0.657602
-0.063279
0.228383
-0.711250
-0.261047
0.159305
-0.650763
-0.512702
0.098321
-0.751302
-0.689695
0.026642
-0.837767
-1.084553
-0.076367
-1.137117
-0.773131
-0.187234
-1.182824
0.328725
-0.301152
-0.979373
0.354234
-0.398856
-0.907718
0.735581
-0.490544
-0.787084
0.857762
-0.582397
-0.696036
1.287165
-0.653089
-0.573182
0.357534
-0.697368
-0.375625
0.940708
-0.731599
-0.184003
1.346016
-0.765672
-0.275590
1.246446
-0.809751
-0.525799
0.814354
-0.866988
-0.435875
0.618847
-0.918457
-0.468257
0.985268
-0.967991
-0.349446
0.676696
-1.008589
-0.255055
0.999738
-1.024977
-0.043932
1.374740
-1.039240
-0.008935
1.710579
-1.056515
-0.029808
0.970937
-0.058239
1.303451
-0.288936
0.072280
1.253526
-0.833717
0.187838
1.099991
-0.786037
0.314484
1.184165
-0.438732
0.440584
1.115346
-1.085544
0.570795
1.188127
-0.753798
0.688626
1.088884
-0.466575
0.784317
0.716312
-0.972697
0.850478
0.519509
-1.654435
0.904648
0.296299
-1.633478
0.952521
0.499938
-2.105279
1.022185
0.680740
-1.865675
1.083722
0.378983
-1.925483
1.125043
0.257230
-1.876555
1.163893
0.191532
-1.702706
1.173013
-0.112616
-1.520880
1.163563
-0.249965
-0.923344
1.128210
-0.425402
-1.403953
1.084766
-0.726539
-0.825596
0.993727
-0.970664
-0.443397
0.891177
-1.118488
-0.974060
0.777955
-1.063328
0.072130
0.674365
-1.077636
0.598319
0.568027
-0.991668
-0.098997
0.465085
-1.160005
-0.305407
0.376143
-0.786308
-0.652816
0.290844
-0.765470
-0.306435
0.205585
-0.886545
-0.620563
0.113879
-0.969224
-0.117170
0.015705
-0.804437
0.072556
-0.049625
-0.532489
0.221886
-0.110034
-0.760118
0.999612
-0.191282
-0.614340
0.449158
-0.267036
-0.802233
-0.212210
-0.348265
-0.856628
-0.494589
-0.438209
-0.886350
0.088339
-0.518067
-0.802984
0.687669
-0.603383
-0.767637
0.728555
-0.678474
-0.597319
1.432134
-0.748917
-0.756880
1.238983
-0.820384
-0.561495
0.980464
-0.886676
-0.528210
0.680492
-0.945012
-0.545994
0.625492
-1.021212
-0.729660
0.009434
-1.106298
-0.673118
-0.316699
-1.170083
-0.778093
-0.333236
-1.243074
-0.708273
-0.101837
-1.322726
-0.845397
-0.633377
-1.397983
-0.856908
-1.167117
-1.494723
-1.097292
-1.510315
0.151283
0.266075
0.387592
0.182185
0.483650
0.084812
0.242570
0.782358
-0.298032
0.322758
0.775408
-0.845996
0.388187
0.502413
-1.221385
0.455301
0.790978
-1.141341
0.530666
0.652687
-1.311626
0.596391
0.566285
-0.489023
0.646433
0.381479
-0.636519
0.687030
0.446460
-0.329420
0.728787
0.298825
-0.450236
0.758648
0.251910
-0.552099
0.787659
0.208260
-0.932437
0.815862
0.205402
-1.353744
0.852276
0.345443
-1.578557
0.885103
0.256603
-1.054220
0.922535
0.412870
-0.594349
0.945650
0.116541
0.120880
0.957275
0.044504
-0.470298
0.939816
-0.224132
-0.739097
0.913237
-0.314997
-1.374479
0.884306
-0.374856
-0.966368
0.851391
-0.477110
-1.133629
0.801160
-0.616421
-1.482860
0.737633
-0.705492
-0.790417
0.657905
-0.912617
-0.719998
0.560970
-0.948483
-0.749481
0.472723
-0.886851
-0.152127
0.390389
-0.726717
0.149786
0.316198
-0.818718
0.473787
0.229162
-0.854232
0.313708
0.128660
-1.117937
0.344528
0.007666
-1.129650
0.015799
-0.090383
-0.896513
0.058797
-0.189042
-1.113419
0.396071
-0.289782
-0.992802
0.296648
-0.384033
-0.902277
0.773288
-0.473579
-0.756660
0.697356
-0.559580
-0.873172
0.693032
-0.642597
-0.745513
-0.193143
-0.715427
-0.731439
-0.339522
-0.789492
-0.803999
-0.161310
-0.866795
-0.765166
0.344052
-0.922897
-0.356915
-0.100179
-0.955303
-0.297418
-0.271619
-0.986827
-0.319233
-0.561926
-1.005250
-0.176084
-1.397699
-1.012102
-0.027321
-0.831102
-1.030310
-0.398724
-0.814813
-1.095816
-0.926822
-1.128147
-0.083714
0.820243
1.361544
0.003499
1.057103
0.527503
0.111420
1.039666
-0.561381
0.226751
1.120469
-0.193561
0.336177
0.921013
-0.320279
0.430923
0.789878
0.287775
0.508024
0.836899
0.182259
0.587196
0.838926
-0.480169
0.676376
0.863458
-1.140231
0.777210
0.944988
-0.921661
0.857871
0.666010
-1.471248
0.932296
0.512508
-1.639685
0.975650
0.113157
-0.842697
0.990351
0.108447
-0.378109
0.995919
-0.060173
-0.800791
0.980587
-0.394012
-0.424059
0.958078
-0.101767
-0.910941
0.941815
-0.267630
-0.931730
0.918923
-0.387572
-0.790035
0.877610
-0.446530
-0.583959
0.830754
-0.406949
0.123136
0.786260
-0.572856
0.441369
0.717266
-0.716427
-0.041521
0.641615
-0.721307
-0.824184
0.582443
-0.530864
-0.682965
0.524546
-0.667669
0.136793
0.441141
-0.858995
0.549701
0.350885
-0.788153
1.241135
0.248906
-1.014675
1.372448
0.147123
-0.995004
0.542968
0.062035
-0.756160
1.063406
-0.010523
-0.598717
0.674970
-0.080042
-0.605910
0.734997
-0.136031
-0.512219
0.549010
-0.210001
-0.924978
0.404730
-0.303552
-1.055680
0.434976
-0.406125
-0.989954
0.145325
-0.494516
-0.707832
-0.194919
-0.573774
-0.841069
0.550946
-0.657814
-0.771302
0.552633
-0.742577
-0.844280
0.014797
-0.809539
-0.515991
0.494928
-0.859864
-0.438167
-0.261461
-0.909205
-0.604676
-0.311410
-0.960393
-0.510778
0.244392
-1.022335
-0.628785
0.810589
-1.103889
-0.889668
0.907615
-1.185537
-0.723341
1.225757
-1.250151
-0.460411
2.206856
-1.306408
-0.444921
2.052257
-0.360986
2.007202
-0.913390
-0.160064
1.882100
-1.081579
0.008499
1.363470
-0.956271
0.145190
1.354959
-1.576591
0.297379
1.315320
-1.417318
0.438373
1.282999
-1.253011
0.574306
1.211820
-1.167368
0.704869
1.104224
-1.379872
0.807730
0.845057
-1.253751
0.870683
0.474319
-1.235275
0.919365
0.463146
-0.744115
0.977706
0.446336
-0.914991
1.038934
0.469046
-1.265324
1.088819
0.318198
-1.435223
1.109915
-0.085478
-1.348286
1.102605
-0.304113
-1.287697
1.088202
-0.233761
-1.018784
1.065468
-0.179531
-1.157138
1.045543
-0.079853
-0.947024
1.040995
-0.254917
-0.756488
1.000289
-0.473874
-0.708467
0.947369
-0.496412
-0.360309
0.869850
-0.948574
-1.409850
0.777267
-1.077947
-0.864604
0.671112
-1.061122
-1.702935
0.569981
-1.140859
-1.781933
0.466492
-1.110202
-1.486349
0.357118
-1.217483
-1.337476
0.227920
-1.397316
-0.521057
0.097826
-1.229797
-0.311715
-0.024592
-1.223875
-0.250568
-0.141849
-1.032995
0.986447
-0.256361
-0.980229
1.152289
-0.363745
-1.235755
0.991938
-0.470169
-0.859756
1.229314
-0.556377
-0.826705
0.883525
-0.641676
-0.804021
0.878697
-0.700509
-0.457926
1.808559
-0.739789
-0.202613
1.687552
-0.765546
-0.010765
1.486006
-0.781051
-0.083050
0.939630
-0.796203
-0.083033
1.029604
-0.829351
-0.384032
0.310749
-0.873391
-0.436708
0.230119
-0.924391
-0.551211
0.614839
-0.984246
-0.618697
0.834328
-1.055660
-0.664955
1.031775
-1.121537
-0.493395
1.418863
-1.170473
-0.329044
1.858737
-1.206587
-0.060200
2.171309
-0.103180
1.457338
-0.292075
0.043502
1.379866
-0.020341
0.204347
1.638527
-0.303025
0.359060
1.556013
-0.479188
0.509805
1.348331
-0.200229
0.632499
1.122815
-0.928960
0.741182
0.870610
-1.198880
0.824568
0.764340
-1.111304
0.895590
0.482667
-0.945920
0.944231
0.458537
0.324709
0.983155
0.465009
-0.594305
1.015405
0.235329
-0.292552
1.035257
0.175901
-0.716115
1.043474
-0.175438
-0.477370
1.032081
-0.080796
-0.811979
1.033669
0.063467
-1.492138
1.051295
0.027797
-1.717937
1.050946
-0.282509
-1.578936
1.015188
-0.546841
-1.518591
0.962253
-0.627982
-1.098926
0.907661
-0.579914
-0.557493
0.843568
-0.661146
-1.185792
0.776099
-0.599527
-0.991208
0.706788
-0.797823
-1.242199
0.637206
-0.688373
-1.249895
0.574430
-0.761765
-0.905206
0.504650
-0.668170
-0.418536
0.435268
-0.786577
0.333154
0.345894
-0.902172
0.468825
0.249761
-1.015880
-0.624048
0.148831
-0.924951
-0.612741
0.058421
-0.849338
-0.661095
-0.041235
-1.045812
-0.864652
-0.138528
-0.982281
-0.300254
-0.242984
-1.147303
-0.304990
-0.367467
-1.247490
-0.004298
-0.482063
-1.081736
-0.324185
-0.568428
-0.740595
0.023198
-0.648541
-0.788716
0.037438
-0.741362
-0.954036
0.381771
-0.840283
-0.830596
0.191115
-0.908597
-0.597355
-0.898114
-0.956313
-0.499476
-0.521793
-0.997447
-0.351474
-0.467425
-1.011927
-0.206691
-1.108929
-1.027218
-0.183172
-1.475105
-1.051631
-0.401681
-1.391319
-1.106198
-0.742687
-0.890966
-1.190001
-0.970538
-0.574461
-1.283850
-0.919001
-0.588454
-0.320561
1.810923
-0.525710
-0.139276
1.796884
-1.058518
0.032654
1.461547
-1.518157
0.179923
1.466103
-0.988051
0.342920
1.567554
-0.835735
0.486757
1.331980
-1.011745
0.610169
1.055504
-1.469824
0.719297
0.819528
-1.291080
0.795880
0.514157
-0.968228
0.852148
0.427387
-1.480151
0.904629
0.574281
-0.560984
0.963476
0.625377
-0.878646
1.024592
0.458243
-0.860913
1.057465
0.099724
-0.785935
1.071338
0.087620
-1.261494
1.078336
-0.099056
-1.034658
1.068363
-0.222510
-1.255237
1.044343
-0.325643
-1.175649
1.017052
-0.251397
-1.391785
0.981077
-0.490999
-1.714676
0.946584
-0.351853
-1.725897
0.898145
-0.729619
-1.408574
0.829655
-0.976142
-1.366275
0.738485
-0.972703
-1.057939
0.634354
-1.142034
-1.014942
0.533790
-0.972984
-0.704063
0.422273
-1.122458
-0.268682
0.305209
-1.175259
-0.539645
0.196554
-0.851796
-0.422768
0.106020
-0.860484
0.153771
0.007182
-1.030622
0.304912
-0.093379
-0.988959
0.111979
-0.199237
-1.056219
0.080116
-0.291821
-0.908135
0.047222
-0.372302
-0.773267
0.119003
-0.440965
-0.676942
-0.368385
-0.498441
-0.609670
0.136509
-0.550189
-0.491052
-0.111048
-0.612542
-0.651191
-0.299638
-0.672697
-0.527878
0.029200
-0.726906
-0.418540
-0.798298
-0.783347
-0.751943
-0.477673
-0.864022
-0.921554
-0.052817
-0.941523
-0.510462
0.110216
-0.986944
-0.170265
0.892883
-1.005739
-0.079162
0.982992
-1.020568
-0.022247
1.489542
-1.025952
-0.016804
1.793682
-1.047069
-0.164026
2.490348
-1.060308
0.016750
2.537810
-0.019951
1.532050
-2.358538
0.136494
1.323856
-1.848338
0.272749
1.131701
-1.991667
0.390288
0.997048
-1.843388
0.499441
1.132413
-1.326854
0.610834
1.048524
-1.141036
0.712758
0.853343
-0.858474
0.790816
0.606816
-1.093625
0.843517
0.274304
-1.300369
0.886097
0.420132
-1.650187
0.924037
0.121708
-0.966149
0.934277
0.018927
-0.466104
0.940847
0.035140
-0.562170
0.941752
-0.089475
-0.443258
0.934123
0.028828
-0.777887
0.946667
0.032037
-0.727543
0.961736
0.036101
-0.392950
0.953526
-0.095671
-0.666470
0.952196
-0.115145
-1.076735
0.943220
-0.261705
-1.148893
0.926759
-0.152187
-1.567271
0.917391
-0.339788
-1.420793
0.860735
-0.764226
-1.359336
0.790564
-0.756470
-0.505876
0.710683
-0.871049
-0.808812
0.615571
-1.110336
-0.089123
0.508527
-1.069186
-0.126654
0.396835
-1.113435
-0.322260
0.283994
-1.179845
0.095420
0.160420
-1.109429
0.321841
0.045316
-1.102702
0.101237
-0.060228
-1.134864
-0.240220
-0.169003
-0.944948
-0.152773
-0.253987
-0.639693
0.238642
-0.318913
-0.530659
0.124388
-0.389691
-0.746819
0.284218
-0.462276
-0.712065
-0.670133
-0.524518
-0.640658
-0.583418
-0.574444
-0.482958
-0.530991
-0.617930
-0.496275
-0.581385
-0.659436
-0.414973
-1.129863
-0.704959
-0.606250
-0.694907
-0.765472
-0.763217
-0.916325
-0.842554
-0.754822
-0.252186
-0.918109
-0.768727
0.283598
-0.993549
-0.720089
0.164285
-1.074843
-0.878770
0.250187
-1.158216
-0.666840
0.296500
-1.245768
-0.851227
0.465882
-1.331297
-0.798784
0.777280
-0.218325
1.323044
-0.855466
-0.071297
1.456618
-1.145726
0.082654
1.495340
-1.961304
0.228193
1.154716
-2.217206
0.333627
0.866608
-2.329835
0.431079
0.779602
-2.227043
0.514412
0.547592
-2.423571
0.600072
0.788786
-2.149632
0.682249
0.688495
-1.118450
0.746893
0.420403
-0.881611
0.786080
0.379019
-0.727323
0.813779
0.261443
-0.849660
0.851105
0.337626
-0.706695
0.875988
0.209331
-0.352704
0.893202
0.060748
-0.434759
0.899605
-0.000100
-0.983942
0.909305
-0.081248
-0.929985
0.913499
-0.050198
-1.511661
0.920349
-0.096767
-1.526130
0.918051
-0.167589
-1.365763
0.889996
-0.643576
-1.216146
0.828611
-0.671435
-1.504773
0.770700
-0.695015
-0.967084
0.698979
-0.669333
-1.075619
0.644755
-0.507064
-0.415103
0.578974
-0.870018
-0.086397
0.488017
-0.756716
0.615482
0.392810
-0.892509
0.621835
0.308801
-0.794047
-0.025972
0.223625
-0.887264
-0.490170
0.130964
-0.987950
-0.076430
0.031230
-1.042456
-0.206530
-0.065770
-0.971535
-0.235961
-0.163610
-0.861941
0.071080
-0.245467
-0.793340
0.420437
-0.333017
-0.703034
0.419942
-0.391234
-0.500187
0.181091
-0.459364
-0.863733
0.302982
-0.533483
-0.708722
0.186633
-0.594926
-0.371922
0.061083
-0.631538
-0.388782
0.055086
-0.671673
-0.313800
0.257257
-0.722211
-0.710506
0.479279
-0.803439
-0.780477
0.636608
-0.873098
-0.462003
1.075499
-0.931581
-0.473258
0.286997
-0.974104
-0.409726
-0.224821
-1.009480
-0.374976
-0.302228
-1.049145
-0.490608
0.193478
-1.093205
-0.322159
0.297422
-0.383147
2.126498
-0.712369
-0.162281
1.983771
-0.565156
0.040231
1.768668
-1.770015
0.220179
1.591788
-2.069528
0.371370
1.250934
-2.189927
0.504866
1.105399
-2.887318
0.630556
0.956022
-2.843757
0.716363
0.746491
-2.294656
0.798497
0.520058
-1.750902
0.871605
0.480831
-2.226932
0.923461
0.279370
-1.185531
0.957228
0.199430
-0.575943
0.985037
0.201195
-0.511727
1.007331
0.015428
-0.682072
0.998619
-0.248258
-0.229224
0.981532
-0.262839
-0.350020
0.956786
-0.347915
-0.296912
0.910879
-0.511743
-0.490272
0.872558
-0.398936
-0.902577
0.829654
-0.599678
-0.723702
0.764237
-0.570204
0.621284
0.700580
-0.640076
-0.003379
0.635212
-0.715782
-0.209477
0.570214
-0.489701
-0.156258
0.516422
-0.453498
0.011903
0.461228
-0.701476
0.368172
0.386806
-0.655333
0.659222
0.309340
-0.943770
1.108808
0.208388
-0.968789
1.162207
0.108720
-0.720089
1.233592
0.035355
-0.627301
0.948112
-0.032638
-0.680414
1.305195
-0.109827
-0.646634
0.860504
-0.179725
-0.680609
0.247572
-0.252948
-0.795577
0.942508
-0.345441
-0.997773
1.084328
-0.429133
-0.686977
0.075059
-0.496334
-0.678377
-0.124553
-0.561249
-0.580954
0.457627
-0.617348
-0.561895
0.073394
-0.662949
-0.447426
0.174483
-0.722043
-0.757155
0.316520
-0.802812
-0.795054
0.344534
-0.866838
-0.447222
1.035903
-0.931620
-0.492958
1.289012
-0.989596
-0.498046
0.975954
-1.050816
-0.599235
1.495438
-1.118905
-0.476753
1.663620
-1.149656
0.042168
1.341997
-1.151724
-0.083413
0.389382
-0.311433
1.762419
-1.802306
-0.130445
1.550537
-1.829745
0.023374
1.408726
-1.974656
0.173872
1.523528
-1.070803
0.324715
1.340200
-1.376881
0.454684
1.135767
-1.456897
0.549466
0.753655
-1.038884
0.626021
0.741501
-0.385732
0.696288
0.496574
-0.401009
0.741357
0.251433
-0.220961
0.750877
-0.071534
-0.684211
0.747188
-0.028744
0.295139
0.748341
0.156404
0.389212
0.760635
0.150115
0.286945
0.766355
-0.011597
-0.020233
0.758309
-0.110029
-0.599991
0.755517
0.007270
-0.814103
0.766954
0.034189
-1.008753
0.770923
0.165679
-0.621929
0.797821
0.138748
-1.276867
0.812256
-0.130086
-0.421505
0.790479
-0.350019
-0.428489
0.749744
-0.390325
0.172017
0.699870
-0.499035
-0.137446
0.637043
-0.670946
-0.476608
0.550922
-1.038640
-0.354307
0.450567
-0.927239
-0.465388
0.357780
-0.974227
-0.726633
0.267171
-0.829615
-0.322722
0.177966
-0.913951
-0.400204
0.076166
-1.132440
-0.529415
-0.034955
-1.158408
-0.158331
-0.139323
-0.925024
0.904087
-0.229268
-0.783131
1.305600
-0.299615
-0.618565
1.250505
-0.366952
-0.664484
0.353747
-0.443304
-0.794448
0.810882
-0.534746
-0.747629
1.230655
-0.608392
-0.568219
1.401275
-0.668949
-0.447722
1.236130
-0.726235
-0.452175
1.603717
-0.770342
-0.303231
1.663057
-0.819641
-0.555213
1.347873
-0.875920
-0.556746
1.198030
-0.952705
-0.797272
0.962603
-1.039552
-0.793827
1.278471
-1.128909
-0.823665
1.640787
-1.202130
-0.563237
2.290911
-1.265130
-0.466063
1.970084
-1.311594
-0.156752
1.839887
0.130469
0.948104
-1.699651
0.225764
0.761472
-1.456560
0.325682
0.857144
-2.388806
0.427277
0.856900
-2.112224
0.527513
0.826320
-1.226828
0.618980
0.859294
-0.728153
0.694427
0.594780
-0.902803
0.743754
0.287710
-1.623990
0.766943
0.175832
-0.934434
0.795891
0.248171
-0.517004
0.835590
0.252009
-0.743885
0.863897
0.167560
-1.230948
0.875338
-0.128793
-0.898324
0.854988
-0.432983
-0.153502
0.827071
-0.181819
-0.287662
0.819083
0.033619
-0.210935
0.831235
0.191793
-0.897635
0.849237
0.165632
-0.813052
0.876113
0.295497
-1.322303
0.889502
-0.127968
-1.291461
0.862172
-0.526062
-1.198328
0.818539
-0.545231
-1.012502
0.758885
-0.801159
-1.556663
0.687437
-0.792401
-0.888796
0.613989
-0.707559
-1.108756
0.547728
-0.768577
-0.427220
0.460490
-0.837175
-0.746239
0.365129
-0.991571
-1.042598
0.262379
-1.147335
-0.492902
0.137687
-1.223817
0.575826
0.012120
-0.958646
-0.027605
-0.085870
-1.085739
1.240822
-0.191609
-0.964332
1.234523
-0.299279
-0.932788
1.225800
-0.389233
-0.643152
1.396782
-0.458415
-0.444953
1.302836
-0.514255
-0.509575
1.269028
-0.578560
-0.536618
1.118716
-0.635348
-0.372368
1.596951
-0.702038
-0.685188
0.816172
-0.767526
-0.456903
0.859584
-0.812146
-0.293489
0.697246
-0.834762
-0.188990
0.220434
-0.849800
-0.276428
-0.251839
-0.876921
-0.316251
-0.605911
-0.896696
-0.120823
-0.337163
-0.925593
-0.439096
-0.519472
-0.974439
-0.457863
-0.533513
-1.024626
-0.494644
-0.197156
-1.070819
-0.502782
-0.197807
-0.208265
1.350241
-2.452727
-0.069165
1.253304
-1.817869
0.053384
1.039623
-1.276347
0.184623
1.268784
-1.901987
0.329033
1.409642
-1.532042
0.478813
1.320146
-1.709484
0.605445
1.079685
-1.533531
0.724505
1.131793
-1.915188
0.833734
0.884298
-1.218145
0.921285
0.730977
-0.940966
0.999884
0.610886
-0.887022
1.047943
0.255646
-0.817423
1.069040
0.044262
-1.407083
1.081277
0.076357
-1.108795
1.079395
-0.041039
-1.145079
1.080433
-0.097256
-1.190799
1.052944
-0.393070
-0.841148
1.006422
-0.640818
-0.607536
0.948074
-0.576619
-0.485821
0.888489
-0.654430
-1.558926
0.834425
-0.613182
-1.268321
0.777154
-0.770301
-1.378499
0.709529
-0.799717
-1.385187
0.638272
-0.714956
-1.235107
0.564429
-0.872940
-0.864304
0.468784
-1.057111
-0.412153
0.366973
-0.892214
-0.066205
0.272998
-0.893527
-0.370964
0.187302
-0.901674
-0.619104
0.094288
-0.926613
-0.190569
0.004738
-0.762156
-0.534450
-0.059904
-0.628443
-0.796103
-0.130598
-0.832175
-0.627659
-0.217607
-0.971815
-0.028092
-0.309071
-0.777102
0.022563
-0.391268
-0.885601
-0.709899
-0.481778
-0.905298
0.346667
-0.557943
-0.583718
0.537356
-0.617932
-0.612165
0.004445
-0.675467
-0.585897
-0.326561
-0.728330
-0.476276
0.096350
-0.769570
-0.286624
-0.221571
-0.787060
-0.256837
-0.479509
-0.827762
-0.472094
0.291892
-0.877661
-0.497259
0.294898
-0.928756
-0.600272
-0.331349
-0.995218
-0.734473
-0.294977
-1.073287
-0.862993
-0.078524
-1.155221
-0.848160
-0.429926
-1.252221
-0.983281
-0.055236
-0.176622
1.434246
-0.481805
-0.022061
1.313793
-0.378633
0.107293
1.229823
0.069627
0.230457
1.148428
-0.293422
0.353246
1.107962
-0.695317
0.459220
0.910737
-1.026029
0.549687
0.776195
-0.905003
0.626009
0.572513
-1.228361
0.684127
0.545131
-0.799215
0.738927
0.479970
-0.500448
0.793551
0.270474
-0.087642
0.826899
0.462565
-0.043719
0.865339
0.330062
-0.949876
0.884062
0.078720
-1.654826
0.900896
0.056955
-1.278676
0.919147
0.216160
-1.047083
0.945506
0.242051
-1.101292
0.958344
-0.143852
-1.625425
0.956764
0.054482
-2.005137
0.973586
0.091759
-1.123845
0.977775
-0.023401
-1.041782
0.956354
-0.503173
-1.571512
0.889134
-0.929617
-1.301834
0.788119
-0.876560
-1.326414
0.687805
-1.072186
-0.745241
0.582410
-1.049486
-0.228777
0.471288
-1.134052
0.678494
0.366195
-1.046073
0.764445
0.258035
-0.986300
0.852588
0.163149
-0.795599
0.710371
0.084954
-0.793973
0.109265
-0.020042
-1.073189
0.371889
-0.133033
-1.029232
0.345655
-0.218859
-0.549584
0.882403
-0.300944
-0.906820
0.968033
-0.405434
-0.955670
0.504073
-0.523459
-1.147748
0.288063
-0.632315
-0.868958
0.700805
-0.700325
-0.474421
0.741956
-0.748911
-0.445660
0.087683
-0.802249
-0.588547
0.237359
-0.856714
-0.442590
0.159371
-0.903266
-0.403190
-0.321625
-0.955865
-0.548235
-0.644121
-0.997315
-0.371881
-0.704944
-1.039847
-0.473632
0.041491
-1.076924
-0.295652
0.037154
-1.113716
-0.174718
0.115014
-1.139948
-0.078759
0.603760
-1.153781
-0.053336
-0.032751
-0.130966
1.087703
-0.784910
-0.022305
0.937451
-0.958977
0.079925
0.925121
-0.479472
0.174773
1.031316
0.198873
0.272234
1.038350
-0.546972
0.399167
1.209214
-0.804051
0.517354
1.004280
-1.551626
0.630399
0.960482
-1.632225
0.734722
1.021403
-1.467217
0.831085
0.633633
-2.080137
0.898993
0.408455
-1.290555
0.943050
0.438509
-0.985990
0.991724
0.405612
-0.532012
1.029038
0.239487
-0.415119
1.058101
0.402054
-1.046688
1.108228
0.462503
-1.075631
1.145972
0.287692
-0.995734
1.172183
0.148143
-1.061567
1.178170
-0.158374
-1.659406
1.147075
-0.591649
-1.661239
1.084689
-0.814491
-1.352310
1.008448
-0.793415
-1.317192
0.912790
-1.178685
-0.683181
0.785193
-1.114320
-0.235961
0.666257
-1.203655
0.250469
0.543427
-1.214612
0.117903
0.449886
-0.745480
-0.069717
0.369427
-0.776371
-0.005655
0.297575
-0.713063
-0.004664
0.210616
-0.881997
0.138626
0.106307
-1.058585
0.332148
0.000872
-1.020388
0.416038
-0.106553
-0.922434
0.722688
-0.210641
-0.965747
0.736258
-0.319340
-1.164416
1.237185
-0.431909
-0.859600
1.345202
-0.512633
-0.602593
0.959688
-0.588755
-0.668685
0.852541
-0.664224
-0.796662
0.780447
-0.750382
-0.823023
0.851043
-0.818412
-0.505157
0.952302
-0.861136
-0.289184
1.011874
-0.885455
-0.109524
0.403961
-0.912873
-0.315002
-0.257329
-0.932315
-0.191719
-0.964217
-0.943494
-0.304397
-1.670143
-0.968491
-0.298617
-1.433991
-1.004719
-0.487953
-0.707761
-1.055921
-0.552575
-1.790051
-1.110771
-0.702524
-1.327749
-0.034320
0.879626
0.350480
0.047637
0.676794
0.141377
0.132141
0.929253
0.556697
0.228351
1.028571
0.306900
0.335734
1.127723
-0.144579
0.462862
1.235023
-0.150753
0.587897
1.210715
0.451920
0.698225
0.995077
0.192924
0.773911
0.442661
-0.037417
0.823890
0.514281
-0.287039
0.882191
0.619081
-0.682249
0.948996
0.535445
-0.865852
0.995610
0.302639
-1.178148
1.028359
0.154980
-1.046317
1.050148
0.262784
-0.101683
1.075941
0.370983
0.326041
1.091172
0.133022
-0.414714
1.106534
0.014885
-0.399447
1.098980
-0.203432
0.026388
1.060333
-0.436085
0.132216
1.003915
-0.761437
-0.191756
0.923030
-0.818973
-0.463626
0.834302
-0.858800
-0.747373
0.749528
-0.967925
-0.023777
0.654907
-0.933741
0.152494
0.568610
-0.872586
-0.974661
0.502576
-0.725885
-0.961532
0.426213
-0.903330
-1.204645
0.332031
-1.044645
-1.152813
0.230942
-0.998717
-0.489431
0.135629
-1.002080
-0.021361
0.019647
-1.114608
0.574820
-0.114623
-1.322026
0.850829
-0.230159
-0.938991
0.329691
-0.331424
-0.938714
-0.015719
-0.418668
-0.775055
0.000908
-0.481256
-0.534119
0.428105
-0.535087
-0.405735
0.182560
-0.575075
-0.408013
-0.872487
-0.631848
-0.677148
-0.726998
-0.688445
-0.670097
-0.928162
-0.749781
-0.646102
-0.625453
-0.809032
-0.608189
-1.173649
-0.853579
-0.500251
-0.936343
-0.900091
-0.405394
-0.279063
-0.952899
-0.649836
-0.072364
-1.021299
-0.696880
-0.360482
-1.096500
-0.724716
-0.147819
-1.182776
-0.957643
-0.274005
-1.279891
-0.935524
-0.131245
-0.139786
1.143172
0.651144
-0.037830
1.172570
1.151812
0.072786
1.135595
0.233251
0.190261
1.248070
-0.031736
0.312093
1.106159
-0.243781
0.427221
1.100813
-0.539781
0.540248
1.112457
0.026589
0.653631
1.135931
0.619000
0.768674
1.163250
-0.176803
0.873989
0.875541
-0.503447
0.956500
0.604607
-1.210871
1.022359
0.600050
-1.072812
1.071583
0.381597
-0.755142
1.091343
-0.017573
-0.281270
1.109138
0.210929
-0.088353
1.126236
0.269767
0.447901
1.145358
0.222748
0.053615
1.157336
-0.115243
0.082638
1.150417
-0.031778
-0.410752
1.141512
-0.274672
-0.623221
1.103787
-0.411161
-0.811162
1.055960
-0.682195
-0.958287
0.974202
-0.990364
-0.562530
0.863606
-1.277809
-0.193371
0.727842
-1.301585
-0.032299
0.604601
-1.036941
0.480496
0.495091
-1.106604
0.408505
0.371314
-1.251835
1.511637
0.252985
-0.916886
1.439986
0.153710
-0.973912
0.892368
0.059232
-0.975456
0.302548
-0.047508
-1.084465
-0.307485
-0.154776
-0.967444
0.155226
-0.248456
-0.804796
0.520307
-0.347889
-0.970983
0.825646
-0.442592
-0.940147
1.059219
-0.536248
-0.886379
0.516772
-0.623554
-0.787611
0.347251
-0.691472
-0.575259
0.524900
-0.756413
-0.570496
-0.078441
-0.818223
-0.633166
-0.002486
-0.877932
-0.489716
-0.023286
-0.926094
-0.456774
0.034984
-0.975024
-0.398026
0.683745
-1.008849
-0.282558
0.932675
-1.037219
0.000796
1.126374
-1.031449
0.173944
0.977047
-1.022679
0.036902
0.837826
-1.006182
0.265337
1.331100
-0.978283
0.518435
1.608421
0.065195
1.085720
0.196694
0.173198
0.957539
0.371160
0.279550
1.125579
-0.444262
0.377601
0.961601
0.134991
0.470470
0.966794
-0.025138
0.561156
0.797444
-0.583899
0.643278
0.657527
-0.022306
0.699966
0.505160
-0.669815
0.750387
0.376838
-1.150169
0.804056
0.318338
-1.493938
0.852203
0.499583
-1.281368
0.918467
0.438626
-1.643704
0.972987
0.261707
-1.380915
0.997874
0.184428
-1.462492
1.008774
-0.204561
-1.482777
0.993962
-0.124249
-1.817558
0.991867
-0.171748
-1.998552
0.972744
-0.266188
-1.266172
0.941776
-0.368072
-1.023662
0.918704
-0.193330
-1.369706
0.896196
-0.368445
-1.369217
0.860111
-0.366915
-1.317651
0.828750
-0.387959
-1.459923
0.777803
-0.747050
-1.930331
0.709078
-0.731319
-1.389140
0.626577
-0.988018
-0.973628
0.522298
-1.147437
-0.726078
0.411975
-0.931351
-0.907576
0.307074
-1.078170
-1.273231
0.210277
-1.117051
-1.127776
0.094558
-1.173121
-1.017433
-0.021714
-1.265181
-0.384524
-0.157211
-1.331761
-0.450887
-0.274271
-1.003447
-0.221303
-0.388164
-1.090959
0.507980
-0.497155
-0.946449
0.628312
-0.604141
-0.852599
0.252476
-0.696366
-0.989251
-0.248582
-0.790882
-0.816846
-0.100373
-0.860647
-0.628284
-0.359272
-0.900168
-0.201063
-0.035716
-0.930306
-0.347308
0.205551
-0.979133
-0.510630
0.206576
-1.024406
-0.220952
0.285841
-1.047840
-0.296489
-0.287634
-1.078712
-0.214535
-0.217153
-1.097789
-0.323051
0.127147
-1.136498
-0.430437
0.211782
-1.160668
-0.169825
0.509000
-1.196491
-0.514552
0.677618
0.007071
0.987235
-0.776845
0.114417
1.040591
-0.446260
0.225805
1.121286
-0.404872
0.335637
1.061971
-0.506933
0.424735
0.735592
-0.075783
0.507439
0.816786
-0.035963
0.600938
0.983197
-0.411539
0.697220
0.898736
-0.520793
0.781046
0.658356
-0.713862
0.852882
0.568601
-0.410454
0.895894
0.343340
-0.126810
0.921349
0.173645
-0.144011
0.951715
0.414199
-0.785333
0.976688
-0.074389
-0.929434
0.981318
-0.106983
-1.001735
0.966278
-0.058598
-1.023219
0.946444
-0.461381
-0.604860
0.908674
-0.462148
-0.542365
0.871529
-0.363341
-0.452980
0.839055
-0.399285
0.341004
0.801595
-0.348784
0.142798
0.766751
-0.297720
0.522966
0.728238
-0.355328
0.279772
0.687721
-0.282749
0.345989
0.646153
-0.444422
0.525329
0.592839
-0.464435
0.545746
0.530225
-0.569433
0.369224
0.469941
-0.688843
0.365100
0.395893
-0.903247
0.462425
0.314585
-0.739159
0.528102
0.227429
-1.113964
0.239800
0.113105
-1.202138
0.899675
-0.015894
-1.255962
1.556986
-0.148298
-1.207601
1.544755
-0.286348
-1.339266
0.892777
-0.432277
-1.398998
0.455887
-0.573710
-1.149975
1.163573
-0.692428
-0.971275
1.049477
-0.785031
-0.744683
1.233707
-0.845239
-0.404351
0.977502
-0.888061
-0.418878
0.406850
-0.923544
-0.232688
0.244714
-0.962297
-0.430221
0.091482
-0.998277
-0.329747
-0.651731
-1.030765
-0.386400
-0.059914
-1.067129
-0.437013
-0.178250
-1.103451
-0.315816
-0.390469
-1.135848
-0.341993
-0.723733
-1.166103
-0.255017
-1.325234
-1.196073
-0.397951
-0.962092
-0.113208
0.775284
-0.187374
-0.019613
0.949093
-0.285297
0.079097
1.104155
-0.758026
0.200876
1.157407
-0.994855
0.324755
1.069696
-1.056166
0.446193
1.143236
-1.114591
0.561019
0.995324
-1.069863
0.654384
0.732492
-1.670546
0.731010
0.419530
-1.426175
0.774742
0.383730
-0.964711
0.815144
0.246468
-0.700046
0.838954
0.228515
-1.464421
0.866350
0.206271
-1.252127
0.885713
0.019468
-0.997039
0.889906
-0.059647
-0.967087
0.879586
-0.186425
-0.627434
0.853176
-0.356420
-0.309619
0.812748
-0.451944
-1.062013
0.768500
-0.446884
-1.169937
0.728024
-0.351961
-0.631498
0.708030
-0.164992
-0.533510
0.691879
-0.209035
-0.558864
0.675495
-0.255550
-0.722437
0.643955
-0.351609
-1.255337
0.598073
-0.526744
-1.673127
0.541130
-0.722121
-1.268674
0.471077
-0.771529
-0.242697
0.391619
-0.901311
-0.735798
0.296992
-0.890307
-1.071939
0.213476
-0.943968
-1.036523
0.121405
-1.106011
-2.024292
0.028568
-0.942263
-1.096649
-0.077971
-1.274501
-1.050021
-0.205483
-1.224263
-1.165956
-0.323708
-1.195498
-0.626476
-0.437398
-1.107482
-0.600913
-0.540783
-1.025620
-0.589261
-0.647453
-1.159945
0.491870
-0.748808
-0.869258
1.096290
-0.831414
-0.738808
1.540202
-0.896581
-0.504702
1.342246
-0.944417
-0.299537
1.597781
-0.976410
-0.248003
1.085352
-1.002599
-0.123130
0.555795
-1.018861
-0.066006
1.023181
-1.029934
-0.154278
0.471207
-1.056659
-0.339432
0.765150
-1.104502
-0.546164
0.872234
-1.159302
-0.427347
1.183517
-1.198360
-0.206257
1.000729
0.061674
0.822507
-0.359978
0.149984
0.762613
0.147769
0.225694
0.697193
0.765897
0.293514
0.667747
0.415848
0.369640
0.873126
0.388206
0.465778
0.912320
0.468959
0.552018
0.956189
0.095583
0.662960
1.060242
0.040939
0.764551
0.913290
0.283416
0.838136
0.660640
0.121325
0.897893
0.617839
0.365654
0.943588
0.408452
0.794748
0.975529
0.257254
0.677419
1.003324
0.338665
-0.081533
1.031323
0.265034
-0.074137
1.043410
-0.031214
-0.451501
1.031506
-0.214857
-0.530157
1.016622
-0.083187
-0.999724
1.018870
-0.074320
-0.639661
1.004923
-0.329257
-0.774652
0.964531
-0.515681
-0.435359
0.903235
-0.670109
-0.068449
0.837673
-0.555699
-0.543970
0.768639
-0.861330
-0.949850
0.698407
-0.709817
-0.875340
0.625476
-0.837957
0.070585
0.526583
-1.013671
-0.654033
0.413805
-1.192330
-0.426827
0.278641
-1.435000
-0.765655
0.143916
-1.360158
-1.074574
0.031417
-1.249448
-0.464301
-0.073266
-0.839446
0.463231
-0.149229
-0.728719
0.808044
-0.232983
-0.739035
0.698447
-0.305905
-0.696081
0.376820
-0.378839
-0.643218
0.416266
-0.448500
-0.749578
0.348188
-0.518755
-0.650145
0.694483
-0.569408
-0.350026
0.143107
-0.620479
-0.558242
0.374783
-0.682661
-0.549872
0.501836
-0.743161
-0.513649
0.923591
-0.792554
-0.287549
1.145625
-0.818145
-0.234237
0.468465
-0.853660
-0.395551
0.545057
-0.893827
-0.474290
0.001323
-0.952104
-0.501245
-0.228423
-0.984503
-0.281917
-0.004629
-1.003848
-0.124840
0.760057
-1.022914
-0.244883
0.186167
-0.344951
1.472713
0.408269
-0.201732
1.490531
-0.123713
-0.045967
1.329198
0.191433
0.086612
1.312832
-0.129773
0.230755
1.536359
0.136407
0.386749
1.669190
-0.186637
0.561706
1.640164
-0.807026
0.699729
1.112576
-0.923834
0.799447
0.764751
-1.594422
0.888772
0.661072
-1.753752
0.971047
0.665745
-2.258828
1.043401
0.328122
-1.923151
1.078631
0.124739
-1.447434
1.090859
-0.147809
-1.635844
1.081240
-0.232530
-1.288146
1.063110
-0.171180
-1.268894
1.046937
-0.328926
-0.832381
1.004121
-0.614426
-0.399635
0.964043
-0.395007
-0.714263
0.930239
-0.410837
-0.987322
0.872037
-0.703047
-1.573059
0.802694
-0.716704
-1.052228
0.734933
-0.847593
-1.132759
0.667498
-0.747929
-1.160864
0.584186
-0.984966
-0.662549
0.481709
-1.102719
-0.627640
0.368866
-1.030961
-0.861922
0.270362
-0.886157
-1.275499
0.197615
-0.725377
-0.979324
0.136854
-0.596440
-0.407935
0.068937
-0.849076
-0.562917
-0.020847
-0.961974
-0.528947
-0.126531
-1.082758
-1.010985
-0.217010
-0.973246
-0.618097
-0.316342
-0.999183
-0.688586
-0.408063
-0.905920
-0.752661
-0.501776
-0.964021
-0.395433
-0.591131
-0.851544
-0.441572
-0.678420
-0.832200
-0.419845
-0.756890
-0.806785
-0.412068
-0.833975
-0.677214
-0.996955
-0.900605
-0.754790
-0.263821
-0.966146
-0.461890
0.689809
-1.006502
-0.337189
0.636028
-1.019754
0.069871
0.774322
-1.007690
0.241044
0.861156
-0.991462
0.189656
0.074401
-0.974332
0.054984
-0.192049
-0.948076
0.320898
0.013498
-0.910487
0.283279
0.351051
-0.248405
1.683926
-0.391769
-0.078082
1.642917
-0.653127
0.079037
1.422851
-0.404206
0.226668
1.455337
-1.081098
0.371693
1.272017
-1.055393
0.485596
0.855242
-0.905978
0.576261
0.816448
-0.547578
0.653935
0.721504
-0.443927
0.731831
0.555965
-0.732388
0.780348
0.291771
-0.559871
0.818939
0.339607
-1.152338
0.861858
0.204815
-1.283257
0.899331
0.159282
-0.817142
0.926607
0.262649
-0.881899
0.951988
0.172913
-0.439039
0.960642
-0.126534
-0.877449
0.939023
-0.443650
-0.802779
0.902758
-0.319113
-1.011131
0.875994
-0.337668
-0.607358
0.856341
-0.137566
-0.525335
0.844875
-0.194765
-0.503647
0.823217
-0.262620
-1.276072
0.806008
-0.279903
-0.774614
0.756976
-0.572206
-1.213281
0.688020
-0.946612
-0.661409
0.592794
-1.000775
-0.619197
0.493825
-1.101565
0.262364
0.388741
-1.032677
0.133347
0.291263
-0.799430
0.413260
0.201277
-0.895337
-0.676113
0.118583
-0.986997
-0.614429
0.005657
-1.235686
-0.605613
-0.109411
-1.104771
-0.440019
-0.215298
-0.993080
0.173551
-0.307198
-0.818586
1.129306
-0.384824
-0.585280
0.500359
-0.453901
-0.604563
0.934746
-0.529996
-0.742277
1.103694
-0.597977
-0.564499
1.462724
-0.662356
-0.396629
1.486964
-0.720666
-0.497944
0.984283
-0.761840
-0.354021
1.302156
-0.801128
-0.327407
1.470750
-0.844766
-0.478257
0.642743
-0.897736
-0.412969
0.728131
-0.945607
-0.325083
0.836796
-0.997188
-0.523067
-0.147936
-1.048178
-0.634221
-1.300824
-1.130925
-1.167415
-0.792049
-1.247286
-1.110323
-1.214277
